DATE,TIME,USD,USDT
2026-04-10,13:45:00,1480.04,1487
2026-04-10,13:48:00,1480.78,1487
2026-04-10,13:51:00,1480.54,1487
2026-04-10,13:54:00,1480.98,1487
2026-04-10,13:57:00,1480.49,1486
2026-04-10,14:00:00,1480.38,1487
2026-04-10,14:03:00,1480.58,1486
2026-04-10,14:06:00,1480.13,1486
2026-04-10,14:09:00,1480.88,1486
2026-04-10,14:12:00,1480.78,1486
2026-04-10,14:15:00,1480.64,1486
2026-04-10,14:18:00,1481.07,1487
2026-04-10,14:21:00,1481.34,1486
2026-04-10,14:24:00,1481.98,1487
2026-04-10,14:27:00,1482.68,1487
2026-04-10,14:30:00,1481.95,1487
2026-04-10,14:33:00,1482.58,1487
2026-04-10,14:36:00,1482.08,1486
2026-04-10,14:39:00,1481.78,1487
2026-04-10,14:42:00,1481.8,1486
2026-04-10,14:45:00,1481.73,1487
2026-04-10,14:48:00,1481.68,1487
2026-04-10,14:51:00,1480.98,1487
2026-04-10,14:54:00,1481.63,1486
2026-04-10,14:57:00,1479.98,1486
2026-04-10,15:00:00,1480.22,1487
2026-04-10,15:03:00,1481.08,1486
2026-04-10,15:06:00,1480.58,1486
2026-04-10,15:09:00,1480.55,1487
2026-04-10,15:12:00,1480.88,1487
2026-04-10,15:15:00,1481.43,1486
2026-04-10,15:18:00,1481.78,1487
2026-04-10,15:21:00,1481.63,1486
2026-04-10,15:24:00,1482.12,1487
2026-04-10,15:27:00,1481.98,1487
2026-04-10,15:30:00,1482.58,1488
2026-04-10,15:33:00,1482.38,1487
2026-04-10,15:36:00,1482.98,1488
2026-04-10,15:39:00,1483.23,1488
2026-04-10,15:42:00,1483.88,1488
2026-04-10,15:45:00,1483.28,1488
2026-04-10,15:48:00,1483.18,1488
2026-04-10,15:51:00,1483.48,1489
2026-04-10,15:54:00,1483.93,1488
2026-04-10,15:57:00,1484.2,1489
2026-04-10,16:00:00,1483.92,1488
2026-04-10,16:03:00,1483.84,1489
2026-04-10,16:06:00,1483.66,1488
2026-04-10,16:09:00,1483.48,1489
2026-04-10,16:12:00,1483.95,1488
2026-04-10,16:15:00,1483.44,1488
2026-04-10,16:18:00,1483.51,1489
2026-04-10,16:21:00,1482.28,1489
2026-04-10,16:24:00,1483.18,1489
2026-04-10,16:27:00,1482.58,1488
2026-04-10,16:30:00,1484.15,1488
2026-04-10,16:33:00,1483.66,1489
2026-04-10,16:36:00,1484.21,1489
2026-04-10,16:39:00,1483.97,1489
2026-04-10,16:42:00,1485.28,1490
2026-04-10,16:45:00,1485.68,1490
2026-04-10,16:48:00,1485.42,1490
2026-04-10,16:51:00,1485.24,1489
2026-04-10,16:54:00,1485.55,1490
2026-04-10,16:57:00,1486.1,1490
2026-04-10,17:00:00,1486.46,1490
2026-04-10,17:03:00,1486.48,1491
2026-04-10,17:06:00,1484.78,1491
2026-04-10,17:09:00,1485.68,1490
2026-04-10,17:12:00,1485.33,1490
2026-04-10,17:15:00,1484.78,1490
2026-04-10,17:18:00,1485.98,1489
2026-04-10,17:21:00,1486.19,1490
2026-04-10,17:24:00,1485.97,1489
2026-04-10,17:27:00,1485.98,1490
2026-04-10,17:30:00,1484.98,1490
2026-04-10,17:33:00,1485.38,1490
2026-04-10,17:36:00,1485.42,1489
2026-04-10,17:39:00,1485.36,1489
2026-04-10,17:42:00,1485.78,1490
2026-04-10,17:45:00,1485.74,1490
2026-04-10,17:48:00,1485.45,1489
2026-04-10,17:51:00,1485.76,1490
2026-04-10,17:54:00,1485.01,1489
2026-04-10,17:57:00,1485.11,1489
2026-04-10,18:00:00,1484.89,1490
2026-04-10,18:03:00,1485.24,1489
2026-04-10,18:06:00,1485.97,1489
2026-04-10,18:09:00,1485.67,1490
2026-04-10,18:12:00,1485.7,1490
2026-04-10,18:15:00,1485.21,1489
2026-04-10,18:18:00,1484.59,1490
2026-04-10,18:21:00,1483.49,1491
2026-04-10,18:24:00,1483.98,1490
2026-04-10,18:27:00,1484.27,1489
2026-04-10,18:30:00,1484.52,1490
2026-04-10,18:33:00,1484.52,1490
2026-04-10,18:36:00,1483.95,1490
2026-04-10,18:39:00,1484.13,1490
2026-04-10,18:42:00,1483.04,1490
2026-04-10,18:45:00,1483.66,1490
2026-04-10,18:48:00,1483.41,1490
2026-04-10,18:51:00,1483.17,1491
2026-04-10,18:54:00,1482.88,1490
2026-04-10,18:57:00,1482.38,1490
2026-04-10,19:00:00,1482.35,1489
2026-04-10,19:03:00,1482.69,1489
2026-04-10,19:06:00,1482.36,1490
2026-04-10,19:09:00,1482.73,1489
2026-04-10,19:12:00,1482.77,1489
2026-04-10,19:15:00,1483.26,1490
2026-04-10,19:18:00,1483.3,1490
2026-04-10,19:21:00,1482.18,1490
2026-04-10,19:24:00,1482.78,1489
2026-04-10,19:27:00,1482.58,1490
2026-04-10,19:30:00,1482.93,1490
2026-04-10,19:33:00,1483.06,1490
2026-04-10,19:36:00,1483.22,1490
2026-04-10,19:39:00,1483.06,1489
2026-04-10,19:42:00,1483.28,1490
2026-04-10,19:45:00,1483.3,1489
2026-04-10,19:48:00,1483.88,1490
2026-04-10,19:51:00,1483.38,1489
2026-04-10,19:54:00,1484.32,1489
2026-04-10,19:57:00,1483.85,1490
2026-04-10,20:00:00,1484.28,1489
2026-04-10,20:03:00,1484.11,1490
2026-04-10,20:06:00,1483.68,1489
2026-04-10,20:09:00,1483.4,1490
2026-04-10,20:12:00,1483.86,1490
2026-04-10,20:15:00,1483.55,1489
2026-04-10,20:18:00,1483.59,1490
2026-04-10,20:21:00,1483.15,1489
2026-04-10,20:24:00,1483.48,1490
2026-04-10,20:27:00,1483.1,1489
2026-04-10,20:30:00,1483.37,1490
2026-04-10,20:33:00,1483.43,1490
2026-04-10,20:36:00,1483.83,1489
2026-04-10,20:39:00,1483.81,1489
2026-04-10,20:42:00,1483.34,1488
2026-04-10,20:45:00,1483.43,1488
2026-04-10,20:48:00,1482.79,1487
2026-04-10,20:51:00,1483.1,1488
2026-04-10,20:54:00,1483.08,1487
2026-04-10,20:57:00,1482.5,1488
2026-04-10,21:00:00,1482.48,1488
2026-04-10,21:03:00,1482.01,1488
2026-04-10,21:06:00,1482.48,1487
2026-04-10,21:09:00,1482.68,1488
2026-04-10,21:12:00,1482.06,1488
2026-04-10,21:15:00,1482.6,1488
2026-04-10,21:18:00,1482.01,1487
2026-04-10,21:21:00,1482.16,1488
2026-04-10,21:24:00,1482.57,1487
2026-04-10,21:27:00,1482.38,1487
2026-04-10,21:30:00,1481.78,1488
2026-04-10,21:33:00,1481.58,1487
2026-04-10,21:36:00,1481.18,1488
2026-04-10,21:39:00,1481.98,1488
2026-04-10,21:42:00,1482.25,1489
2026-04-10,21:45:00,1481.76,1489
2026-04-10,21:48:00,1481.53,1488
2026-04-10,21:51:00,1482.08,1489
2026-04-10,21:54:00,1482.23,1489
2026-04-10,21:57:00,1482.47,1488
2026-04-10,22:00:00,1481.78,1488
2026-04-10,22:03:00,1482.88,1489
2026-04-10,22:06:00,1482.58,1488
2026-04-10,22:09:00,1482.15,1488
2026-04-10,22:12:00,1481.95,1489
2026-04-10,22:15:00,1482.29,1488
2026-04-10,22:18:00,1481.73,1488
2026-04-10,22:21:00,1482.08,1489
2026-04-10,22:24:00,1482.13,1489
2026-04-10,22:27:00,1481.08,1488
2026-04-10,22:30:00,1482.18,1489
2026-04-10,22:33:00,1482.3,1489
2026-04-10,22:36:00,1482.51,1488
2026-04-10,22:39:00,1483.11,1489
2026-04-10,22:42:00,1482.86,1489
2026-04-10,22:45:00,1482.55,1488
2026-04-10,22:48:00,1482.44,1489
2026-04-10,22:51:00,1482.47,1488
2026-04-10,22:54:00,1481.91,1489
2026-04-10,22:57:00,1482.48,1488
2026-04-10,23:00:00,1482.28,1488
2026-04-10,23:03:00,1481.27,1488
2026-04-10,23:06:00,1481.78,1488
2026-04-10,23:09:00,1482.08,1488
2026-04-10,23:12:00,1481.15,1488
2026-04-10,23:15:00,1480.68,1487
2026-04-10,23:18:00,1480.12,1487
2026-04-10,23:21:00,1480.65,1486
2026-04-10,23:24:00,1480.41,1486
2026-04-10,23:27:00,,1485
2026-04-10,23:30:00,1479.6,1486
2026-04-10,23:33:00,1480.13,1485
2026-04-10,23:36:00,1479.61,1484
2026-04-10,23:39:00,1480.08,1485
2026-04-10,23:42:00,1481.28,1486
2026-04-10,23:45:00,1481.78,1485
2026-04-10,23:48:00,1481.78,1486
2026-04-10,23:51:00,1481.99,1485
2026-04-10,23:54:00,1482.68,1486
2026-04-10,23:57:00,1482.16,1485
2026-04-11,0:00:00,1481.97,1485
2026-04-11,0:03:00,1482.04,1485
2026-04-11,0:06:00,1481.85,1485
2026-04-11,0:09:00,1481.37,1485
2026-04-11,0:12:00,1481.26,1485
2026-04-11,0:15:00,1481.63,1484
2026-04-11,0:18:00,1481.48,1485
2026-04-11,0:21:00,1481.71,1485
2026-04-11,0:24:00,1481.58,1485
2026-04-11,0:27:00,1482.74,1486
2026-04-11,0:30:00,1482.4,1485
2026-04-11,0:33:00,1483.48,1485
2026-04-11,0:36:00,1482.72,1486
2026-04-11,0:39:00,1483.22,1485
2026-04-11,0:42:00,1483.33,1485
2026-04-11,0:45:00,1483,1486
2026-04-11,0:48:00,1482.78,1486
2026-04-11,0:51:00,1483.43,1486
2026-04-11,0:54:00,1483.85,1486
2026-04-11,0:57:00,1483.77,1486
2026-04-11,1:00:00,1483.32,1486
2026-04-11,1:03:00,1481.98,1486
2026-04-11,1:06:00,1482.68,1486
2026-04-11,1:09:00,1483.33,1486
2026-04-11,1:12:00,1483.19,1485
2026-04-11,1:15:00,1483.39,1486
2026-04-11,1:18:00,1483.56,1485
2026-04-11,1:21:00,1484.05,1485
2026-04-11,1:24:00,1484.05,1486
2026-04-11,1:27:00,1484.01,1485
2026-04-11,1:30:00,1483.85,1486
2026-04-11,1:33:00,1483.48,1486
2026-04-11,1:36:00,1483.96,1485
2026-04-11,1:39:00,1483.84,1486
2026-04-11,1:42:00,1484.22,1486
2026-04-11,1:45:00,1484.38,1485
2026-04-11,1:48:00,1482.88,1486
2026-04-11,1:51:00,1483.11,1486
2026-04-11,1:54:00,1483.19,1486
2026-04-11,1:57:00,1482.9,1485
2026-04-11,2:00:00,1483.28,1486
2026-04-11,2:03:00,1483.01,1486
2026-04-11,2:06:00,1483.62,1486
2026-04-11,2:09:00,1483.19,1486
2026-04-11,2:12:00,1483.06,1486
2026-04-11,2:15:00,1483.05,1486
2026-04-11,2:18:00,1483.11,1485
2026-04-11,2:21:00,1483.06,1485
2026-04-11,2:24:00,1483.06,1486
2026-04-11,2:27:00,1483.16,1486
2026-04-11,2:30:00,1483.05,1485
2026-04-11,2:33:00,1483.08,1486
2026-04-11,2:36:00,1483.92,1485
2026-04-11,2:39:00,1483.06,1486
2026-04-11,2:42:00,1483.68,1485
2026-04-11,2:45:00,1483.99,1486
2026-04-11,2:48:00,1483.1,1485
2026-04-11,2:51:00,1483.46,1486
2026-04-11,2:54:00,1483.12,1486
2026-04-11,2:57:00,1483.13,1486
2026-04-11,3:00:00,1483.28,1485
2026-04-11,3:03:00,1484.92,1486
2026-04-11,3:06:00,1484.41,1485
2026-04-11,3:09:00,1484.17,1486
2026-04-11,3:12:00,,1485
2026-04-11,3:15:00,1483.22,1486
2026-04-11,3:18:00,1483.5,1485
2026-04-11,3:21:00,1483.18,1485
2026-04-11,3:24:00,1483.08,1486
2026-04-11,3:27:00,1483.09,1486
2026-04-11,3:30:00,1483.37,1486
2026-04-11,3:33:00,1483.22,1485
2026-04-11,3:36:00,1482.59,1486
2026-04-11,3:39:00,1482.93,1485
2026-04-11,3:42:00,1483.02,1485
2026-04-11,3:45:00,1483.26,1486
2026-04-11,3:48:00,1483.04,1485
2026-04-11,3:51:00,1482.93,1485
2026-04-11,3:54:00,1482.96,1485
2026-04-11,3:57:00,1482.71,1485
2026-04-11,4:00:00,1483.02,1485
2026-04-11,4:03:00,1483.06,1484
2026-04-11,4:06:00,1483.4,1485
2026-04-11,4:09:00,1483.04,1484
2026-04-11,4:12:00,1483.12,1483
2026-04-11,4:15:00,1483.29,1483
2026-04-11,4:18:00,1483.14,1483
2026-04-11,4:21:00,1482.85,1483
2026-04-11,4:24:00,1482.97,1483
2026-04-11,4:27:00,1482.96,1483
2026-04-11,4:30:00,1482.98,1484
2026-04-11,4:33:00,1483.03,1484
2026-04-11,4:36:00,1483.03,1483
2026-04-11,4:39:00,1483.06,1484
2026-04-11,4:42:00,1483.4,1484
2026-04-11,4:45:00,1483.45,1484
2026-04-11,4:48:00,1483.06,1484
2026-04-11,4:51:00,1483.49,1484
2026-04-11,4:54:00,1483.55,1484
2026-04-11,4:57:00,1483.39,1483
2026-04-11,5:00:00,1483.07,1484
2026-04-11,5:03:00,1483.11,1485
2026-04-11,5:06:00,1483.13,1484
2026-04-11,5:09:00,1483.6,1484
2026-04-11,5:12:00,1483.04,1483
2026-04-11,5:15:00,1483.85,1483
2026-04-11,5:18:00,1483.19,1483
2026-04-11,5:21:00,1483.02,1483
2026-04-11,5:24:00,1483.67,1484
2026-04-11,5:27:00,1484.54,1484
2026-04-11,5:30:00,1483.91,1484
2026-04-11,5:33:00,1483.83,1483
2026-04-11,5:36:00,1483.87,1484
2026-04-11,5:39:00,1484.52,1483
2026-04-11,5:42:00,1483.87,1483
2026-04-11,5:45:00,1483.78,1483
2026-04-11,5:48:00,1483.38,1483
2026-04-11,5:51:00,1483.83,1482
2026-04-11,5:54:00,1483.73,1483
2026-04-11,5:57:00,1485.41,1483
2026-04-11,6:00:00,1485.41,1483
2026-04-11,6:03:00,,1483
2026-04-11,6:06:00,,1483
2026-04-11,6:09:00,,1484
2026-04-11,6:12:00,,1483
2026-04-11,6:15:00,,1483
2026-04-11,6:18:00,,1483
2026-04-11,6:21:00,,1484
2026-04-11,6:24:00,,1484
2026-04-11,6:27:00,,1484
2026-04-11,6:30:00,,1484
2026-04-11,6:33:00,,1484
2026-04-11,6:36:00,,1484
2026-04-11,6:39:00,,1485
2026-04-11,6:42:00,,1484
2026-04-11,6:45:00,,1484
2026-04-11,6:48:00,,1485
2026-04-11,6:51:00,,1484
2026-04-11,6:54:00,,1484
2026-04-11,6:57:00,,1484
2026-04-11,7:00:00,,1483
2026-04-11,7:03:00,,1484
2026-04-11,7:06:00,,1483
2026-04-11,7:09:00,,1484
2026-04-11,7:12:00,,1483
2026-04-11,7:15:00,,1485
2026-04-11,7:18:00,,1484
2026-04-11,7:21:00,,1484
2026-04-11,7:24:00,,1484
2026-04-11,7:27:00,,1484
2026-04-11,7:30:00,,1483
2026-04-11,7:33:00,,1483
2026-04-11,7:36:00,,1484
2026-04-11,7:39:00,,1483
2026-04-11,7:42:00,,1483
2026-04-11,7:45:00,,1485
2026-04-11,7:48:00,,1484
2026-04-11,7:51:00,,1484
2026-04-11,7:54:00,,1484
2026-04-11,7:57:00,,1485
2026-04-11,8:00:00,,1485
2026-04-11,8:03:00,,1484
2026-04-11,8:06:00,,1486
2026-04-11,8:09:00,,1485
2026-04-11,8:12:00,,1485
2026-04-11,8:15:00,,1485
2026-04-11,8:18:00,,1485
2026-04-11,8:21:00,,1486
2026-04-11,8:24:00,,1486
2026-04-11,8:27:00,,1486
2026-04-11,8:30:00,,1485
2026-04-11,8:33:00,,1486
2026-04-11,8:36:00,,1486
2026-04-11,8:39:00,,1485
2026-04-11,8:42:00,,1486
2026-04-11,8:45:00,,1486
2026-04-11,8:48:00,,1485
2026-04-11,8:51:00,,1485
2026-04-11,8:54:00,,1485
2026-04-11,8:57:00,,1485
2026-04-11,9:00:00,,1486
2026-04-11,9:03:00,,1486
2026-04-11,9:06:00,,1486
2026-04-11,9:09:00,,1485
2026-04-11,9:12:00,,1486
2026-04-11,9:15:00,,1486
2026-04-11,9:18:00,,1486
2026-04-11,9:21:00,,1487
2026-04-11,9:24:00,,1486
2026-04-11,9:27:00,,1487
2026-04-11,9:30:00,,1486
2026-04-11,9:33:00,,1487
2026-04-11,9:36:00,,1486
2026-04-11,9:39:00,,1487
2026-04-11,9:42:00,,1486
2026-04-11,9:45:00,,1486
2026-04-11,9:48:00,,1486
2026-04-11,9:51:00,,1486
2026-04-11,9:54:00,,1487
2026-04-11,9:57:00,,1487
2026-04-11,10:00:00,,1487
2026-04-11,10:03:00,,1487
2026-04-11,10:06:00,,1487
2026-04-11,10:09:00,,1486
2026-04-11,10:12:00,,1487
2026-04-11,10:15:00,,1487
2026-04-11,10:18:00,,1487
2026-04-11,10:21:00,,1487
2026-04-11,10:24:00,,1486
2026-04-11,10:27:00,,1486
2026-04-11,10:30:00,,1486
2026-04-11,10:33:00,,1486
2026-04-11,10:36:00,,1487
2026-04-11,10:39:00,,1487
2026-04-11,10:42:00,,1487
2026-04-11,10:45:00,,1486
2026-04-11,10:48:00,,1486
2026-04-11,10:51:00,,1486
2026-04-11,10:54:00,,1486
2026-04-11,10:57:00,,1486
2026-04-11,11:00:00,,1486
2026-04-11,11:03:00,,1487
2026-04-11,11:06:00,,1487
2026-04-11,11:09:00,,1485
2026-04-11,11:12:00,,1486
2026-04-11,11:15:00,,1486
2026-04-11,11:18:00,,1486
2026-04-11,11:21:00,,1485
2026-04-11,11:24:00,,1486
2026-04-11,11:27:00,,1485
2026-04-11,11:30:00,,1486
2026-04-11,11:33:00,,1486
2026-04-11,11:36:00,,1486
2026-04-11,11:39:00,,1486
2026-04-11,11:42:00,,1487
2026-04-11,11:45:00,,1486
2026-04-11,11:48:00,,1487
2026-04-11,11:51:00,,1487
2026-04-11,11:54:00,,1487
2026-04-11,11:57:00,,1486
2026-04-11,12:00:00,,1485
2026-04-11,12:03:00,,1487
2026-04-11,12:06:00,,1486
2026-04-11,12:09:00,,1485
2026-04-11,12:12:00,,1486
2026-04-11,12:15:00,,1486
2026-04-11,12:18:00,,1486
2026-04-11,12:21:00,,1487
2026-04-11,12:24:00,,1487
2026-04-11,12:27:00,,1487
2026-04-11,12:30:00,,1486
2026-04-11,12:33:00,,1487
2026-04-11,12:36:00,,1487
2026-04-11,12:39:00,,1486
2026-04-11,12:42:00,,1486
2026-04-11,12:45:00,,1486
2026-04-11,12:48:00,,1487
2026-04-11,12:51:00,,1487
2026-04-11,12:54:00,,1487
2026-04-11,12:57:00,,1487
2026-04-11,13:00:00,,1487
2026-04-11,13:03:00,,1486
2026-04-11,13:06:00,,1487
2026-04-11,13:09:00,,1487
2026-04-11,13:12:00,,1487
2026-04-11,13:15:00,,1487
2026-04-11,13:18:00,,1487
2026-04-11,13:21:00,,1486
2026-04-11,13:24:00,,1486
2026-04-11,13:27:00,,1486
2026-04-11,13:30:00,,1486
2026-04-11,13:33:00,,1487
2026-04-11,13:36:00,,1487
2026-04-11,13:39:00,,1487
2026-04-11,13:42:00,,1486
2026-04-11,13:45:00,,1486
2026-04-11,13:48:00,,1487
2026-04-11,13:51:00,,1487
2026-04-11,13:54:00,,1486
2026-04-11,13:57:00,,1487
2026-04-11,14:00:00,,1487
2026-04-11,14:03:00,,1487
2026-04-11,14:06:00,,1486
2026-04-11,14:09:00,,1487
2026-04-11,14:12:00,,1486
2026-04-11,14:15:00,,1486
2026-04-11,14:18:00,,1487
2026-04-11,14:21:00,,1486
2026-04-11,14:24:00,,1487
2026-04-11,14:27:00,,1486
2026-04-11,14:30:00,,1486
2026-04-11,14:33:00,,1487
2026-04-11,14:36:00,,1486
2026-04-11,14:39:00,,1487
2026-04-11,14:42:00,,1487
2026-04-11,14:45:00,,1486
2026-04-11,14:48:00,,1486
2026-04-11,14:51:00,,1487
2026-04-11,14:54:00,,1487
2026-04-11,14:57:00,,1487
2026-04-11,15:00:00,,1488
2026-04-11,15:03:00,,1488
2026-04-11,15:06:00,,1488
2026-04-11,15:09:00,,1487
2026-04-11,15:12:00,,1487
2026-04-11,15:15:00,,1488
2026-04-11,15:18:00,,1488
2026-04-11,15:21:00,,1487
2026-04-11,15:24:00,,1487
2026-04-11,15:27:00,,1488
2026-04-11,15:30:00,,1488
2026-04-11,15:33:00,,1488
2026-04-11,15:36:00,,1487
2026-04-11,15:39:00,,1487
2026-04-11,15:42:00,,1486
2026-04-11,15:45:00,,1486
2026-04-11,15:48:00,,1486
2026-04-11,15:51:00,,1486
2026-04-11,15:54:00,,1486
2026-04-11,15:57:00,,1486
2026-04-11,16:00:00,,1486
2026-04-11,16:03:00,,1486
2026-04-11,16:06:00,,1487
2026-04-11,16:09:00,,1487
2026-04-11,16:12:00,,1486
2026-04-11,16:15:00,,1486
2026-04-11,16:18:00,,1487
2026-04-11,16:21:00,,1487
2026-04-11,16:24:00,,1487
2026-04-11,16:27:00,,1487
2026-04-11,16:30:00,,1486
2026-04-11,16:33:00,,1487
2026-04-11,16:36:00,,1486
2026-04-11,16:39:00,,1486
2026-04-11,16:42:00,,1486
2026-04-11,16:45:00,,1488
2026-04-11,16:48:00,,1487
2026-04-11,16:51:00,,1488
2026-04-11,16:54:00,,1488
2026-04-11,16:57:00,,1488
2026-04-11,17:00:00,,1487
2026-04-11,17:03:00,,1488
2026-04-11,17:06:00,,1487
2026-04-11,17:09:00,,1488
2026-04-11,17:12:00,,1487
2026-04-11,17:15:00,,1488
2026-04-11,17:18:00,,1487
2026-04-11,17:21:00,,1487
2026-04-11,17:24:00,,1487
2026-04-11,17:27:00,,1487
2026-04-11,17:30:00,,1488
2026-04-11,17:33:00,,1488
2026-04-11,17:36:00,,1487
2026-04-11,17:39:00,,1487
2026-04-11,17:42:00,,1488
2026-04-11,17:45:00,,1486
2026-04-11,17:48:00,,1487
2026-04-11,17:51:00,,1487
2026-04-11,17:54:00,,1488
2026-04-11,17:57:00,,1487
2026-04-11,18:00:00,,1488
2026-04-11,18:03:00,,1488
2026-04-11,18:06:00,,1488
2026-04-11,18:09:00,,1488
2026-04-11,18:12:00,,1487
2026-04-11,18:15:00,,1488
2026-04-11,18:18:00,,1488
2026-04-11,18:21:00,,1487
2026-04-11,18:24:00,,1488
2026-04-11,18:27:00,,1487
2026-04-11,18:30:00,,1488
2026-04-11,18:33:00,,1488
2026-04-11,18:36:00,,1487
2026-04-11,18:39:00,,1488
2026-04-11,18:42:00,,1487
2026-04-11,18:45:00,,1487
2026-04-11,18:48:00,,1488
2026-04-11,18:51:00,,1488
2026-04-11,18:54:00,,1487
2026-04-11,18:57:00,,1488
2026-04-11,19:00:00,,1488
2026-04-11,19:03:00,,1488
2026-04-11,19:06:00,,1487
2026-04-11,19:09:00,,1487
2026-04-11,19:12:00,,1488
2026-04-11,19:15:00,,1488
2026-04-11,19:18:00,,1488
2026-04-11,19:21:00,,1488
2026-04-11,19:24:00,,1488
2026-04-11,19:27:00,,1489
2026-04-11,19:30:00,,1489
2026-04-11,19:33:00,,1489
2026-04-11,19:36:00,,1489
2026-04-11,19:39:00,,1489
2026-04-11,19:42:00,,1489
2026-04-11,19:45:00,,1489
2026-04-11,19:48:00,,1489
2026-04-11,19:51:00,,1489
2026-04-11,19:54:00,,1488
2026-04-11,19:57:00,,1488
2026-04-11,20:00:00,,1488
2026-04-11,20:03:00,,1488
2026-04-11,20:06:00,,1489
2026-04-11,20:09:00,,1488
2026-04-11,20:12:00,,1487
2026-04-11,20:15:00,,1488
2026-04-11,20:18:00,,1488
2026-04-11,20:21:00,,1487
2026-04-11,20:24:00,,1488
2026-04-11,20:27:00,,1488
2026-04-11,20:30:00,,1488
2026-04-11,20:33:00,,1489
2026-04-11,20:36:00,,1489
2026-04-11,20:39:00,,1488
2026-04-11,20:42:00,,1488
2026-04-11,20:45:00,,1488
2026-04-11,20:48:00,,1489
2026-04-11,20:51:00,,1488
2026-04-11,20:54:00,,1489
2026-04-11,20:57:00,,1489
2026-04-11,21:00:00,,1489
2026-04-11,21:03:00,,1489
2026-04-11,21:06:00,,1488
2026-04-11,21:09:00,,1488
2026-04-11,21:12:00,,1489
2026-04-11,21:15:00,,1489
2026-04-11,21:18:00,,1488
2026-04-11,21:21:00,,1489
2026-04-11,21:24:00,,1488
2026-04-11,21:27:00,,1489
2026-04-11,21:30:00,,1489
2026-04-11,21:33:00,,1488
2026-04-11,21:36:00,,1489
2026-04-11,21:39:00,,1489
2026-04-11,21:42:00,,1488
2026-04-11,21:45:00,,1488
2026-04-11,21:48:00,,1489
2026-04-11,21:51:00,,1489
2026-04-11,21:54:00,,1489
2026-04-11,21:57:00,,1489
2026-04-11,22:00:00,,1488
2026-04-11,22:03:00,,1489
2026-04-11,22:06:00,,1488
2026-04-11,22:09:00,,1489
2026-04-11,22:12:00,,1489
2026-04-11,22:15:00,,1490
2026-04-11,22:18:00,,1489
2026-04-11,22:21:00,,1489
2026-04-11,22:24:00,,1490
2026-04-11,22:27:00,,1490
2026-04-11,22:30:00,,1490
2026-04-11,22:33:00,,1490
2026-04-11,22:36:00,,1490
2026-04-11,22:39:00,,1489
2026-04-11,22:42:00,,1490
2026-04-11,22:45:00,,1489
2026-04-11,22:48:00,,1489
2026-04-11,22:51:00,,1490
2026-04-11,22:54:00,,1489
2026-04-11,22:57:00,,1490
2026-04-11,23:00:00,,1489
2026-04-11,23:03:00,,1489
2026-04-11,23:06:00,,1489
2026-04-11,23:09:00,,1488
2026-04-11,23:12:00,,1489
2026-04-11,23:15:00,,1488
2026-04-11,23:18:00,,1489
2026-04-11,23:21:00,,1489
2026-04-11,23:24:00,,1489
2026-04-11,23:27:00,,1489
2026-04-11,23:30:00,,1489
2026-04-11,23:33:00,,1489
2026-04-11,23:36:00,,1488
2026-04-11,23:39:00,,1489
2026-04-11,23:42:00,,1489
2026-04-11,23:45:00,,1489
2026-04-11,23:48:00,,1489
2026-04-11,23:51:00,,1489
2026-04-11,23:54:00,,1489
2026-04-11,23:57:00,,1489
2026-04-12,0:00:00,,1488
2026-04-12,0:03:00,,1489
2026-04-12,0:06:00,,1489
2026-04-12,0:09:00,,1488
2026-04-12,0:12:00,,1489
2026-04-12,0:15:00,,1489
2026-04-12,0:18:00,,1489
2026-04-12,0:21:00,,1489
2026-04-12,0:24:00,,1488
2026-04-12,0:27:00,,1488
2026-04-12,0:30:00,,1489
2026-04-12,0:33:00,,1489
2026-04-12,0:36:00,,1489
2026-04-12,0:39:00,,1489
2026-04-12,0:42:00,,1488
2026-04-12,0:45:00,,1489
2026-04-12,0:48:00,,1489
2026-04-12,0:51:00,,1489
2026-04-12,0:54:00,,1488
2026-04-12,0:57:00,,1488
2026-04-12,1:00:00,,1489
2026-04-12,1:03:00,,1489
2026-04-12,1:06:00,,1488
2026-04-12,1:09:00,,1489
2026-04-12,1:12:00,,1488
2026-04-12,1:15:00,,1488
2026-04-12,1:18:00,,1488
2026-04-12,1:21:00,,1488
2026-04-12,1:24:00,,1489
2026-04-12,1:27:00,,1487
2026-04-12,1:30:00,,1488
2026-04-12,1:33:00,,1488
2026-04-12,1:36:00,,1487
2026-04-12,1:39:00,,1486
2026-04-12,1:42:00,,1487
2026-04-12,1:45:00,,1487
2026-04-12,1:48:00,,1486
2026-04-12,1:51:00,,1487
2026-04-12,1:54:00,,1487
2026-04-12,1:57:00,,1486
2026-04-12,2:00:00,,1487
2026-04-12,2:03:00,,1486
2026-04-12,2:06:00,,1487
2026-04-12,2:09:00,,1486
2026-04-12,2:12:00,,1487
2026-04-12,2:15:00,,1486
2026-04-12,2:18:00,,1486
2026-04-12,2:21:00,,1486
2026-04-12,2:24:00,,1487
2026-04-12,2:27:00,,1487
2026-04-12,2:30:00,,1486
2026-04-12,2:33:00,,1486
2026-04-12,2:36:00,,1486
2026-04-12,2:39:00,,1487
2026-04-12,2:42:00,,1487
2026-04-12,2:45:00,,1486
2026-04-12,2:48:00,,1486
2026-04-12,2:51:00,,1486
2026-04-12,2:54:00,,1487
2026-04-12,2:57:00,,1486
2026-04-12,3:00:00,,1487
2026-04-12,3:03:00,,1487
2026-04-12,3:06:00,,1486
2026-04-12,3:09:00,,1486
2026-04-12,3:12:00,,1487
2026-04-12,3:15:00,,1487
2026-04-12,3:18:00,,1487
2026-04-12,3:21:00,,1486
2026-04-12,3:24:00,,1486
2026-04-12,3:27:00,,1486
2026-04-12,3:30:00,,1486
2026-04-12,3:33:00,,1486
2026-04-12,3:36:00,,1484
2026-04-12,3:39:00,,1485
2026-04-12,3:42:00,,1485
2026-04-12,3:45:00,,1484
2026-04-12,3:48:00,,1485
2026-04-12,3:51:00,,1484
2026-04-12,3:54:00,,1485
2026-04-12,3:57:00,,1484
2026-04-12,4:00:00,,1484
2026-04-12,4:03:00,,1485
2026-04-12,4:06:00,,1485
2026-04-12,4:09:00,,1485
2026-04-12,4:12:00,,1485
2026-04-12,4:15:00,,1484
2026-04-12,4:18:00,,1484
2026-04-12,4:21:00,,1483
2026-04-12,4:24:00,,1484
2026-04-12,4:27:00,,1484
2026-04-12,4:30:00,,1483
2026-04-12,4:33:00,,1484
2026-04-12,4:36:00,,1483
2026-04-12,4:39:00,,1483
2026-04-12,4:42:00,,1483
2026-04-12,4:45:00,,1483
2026-04-12,4:48:00,,1483
2026-04-12,4:51:00,,1484
2026-04-12,4:54:00,,1483
2026-04-12,4:57:00,,1482
2026-04-12,5:00:00,,1483
2026-04-12,5:03:00,,1482
2026-04-12,5:06:00,,1482
2026-04-12,5:09:00,,1482
2026-04-12,5:12:00,,1482
2026-04-12,5:15:00,,1483
2026-04-12,5:18:00,,1483
2026-04-12,5:21:00,,1483
2026-04-12,5:24:00,,1482
2026-04-12,5:27:00,,1483
2026-04-12,5:30:00,,1483
2026-04-12,5:33:00,,1483
2026-04-12,5:36:00,,1483
2026-04-12,5:39:00,,1483
2026-04-12,5:42:00,,1483
2026-04-12,5:45:00,,1483
2026-04-12,5:48:00,,1483
2026-04-12,5:51:00,,1483
2026-04-12,5:54:00,,1484
2026-04-12,5:57:00,,1483
2026-04-12,6:00:00,,1483
2026-04-12,6:03:00,,1484
2026-04-12,6:06:00,,1484
2026-04-12,6:09:00,,1484
2026-04-12,6:12:00,,1484
2026-04-12,6:15:00,,1484
2026-04-12,6:18:00,,1484
2026-04-12,6:21:00,,1484
2026-04-12,6:24:00,,1484
2026-04-12,6:27:00,,1484
2026-04-12,6:30:00,,1483
2026-04-12,6:33:00,,1484
2026-04-12,6:36:00,,1484
2026-04-12,6:39:00,,1484
2026-04-12,6:42:00,,1484
2026-04-12,6:45:00,,1484
2026-04-12,6:48:00,,1484
2026-04-12,6:51:00,,1483
2026-04-12,6:54:00,,1483
2026-04-12,6:57:00,,1485
2026-04-12,7:00:00,,1484
2026-04-12,7:03:00,,1483
2026-04-12,7:06:00,,1483
2026-04-12,7:09:00,,1484
2026-04-12,7:12:00,,1483
2026-04-12,7:15:00,,1484
2026-04-12,7:18:00,,1483
2026-04-12,7:21:00,,1483
2026-04-12,7:24:00,,1483
2026-04-12,7:27:00,,1484
2026-04-12,7:30:00,,1484
2026-04-12,7:33:00,,1484
2026-04-12,7:36:00,,1483
2026-04-12,7:39:00,,1485
2026-04-12,7:42:00,,1484
2026-04-12,7:45:00,,1485
2026-04-12,7:48:00,,1484
2026-04-12,7:51:00,,1484
2026-04-12,7:54:00,,1484
2026-04-12,7:57:00,,1484
2026-04-12,8:00:00,,1485
2026-04-12,8:03:00,,1485
2026-04-12,8:06:00,,1485
2026-04-12,8:09:00,,1485
2026-04-12,8:12:00,,1485
2026-04-12,8:15:00,,1485
2026-04-12,8:18:00,,1486
2026-04-12,8:21:00,,1485
2026-04-12,8:24:00,,1486
2026-04-12,8:27:00,,1486
2026-04-12,8:30:00,,1485
2026-04-12,8:33:00,,1486
2026-04-12,8:36:00,,1485
2026-04-12,8:39:00,,1486
2026-04-12,8:42:00,,1485
2026-04-12,8:45:00,,1485
2026-04-12,8:48:00,,1485
2026-04-12,8:51:00,,1485
2026-04-12,8:54:00,,1485
2026-04-12,8:57:00,,1485
2026-04-12,9:00:00,,1485
2026-04-12,9:03:00,,1486
2026-04-12,9:06:00,,1485
2026-04-12,9:09:00,,1486
2026-04-12,9:12:00,,1486
2026-04-12,9:15:00,,1486
2026-04-12,9:18:00,,1487
2026-04-12,9:21:00,,1486
2026-04-12,9:24:00,,1487
2026-04-12,9:27:00,,1486
2026-04-12,9:30:00,,1486
2026-04-12,9:33:00,,1486
2026-04-12,9:36:00,,1486
2026-04-12,9:39:00,,1486
2026-04-12,9:42:00,,1486
2026-04-12,9:45:00,,1486
2026-04-12,9:48:00,,1487
2026-04-12,9:51:00,,1487
2026-04-12,9:54:00,,1486
2026-04-12,9:57:00,,1486
2026-04-12,10:00:00,,1487
2026-04-12,10:03:00,,1487
2026-04-12,10:06:00,,1486
2026-04-12,10:09:00,,1487
2026-04-12,10:12:00,,1486
2026-04-12,10:15:00,,1486
2026-04-12,10:18:00,,1486
2026-04-12,10:21:00,,1486
2026-04-12,10:24:00,,1487
2026-04-12,10:27:00,,1487
2026-04-12,10:30:00,,1486
2026-04-12,10:33:00,,1489
2026-04-12,10:36:00,,1489
2026-04-12,10:39:00,,1491
2026-04-12,10:42:00,,1492
2026-04-12,10:45:00,,1491
2026-04-12,10:48:00,,1491
2026-04-12,10:51:00,,1489
2026-04-12,10:54:00,,1490
2026-04-12,10:57:00,,1489
2026-04-12,11:00:00,,1490
2026-04-12,11:03:00,,1491
2026-04-12,11:06:00,,1490
2026-04-12,11:09:00,,1490
2026-04-12,11:12:00,,1489
2026-04-12,11:15:00,,1488
2026-04-12,11:18:00,,1490
2026-04-12,11:21:00,,1490
2026-04-12,11:24:00,,1490
2026-04-12,11:27:00,,1490
2026-04-12,11:30:00,,1489
2026-04-12,11:33:00,,1489
2026-04-12,11:36:00,,1489
2026-04-12,11:39:00,,1489
2026-04-12,11:42:00,,1489
2026-04-12,11:45:00,,1489
2026-04-12,11:48:00,,1489
2026-04-12,11:51:00,,1489
2026-04-12,11:54:00,,1490
2026-04-12,11:57:00,,1489
2026-04-12,12:00:00,,1489
2026-04-12,12:03:00,,1489
2026-04-12,12:06:00,,1489
2026-04-12,12:09:00,,1489
2026-04-12,12:12:00,,1489
2026-04-12,12:15:00,,1489
2026-04-12,12:18:00,,1489
2026-04-12,12:21:00,,1489
2026-04-12,12:24:00,,1490
2026-04-12,12:27:00,,1490
2026-04-12,12:30:00,,1489
2026-04-12,12:33:00,,1489
2026-04-12,12:36:00,,1490
2026-04-12,12:39:00,,1490
2026-04-12,12:42:00,,1490
2026-04-12,12:45:00,,1490
2026-04-12,12:48:00,,1489
2026-04-12,12:51:00,,1489
2026-04-12,12:54:00,,1489
2026-04-12,12:57:00,,1489
2026-04-12,13:00:00,,1491
2026-04-12,13:03:00,,1490
2026-04-12,13:06:00,,1491
2026-04-12,13:09:00,,1491
2026-04-12,13:12:00,,1491
2026-04-12,13:15:00,,1490
2026-04-12,13:18:00,,1490
2026-04-12,13:21:00,,1491
2026-04-12,13:24:00,,1490
2026-04-12,13:27:00,,1491
2026-04-12,13:30:00,,1491
2026-04-12,13:33:00,,1491
2026-04-12,13:36:00,,1491
2026-04-12,13:39:00,,1491
2026-04-12,13:42:00,,1490
2026-04-12,13:45:00,,1491
2026-04-12,13:48:00,,1490
2026-04-12,13:51:00,,1491
2026-04-12,13:54:00,,1491
2026-04-12,13:57:00,,1491
2026-04-12,14:00:00,,1491
2026-04-12,14:03:00,,1491
2026-04-12,14:06:00,,1490
2026-04-12,14:09:00,,1490
2026-04-12,14:12:00,,1491
2026-04-12,14:15:00,,1491
2026-04-12,14:18:00,,1491
2026-04-12,14:21:00,,1491
2026-04-12,14:24:00,,1491
2026-04-12,14:27:00,,1491
2026-04-12,14:30:00,,1491
2026-04-12,14:33:00,,1491
2026-04-12,14:36:00,,1490
2026-04-12,14:39:00,,1490
2026-04-12,14:42:00,,1490
2026-04-12,14:45:00,,1491
2026-04-12,14:48:00,,1491
2026-04-12,14:51:00,,1490
2026-04-12,14:54:00,,1491
2026-04-12,14:57:00,,1490
2026-04-12,15:00:00,,1490
2026-04-12,15:03:00,,1491
2026-04-12,15:06:00,,1490
2026-04-12,15:09:00,,1490
2026-04-12,15:12:00,,1491
2026-04-12,15:15:00,,1491
2026-04-12,15:18:00,,1491
2026-04-12,15:21:00,,1491
2026-04-12,15:24:00,,1491
2026-04-12,15:27:00,,1491
2026-04-12,15:30:00,,1492
2026-04-12,15:33:00,,1492
2026-04-12,15:36:00,,1492
2026-04-12,15:39:00,,1491
2026-04-12,15:42:00,,1492
2026-04-12,15:45:00,,1492
2026-04-12,15:48:00,,1491
2026-04-12,15:51:00,,1491
2026-04-12,15:54:00,,1491
2026-04-12,15:57:00,,1491
2026-04-12,16:00:00,,1492
2026-04-12,16:03:00,,1492
2026-04-12,16:06:00,,1492
2026-04-12,16:09:00,,1492
2026-04-12,16:12:00,,1492
2026-04-12,16:15:00,,1491
2026-04-12,16:18:00,,1491
2026-04-12,16:21:00,,1490
2026-04-12,16:24:00,,1490
2026-04-12,16:27:00,,1491
2026-04-12,16:30:00,,1491
2026-04-12,16:33:00,,1491
2026-04-12,16:36:00,,1491
2026-04-12,16:39:00,,1491
2026-04-12,16:42:00,,1491
2026-04-12,16:45:00,,1491
2026-04-12,16:48:00,,1491
2026-04-12,16:51:00,,1491
2026-04-12,16:54:00,,1491
2026-04-12,16:57:00,,1491
2026-04-12,17:00:00,,1491
2026-04-12,17:03:00,,1492
2026-04-12,17:06:00,,1491
2026-04-12,17:09:00,,1491
2026-04-12,17:12:00,,1492
2026-04-12,17:15:00,,1491
2026-04-12,17:18:00,,1491
2026-04-12,17:21:00,,1491
2026-04-12,17:24:00,,1491
2026-04-12,17:27:00,,1491
2026-04-12,17:30:00,,1491
2026-04-12,17:33:00,,1491
2026-04-12,17:36:00,,1491
2026-04-12,17:39:00,,1491
2026-04-12,17:42:00,,1491
2026-04-12,17:45:00,,1491
2026-04-12,17:48:00,,1491
2026-04-12,17:51:00,,1492
2026-04-12,17:54:00,,1492
2026-04-12,17:57:00,,1492
2026-04-12,18:00:00,,1492
2026-04-12,18:03:00,,1492
2026-04-12,18:06:00,,1492
2026-04-12,18:09:00,,1492
2026-04-12,18:12:00,,1492
2026-04-12,18:15:00,,1491
2026-04-12,18:18:00,,1491
2026-04-12,18:21:00,,1491
2026-04-12,18:24:00,,1491
2026-04-12,18:27:00,,1491
2026-04-12,18:30:00,,1492
2026-04-12,18:33:00,,1491
2026-04-12,18:36:00,,1491
2026-04-12,18:39:00,,1491
2026-04-12,18:42:00,,1491
2026-04-12,18:45:00,,1491
2026-04-12,18:48:00,,1491
2026-04-12,18:51:00,,1492
2026-04-12,18:54:00,,1491
2026-04-12,18:57:00,,1492
2026-04-12,19:00:00,,1492
2026-04-12,19:03:00,,1492
2026-04-12,19:06:00,,1491
2026-04-12,19:09:00,,1492
2026-04-12,19:12:00,,1492
2026-04-12,19:15:00,,1491
2026-04-12,19:18:00,,1491
2026-04-12,19:21:00,,1492
2026-04-12,19:24:00,,1492
2026-04-12,19:27:00,,1492
2026-04-12,19:30:00,,1492
2026-04-12,19:33:00,,1492
2026-04-12,19:36:00,,1491
2026-04-12,19:39:00,,1491
2026-04-12,19:42:00,,1492
2026-04-12,19:45:00,,1492
2026-04-12,19:48:00,,1492
2026-04-12,19:51:00,,1492
2026-04-12,19:54:00,,1492
2026-04-12,19:57:00,,1491
2026-04-12,20:00:00,,1493
2026-04-12,20:03:00,,1491
2026-04-12,20:06:00,,1492
2026-04-12,20:09:00,,1491
2026-04-12,20:12:00,,1491
2026-04-12,20:15:00,,1491
2026-04-12,20:18:00,,1491
2026-04-12,20:21:00,,1491
2026-04-12,20:24:00,,1492
2026-04-12,20:27:00,,1493
2026-04-12,20:30:00,,1492
2026-04-12,20:33:00,,1492
2026-04-12,20:36:00,,1493
2026-04-12,20:39:00,,1492
2026-04-12,20:42:00,,1493
2026-04-12,20:45:00,,1493
2026-04-12,20:48:00,,1492
2026-04-12,20:51:00,,1492
2026-04-12,20:54:00,,1492
2026-04-12,20:57:00,,1491
2026-04-12,21:00:00,,1492
2026-04-12,21:03:00,,1492
2026-04-12,21:06:00,,1491
2026-04-12,21:09:00,,1491
2026-04-12,21:12:00,,1492
2026-04-12,21:15:00,,1492
2026-04-12,21:18:00,,1492
2026-04-12,21:21:00,,1490
2026-04-12,21:24:00,,1491
2026-04-12,21:27:00,,1490
2026-04-12,21:30:00,,1491
2026-04-12,21:33:00,,1490
2026-04-12,21:36:00,,1491
2026-04-12,21:39:00,,1490
2026-04-12,21:42:00,,1491
2026-04-12,21:45:00,,1490
2026-04-12,21:48:00,,1490
2026-04-12,21:51:00,,1491
2026-04-12,21:54:00,,1490
2026-04-12,21:57:00,,1491
2026-04-12,22:00:00,,1490
2026-04-12,22:03:00,,1491
2026-04-12,22:06:00,,1492
2026-04-12,22:09:00,,1492
2026-04-12,22:12:00,,1492
2026-04-12,22:15:00,,1491
2026-04-12,22:18:00,,1491
2026-04-12,22:21:00,,1492
2026-04-12,22:24:00,,1491
2026-04-12,22:27:00,,1491
2026-04-12,22:30:00,,1490
2026-04-12,22:33:00,,1491
2026-04-12,22:36:00,,1491
2026-04-12,22:39:00,,1491
2026-04-12,22:42:00,,1490
2026-04-12,22:45:00,,1491
2026-04-12,22:48:00,,1491
2026-04-12,22:51:00,,1491
2026-04-12,22:54:00,,1491
2026-04-12,22:57:00,,1491
2026-04-12,23:00:00,,1491
2026-04-12,23:03:00,,1491
2026-04-12,23:06:00,,1492
2026-04-12,23:09:00,,1492
2026-04-12,23:12:00,,1492
2026-04-12,23:15:00,,1491
2026-04-12,23:18:00,,1491
2026-04-12,23:21:00,,1491
2026-04-12,23:24:00,,1490
2026-04-12,23:27:00,,1490
2026-04-12,23:30:00,,1490
2026-04-12,23:33:00,,1491
2026-04-12,23:36:00,,1491
2026-04-12,23:39:00,,1491
2026-04-12,23:42:00,,1491
2026-04-12,23:45:00,,1492
2026-04-12,23:48:00,,1491
2026-04-12,23:51:00,,1492
2026-04-12,23:54:00,,1491
2026-04-12,23:57:00,,1491
2026-04-13,0:00:00,,1492
2026-04-13,0:03:00,,1492
2026-04-13,0:06:00,,1492
2026-04-13,0:09:00,,1492
2026-04-13,0:12:00,,1492
2026-04-13,0:15:00,,1492
2026-04-13,0:18:00,,1493
2026-04-13,0:21:00,,1492
2026-04-13,0:24:00,,1493
2026-04-13,0:27:00,,1493
2026-04-13,0:30:00,,1493
2026-04-13,0:33:00,,1493
2026-04-13,0:36:00,,1493
2026-04-13,0:39:00,,1493
2026-04-13,0:42:00,,1493
2026-04-13,0:45:00,,1492
2026-04-13,0:48:00,,1492
2026-04-13,0:51:00,,1492
2026-04-13,0:54:00,,1492
2026-04-13,0:57:00,,1492
2026-04-13,1:00:00,,1492
2026-04-13,1:03:00,,1491
2026-04-13,1:06:00,,1492
2026-04-13,1:09:00,,1493
2026-04-13,1:12:00,,1492
2026-04-13,1:15:00,,1492
2026-04-13,1:18:00,,1492
2026-04-13,1:21:00,,1492
2026-04-13,1:24:00,,1493
2026-04-13,1:27:00,,1492
2026-04-13,1:30:00,,1491
2026-04-13,1:33:00,,1492
2026-04-13,1:36:00,,1491
2026-04-13,1:39:00,,1491
2026-04-13,1:42:00,,1491
2026-04-13,1:45:00,,1492
2026-04-13,1:48:00,,1492
2026-04-13,1:51:00,,1492
2026-04-13,1:54:00,,1491
2026-04-13,1:57:00,,1492
2026-04-13,2:00:00,,1491
2026-04-13,2:03:00,,1491
2026-04-13,2:06:00,,1491
2026-04-13,2:09:00,,1491
2026-04-13,2:12:00,,1492
2026-04-13,2:15:00,,1492
2026-04-13,2:18:00,,1492
2026-04-13,2:21:00,,1492
2026-04-13,2:24:00,,1493
2026-04-13,2:27:00,,1493
2026-04-13,2:30:00,,1493
2026-04-13,2:33:00,,1492
2026-04-13,2:36:00,,1491
2026-04-13,2:39:00,,1491
2026-04-13,2:42:00,,1491
2026-04-13,2:45:00,,1491
2026-04-13,2:48:00,,1491
2026-04-13,2:51:00,,1491
2026-04-13,2:54:00,,1491
2026-04-13,2:57:00,,1492
2026-04-13,3:00:00,,1491
2026-04-13,3:03:00,,1492
2026-04-13,3:06:00,,1492
2026-04-13,3:09:00,,1492
2026-04-13,3:12:00,,1492
2026-04-13,3:15:00,,1492
2026-04-13,3:18:00,,1492
2026-04-13,3:21:00,,1492
2026-04-13,3:24:00,,1491
2026-04-13,3:27:00,,1491
2026-04-13,3:30:00,,1492
2026-04-13,3:33:00,,1492
2026-04-13,3:36:00,,1492
2026-04-13,3:39:00,,1491
2026-04-13,3:42:00,,1492
2026-04-13,3:45:00,,1492
2026-04-13,3:48:00,,1492
2026-04-13,3:51:00,,1491
2026-04-13,3:54:00,,1492
2026-04-13,3:57:00,,1491
2026-04-13,4:00:00,,1492
2026-04-13,4:03:00,,1492
2026-04-13,4:06:00,,1492
2026-04-13,4:09:00,,1491
2026-04-13,4:12:00,,1492
2026-04-13,4:15:00,,1492
2026-04-13,4:18:00,,1491
2026-04-13,4:21:00,,1492
2026-04-13,4:24:00,,1491
2026-04-13,4:27:00,,1491
2026-04-13,4:30:00,,1491
2026-04-13,4:33:00,,1491
2026-04-13,4:36:00,,1491
2026-04-13,4:39:00,,1491
2026-04-13,4:42:00,,1491
2026-04-13,4:45:00,,1490
2026-04-13,4:48:00,,1490
2026-04-13,4:51:00,,1491
2026-04-13,4:54:00,,1491
2026-04-13,4:57:00,,1491
2026-04-13,5:00:00,,1492
2026-04-13,5:03:00,,1492
2026-04-13,5:06:00,,1492
2026-04-13,5:09:00,,1492
2026-04-13,5:12:00,,1492
2026-04-13,5:15:00,,1492
2026-04-13,5:18:00,,1491
2026-04-13,5:21:00,,1491
2026-04-13,5:24:00,,1492
2026-04-13,5:27:00,,1492
2026-04-13,5:30:00,,1491
2026-04-13,5:33:00,,1491
2026-04-13,5:36:00,,1491
2026-04-13,5:39:00,,1491
2026-04-13,5:42:00,,1492
2026-04-13,5:45:00,,1491
2026-04-13,5:48:00,,1492
2026-04-13,5:51:00,,1491
2026-04-13,5:54:00,,1492
2026-04-13,5:57:00,,1491
2026-04-13,6:00:00,,1491
2026-04-13,6:03:00,,1492
2026-04-13,6:06:00,,1491
2026-04-13,6:09:00,,1491
2026-04-13,6:12:00,,1493
2026-04-13,6:15:00,,1492
2026-04-13,6:18:00,,1491
2026-04-13,6:21:00,,1492
2026-04-13,6:24:00,,1492
2026-04-13,6:27:00,,1491
2026-04-13,6:30:00,,1492
2026-04-13,6:33:00,,1492
2026-04-13,6:36:00,,1491
2026-04-13,6:39:00,,1491
2026-04-13,6:42:00,,1491
2026-04-13,6:45:00,,1492
2026-04-13,6:48:00,,1492
2026-04-13,6:51:00,,1492
2026-04-13,6:54:00,,1491
2026-04-13,6:57:00,,1491
2026-04-13,7:00:00,1483.09,1493
2026-04-13,7:03:00,,1492
2026-04-13,7:06:00,,1493
2026-04-13,7:09:00,,1492
2026-04-13,7:12:00,,1492
2026-04-13,7:15:00,,1493
2026-04-13,7:18:00,1483.09,1492
2026-04-13,7:21:00,,1493
2026-04-13,7:24:00,,1492
2026-04-13,7:27:00,,1493
2026-04-13,7:30:00,,1493
2026-04-13,7:33:00,,1494
2026-04-13,7:36:00,,1494
2026-04-13,7:39:00,,1492
2026-04-13,7:42:00,,1493
2026-04-13,7:45:00,,1493
2026-04-13,7:48:00,,1494
2026-04-13,7:51:00,,1492
2026-04-13,7:54:00,,1493
2026-04-13,7:57:00,,1492
2026-04-13,8:00:00,,1493
2026-04-13,8:03:00,,1494
2026-04-13,8:06:00,,1493
2026-04-13,8:09:00,,1494
2026-04-13,8:12:00,,1493
2026-04-13,8:15:00,,1493
2026-04-13,8:18:00,,1493
2026-04-13,8:21:00,,1494
2026-04-13,8:24:00,,1494
2026-04-13,8:27:00,,1493
2026-04-13,8:30:00,,1494
2026-04-13,8:33:00,,1494
2026-04-13,8:36:00,,1493
2026-04-13,8:39:00,,1494
2026-04-13,8:42:00,,1494
2026-04-13,8:45:00,,1495
2026-04-13,8:48:00,,1494
2026-04-13,8:51:00,,1495
2026-04-13,8:54:00,,1495
2026-04-13,8:57:00,,1495
2026-04-13,9:00:00,1497.78,1496
2026-04-13,9:03:00,1497.18,1496
2026-04-13,9:06:00,1496.88,1497
2026-04-13,9:09:00,1495.38,1496
2026-04-13,9:12:00,1495.18,1496
2026-04-13,9:15:00,1495.08,1497
2026-04-13,9:18:00,1494.38,1497
2026-04-13,9:21:00,1493.78,1497
2026-04-13,9:24:00,1494.08,1497
2026-04-13,9:27:00,1493.48,1495
2026-04-13,9:30:00,1493.08,1495
2026-04-13,9:33:00,1493.08,1495
2026-04-13,9:36:00,1492.8,1495
2026-04-13,9:39:00,1493.68,1494
2026-04-13,9:42:00,1494.78,1496
2026-04-13,9:45:00,1493.98,1496
2026-04-13,9:48:00,1493.98,1496
2026-04-13,9:51:00,1493.55,1495
2026-04-13,9:54:00,1491.78,1495
2026-04-13,9:57:00,1491.48,1494
2026-04-13,10:00:00,1491.48,1494
2026-04-13,10:03:00,1492.06,1494
2026-04-13,10:06:00,1491.48,1494
2026-04-13,10:09:00,1488.78,1494
2026-04-13,10:12:00,1489.28,1494
2026-04-13,10:15:00,1489.08,1494
2026-04-13,10:18:00,1488.58,1492
2026-04-13,10:21:00,1490.18,1493
2026-04-13,10:24:00,1490.08,1492
2026-04-13,10:27:00,,1493
2026-04-13,10:30:00,,1492
2026-04-13,10:33:00,1490.2,1492
2026-04-13,10:36:00,1490.45,1493
2026-04-13,10:39:00,1490.85,1493
2026-04-13,10:42:00,1491.08,1492
2026-04-13,10:45:00,1490.78,1493
2026-04-13,10:48:00,1490.78,1493
2026-04-13,10:51:00,1490.37,1493
2026-04-13,10:54:00,1489.18,1493
2026-04-13,10:57:00,1489.68,1492
2026-04-13,11:00:00,1489.98,1493
2026-04-13,11:03:00,1489.18,1493
2026-04-13,11:06:00,1488.68,1492
2026-04-13,11:09:00,1489.18,1493
2026-04-13,11:12:00,1489.38,1492
2026-04-13,11:15:00,1489.48,1493
2026-04-13,11:18:00,1489.68,1493
2026-04-13,11:21:00,1489.68,1493
2026-04-13,11:24:00,1489.58,1493
2026-04-13,11:27:00,1489.27,1493
2026-04-13,11:30:00,1489.48,1492
2026-04-13,11:33:00,1489.29,1493
2026-04-13,11:36:00,1490.08,1492
2026-04-13,11:39:00,1489.58,1493
2026-04-13,11:42:00,1489.45,1493
2026-04-13,11:45:00,1489.86,1493
2026-04-13,11:48:00,1490.08,1493
2026-04-13,11:51:00,1489.58,1493
2026-04-13,11:54:00,1489.13,1493
2026-04-13,11:57:00,1488.28,1493
2026-04-13,12:00:00,1488.18,1493
2026-04-13,12:03:00,1488.28,1492
2026-04-13,12:06:00,1488.38,1493
2026-04-13,12:09:00,1489.18,1493
2026-04-13,12:12:00,1489.05,1492
2026-04-13,12:15:00,1488.54,1493
2026-04-13,12:18:00,1488.58,1493
2026-04-13,12:21:00,1488.08,1493
2026-04-13,12:24:00,1487.75,1493
2026-04-13,12:27:00,1487.78,1493
2026-04-13,12:30:00,1488.08,1494
2026-04-13,12:33:00,1488.18,1493
2026-04-13,12:36:00,1488.48,1493
2026-04-13,12:39:00,1487.98,1493
2026-04-13,12:42:00,1487.78,1492
2026-04-13,12:45:00,1488.28,1492
2026-04-13,12:48:00,1488.48,1493
2026-04-13,12:51:00,1488.16,1493
2026-04-13,12:54:00,1487.88,1492
2026-04-13,12:57:00,1487.59,1493
2026-04-13,13:00:00,1487.88,1493
2026-04-13,13:03:00,1488.08,1492
2026-04-13,13:06:00,1487.87,1493
2026-04-13,13:09:00,1487.68,1492
2026-04-13,13:12:00,1487.16,1492
2026-04-13,13:15:00,1486.95,1492
2026-04-13,13:18:00,1487.28,1492
2026-04-13,13:21:00,1487.53,1492
2026-04-13,13:24:00,1486.78,1492
2026-04-13,13:27:00,1487.08,1491
2026-04-13,13:30:00,1487.08,1491
2026-04-13,13:33:00,1487.78,1492
2026-04-13,13:36:00,1487.98,1492
2026-04-13,13:39:00,1487.88,1492
2026-04-13,13:42:00,1487.61,1492
2026-04-13,13:45:00,1487.3,1492
2026-04-13,13:48:00,1488.08,1493
2026-04-13,13:51:00,1487.78,1493
2026-04-13,13:54:00,1487.58,1493
2026-04-13,13:57:00,1487.88,1493
2026-04-13,14:00:00,1487.98,1493
2026-04-13,14:03:00,1488.58,1494
2026-04-13,14:06:00,1488.48,1494
2026-04-13,14:09:00,1489.08,1494
2026-04-13,14:12:00,1488.08,1493
2026-04-13,14:15:00,1488.1,1494
2026-04-13,14:18:00,1487.78,1493
2026-04-13,14:21:00,1487.88,1493
2026-04-13,14:24:00,1487.58,1493
2026-04-13,14:27:00,1487.25,1494
2026-04-13,14:30:00,1487.53,1493
2026-04-13,14:33:00,1486.77,1493
2026-04-13,14:36:00,1487.48,1494
2026-04-13,14:39:00,1487.58,1494
2026-04-13,14:42:00,1487.68,1493
2026-04-13,14:45:00,1487.68,1494
2026-04-13,14:48:00,1487.37,1492
2026-04-13,14:51:00,1487.48,1492
2026-04-13,14:54:00,1487.64,1492
2026-04-13,14:57:00,1488.28,1492
2026-04-13,15:00:00,1487.88,1492
2026-04-13,15:03:00,1487.78,1492
2026-04-13,15:06:00,1487.38,1492
2026-04-13,15:09:00,1487.88,1491
2026-04-13,15:12:00,1488.58,1492
2026-04-13,15:15:00,1488.38,1492
2026-04-13,15:18:00,1489.18,1491
2026-04-13,15:21:00,1489.65,1492
2026-04-13,15:24:00,1489.08,1491
2026-04-13,15:27:00,1489.18,1492
2026-04-13,15:30:00,1488.68,1492
2026-04-13,15:33:00,1489.18,1492
2026-04-13,15:36:00,1489.78,1493
2026-04-13,15:39:00,1489.98,1493
2026-04-13,15:42:00,1490.28,1493
2026-04-13,15:45:00,1490.18,1492
2026-04-13,15:48:00,1490.12,1493
2026-04-13,15:51:00,1490.54,1493
2026-04-13,15:54:00,1489.32,1493
2026-04-13,15:57:00,1488.09,1492
2026-04-13,16:00:00,1487.78,1493
2026-04-13,16:03:00,1488.08,1493
2026-04-13,16:06:00,1488.74,1492
2026-04-13,16:09:00,1488.48,1491
2026-04-13,16:12:00,1488.67,1492
2026-04-13,16:15:00,1488.73,1491
2026-04-13,16:18:00,1488.54,1491
2026-04-13,16:21:00,1487.88,1492
2026-04-13,16:24:00,1488.75,1493
2026-04-13,16:27:00,1488.01,1492
2026-04-13,16:30:00,1486.98,1493
2026-04-13,16:33:00,1487.46,1493
2026-04-13,16:36:00,1486.98,1492
2026-04-13,16:39:00,1488.01,1492
2026-04-13,16:42:00,1487.78,1491
2026-04-13,16:45:00,1487.8,1492
2026-04-13,16:48:00,1488.35,1493
2026-04-13,16:51:00,1488,1493
2026-04-13,16:54:00,1487.19,1492
2026-04-13,16:57:00,1487.56,1493
2026-04-13,17:00:00,1487.48,1492
2026-04-13,17:03:00,1487,1494
2026-04-13,17:06:00,1487.54,1494
2026-04-13,17:09:00,1487.38,1493
2026-04-13,17:12:00,1487.68,1493
2026-04-13,17:15:00,1487.58,1493
2026-04-13,17:18:00,1487.18,1493
2026-04-13,17:21:00,1485.98,1494
2026-04-13,17:24:00,1484.08,1493
2026-04-13,17:27:00,1484.28,1493
2026-04-13,17:30:00,1484.08,1493
2026-04-13,17:33:00,1484.24,1492
2026-04-13,17:36:00,1484.79,1493
2026-04-13,17:39:00,1486.08,1493
2026-04-13,17:42:00,1486.75,1493
2026-04-13,17:45:00,1485.88,1493
2026-04-13,17:48:00,1485.6,1492
2026-04-13,17:51:00,1486.77,1492
2026-04-13,17:54:00,1486.63,1493
2026-04-13,17:57:00,1486.47,1493
2026-04-13,18:00:00,1486.86,1492
2026-04-13,18:03:00,1486.99,1492
2026-04-13,18:06:00,1486.65,1492
2026-04-13,18:09:00,1487.47,1492
2026-04-13,18:12:00,1486.78,1492
2026-04-13,18:15:00,1486.98,1491
2026-04-13,18:18:00,1486.53,1492
2026-04-13,18:21:00,1486.45,1491
2026-04-13,18:24:00,1486.57,1491
2026-04-13,18:27:00,1486.79,1491
2026-04-13,18:30:00,1486.4,1492
2026-04-13,18:33:00,1486.44,1492
2026-04-13,18:36:00,1486.49,1491
2026-04-13,18:39:00,1486.48,1492
2026-04-13,18:42:00,1486.75,1491
2026-04-13,18:45:00,1486.98,1491
2026-04-13,18:48:00,1487.15,1491
2026-04-13,18:51:00,1487.28,1491
2026-04-13,18:54:00,1486.81,1492
2026-04-13,18:57:00,1486.68,1492
2026-04-13,19:00:00,1486.48,1491
2026-04-13,19:03:00,1486.71,1492
2026-04-13,19:06:00,1486.14,1492
2026-04-13,19:09:00,1486.68,1492
2026-04-13,19:12:00,1486.86,1491
2026-04-13,19:15:00,1487.19,1492
2026-04-13,19:18:00,1486.77,1491
2026-04-13,19:21:00,1487.88,1491
2026-04-13,19:24:00,1487.66,1492
2026-04-13,19:27:00,1487.28,1491
2026-04-13,19:30:00,1487.28,1491
2026-04-13,19:33:00,1487.48,1492
2026-04-13,19:36:00,1487.17,1492
2026-04-13,19:39:00,1487.28,1493
2026-04-13,19:42:00,1487.21,1492
2026-04-13,19:45:00,1486.98,1492
2026-04-13,19:48:00,1487.08,1493
2026-04-13,19:51:00,1486.98,1492
2026-04-13,19:54:00,1487.16,1492
2026-04-13,19:57:00,1487.12,1492
2026-04-13,20:00:00,1486.89,1491
2026-04-13,20:03:00,1486.7,1492
2026-04-13,20:06:00,1486.58,1492
2026-04-13,20:09:00,1486.38,1492
2026-04-13,20:12:00,1486.46,1492
2026-04-13,20:15:00,1486.67,1492
2026-04-13,20:18:00,1486.75,1491
2026-04-13,20:21:00,1486.51,1492
2026-04-13,20:24:00,1486.98,1491
2026-04-13,20:27:00,1486.82,1492
2026-04-13,20:30:00,1486.8,1491
2026-04-13,20:33:00,1487.15,1492
2026-04-13,20:36:00,1487.82,1491
2026-04-13,20:39:00,1487.88,1492
2026-04-13,20:42:00,1487.67,1492
2026-04-13,20:45:00,1487.65,1492
2026-04-13,20:48:00,1487.99,1491
2026-04-13,20:51:00,1488.58,1491
2026-04-13,20:54:00,1489.28,1493
2026-04-13,20:57:00,1489.38,1492
2026-04-13,21:00:00,1489.08,1493
2026-04-13,21:03:00,1489.48,1492
2026-04-13,21:06:00,1489.28,1492
2026-04-13,21:09:00,1488.96,1492
2026-04-13,21:12:00,,1493
2026-04-13,21:15:00,1489.01,1493
2026-04-13,21:18:00,1489.23,1493
2026-04-13,21:21:00,1489.38,1492
2026-04-13,21:24:00,1488.86,1493
2026-04-13,21:27:00,1489.48,1493
2026-04-13,21:30:00,1489.27,1493
2026-04-13,21:33:00,1489.06,1493
2026-04-13,21:36:00,1488.91,1493
2026-04-13,21:39:00,1488.92,1494
2026-04-13,21:42:00,1489.28,1493
2026-04-13,21:45:00,1488.09,1493
2026-04-13,21:48:00,1486.98,1492
2026-04-13,21:51:00,1487.5,1492
2026-04-13,21:54:00,1487.68,1492
2026-04-13,21:57:00,1487.67,1491
2026-04-13,22:00:00,1487.46,1492
2026-04-13,22:03:00,1487.89,1491
2026-04-13,22:06:00,1487.78,1491
2026-04-13,22:09:00,1486.88,1491
2026-04-13,22:12:00,1487.87,1492
2026-04-13,22:15:00,1487.87,1491
2026-04-13,22:18:00,1487.88,1492
2026-04-13,22:21:00,1487.26,1491
2026-04-13,22:24:00,1486.98,1491
2026-04-13,22:27:00,1486.68,1492
2026-04-13,22:30:00,1487.25,1492
2026-04-13,22:33:00,1486.52,1491
2026-04-13,22:36:00,1486.64,1492
2026-04-13,22:39:00,1486.91,1491
2026-04-13,22:42:00,1486.56,1491
2026-04-13,22:45:00,1486.38,1492
2026-04-13,22:48:00,1483.28,1490
2026-04-13,22:51:00,1483.6,1490
2026-04-13,22:54:00,1483.46,1490
2026-04-13,22:57:00,1483.91,1490
2026-04-13,23:00:00,1483.78,1490
2026-04-13,23:03:00,1484.68,1490
2026-04-13,23:06:00,1485.53,1490
2026-04-13,23:09:00,1484.28,1490
2026-04-13,23:12:00,1484.58,1489
2026-04-13,23:15:00,1484.53,1490
2026-04-13,23:18:00,,1488
2026-04-13,23:21:00,,1489
2026-04-13,23:24:00,1484.98,1488
2026-04-13,23:27:00,1484.68,1488
2026-04-13,23:30:00,1483.98,1489
2026-04-13,23:33:00,1484.57,1489
2026-04-13,23:36:00,1484,1489
2026-04-13,23:39:00,1483.75,1489
2026-04-13,23:42:00,1484.45,1489
2026-04-13,23:45:00,1483.58,1488
2026-04-13,23:48:00,1485.8,1488
2026-04-13,23:51:00,1484.58,1488
2026-04-13,23:54:00,1484.98,1489
2026-04-13,23:57:00,1484.78,1488
2026-04-14,0:00:00,1485.38,1488
2026-04-14,0:03:00,1485.98,1488
2026-04-14,0:06:00,1485.49,1487
2026-04-14,0:09:00,1485.88,1487
2026-04-14,0:12:00,1485.43,1488
2026-04-14,0:15:00,1485.56,1487
2026-04-14,0:18:00,1485.87,1489
2026-04-14,0:21:00,1485.88,1488
2026-04-14,0:24:00,1485.91,1489
2026-04-14,0:27:00,1486.44,1489
2026-04-14,0:30:00,1487.39,1489
2026-04-14,0:33:00,1487.13,1488
2026-04-14,0:36:00,1486.48,1489
2026-04-14,0:39:00,1486.64,1488
2026-04-14,0:42:00,1486.96,1489
2026-04-14,0:45:00,1486.7,1489
2026-04-14,0:48:00,1486.6,1489
2026-04-14,0:51:00,1487.51,1490
2026-04-14,0:54:00,1487.13,1489
2026-04-14,0:57:00,1486.79,1489
2026-04-14,1:00:00,1487.76,1489
2026-04-14,1:03:00,1487.91,1490
2026-04-14,1:06:00,1487.8,1489
2026-04-14,1:09:00,1486.89,1490
2026-04-14,1:12:00,1486.86,1489
2026-04-14,1:15:00,1487.76,1489
2026-04-14,1:18:00,1485.68,1488
2026-04-14,1:21:00,1485.79,1489
2026-04-14,1:24:00,1485.48,1489
2026-04-14,1:27:00,1484.68,1488
2026-04-14,1:30:00,1485.13,1488
2026-04-14,1:33:00,1483.18,1488
2026-04-14,1:36:00,1483.88,1488
2026-04-14,1:39:00,1482.76,1487
2026-04-14,1:42:00,1482.17,1488
2026-04-14,1:45:00,1481.15,1488
2026-04-14,1:48:00,1481.39,1486
2026-04-14,1:51:00,1481.88,1487
2026-04-14,1:54:00,1481.95,1487
2026-04-14,1:57:00,1481.84,1487
2026-04-14,2:00:00,1481.96,1488
2026-04-14,2:03:00,1481.09,1488
2026-04-14,2:06:00,1481.41,1488
2026-04-14,2:09:00,1481.32,1487
2026-04-14,2:12:00,1481.09,1488
2026-04-14,2:15:00,1482.09,1488
2026-04-14,2:18:00,1479.57,1488
2026-04-14,2:21:00,1479.32,1487
2026-04-14,2:24:00,1479.29,1487
2026-04-14,2:27:00,1479.29,1487
2026-04-14,2:30:00,1479.69,1486
2026-04-14,2:33:00,1479.21,1486
2026-04-14,2:36:00,1479.29,1487
2026-04-14,2:39:00,1479.52,1486
2026-04-14,2:42:00,1479.48,1486
2026-04-14,2:45:00,1482.2,1487
2026-04-14,2:48:00,1482.01,1487
2026-04-14,2:51:00,,1487
2026-04-14,2:54:00,1481.13,1486
2026-04-14,2:57:00,1481.17,1487
2026-04-14,3:00:00,1482.13,1487
2026-04-14,3:03:00,1480.02,1486
2026-04-14,3:06:00,1479.69,1486
2026-04-14,3:09:00,1479.92,1487
2026-04-14,3:12:00,1480.13,1487
2026-04-14,3:15:00,1479.82,1486
2026-04-14,3:18:00,1482.16,1487
2026-04-14,3:21:00,1479.76,1487
2026-04-14,3:24:00,1480.38,1487
2026-04-14,3:27:00,1480.22,1487
2026-04-14,3:30:00,1478.77,1486
2026-04-14,3:33:00,1479.4,1486
2026-04-14,3:36:00,1479.59,1486
2026-04-14,3:39:00,1479.09,1487
2026-04-14,3:42:00,1479.44,1486
2026-04-14,3:45:00,1478.55,1486
2026-04-14,3:48:00,1477.35,1486
2026-04-14,3:51:00,1476.58,1486
2026-04-14,3:54:00,1477.33,1486
2026-04-14,3:57:00,1477.09,1486
2026-04-14,4:00:00,1477.49,1486
2026-04-14,4:03:00,1477.76,1486
2026-04-14,4:06:00,1477.91,1486
2026-04-14,4:09:00,1477.85,1486
2026-04-14,4:12:00,1477.76,1486
2026-04-14,4:15:00,1477.83,1486
2026-04-14,4:18:00,1478.12,1486
2026-04-14,4:21:00,1477.83,1486
2026-04-14,4:24:00,1477.8,1485
2026-04-14,4:27:00,1477.81,1485
2026-04-14,4:30:00,1477.36,1486
2026-04-14,4:33:00,1478.14,1484
2026-04-14,4:36:00,1478.09,1484
2026-04-14,4:39:00,1477.93,1485
2026-04-14,4:42:00,1477.86,1484
2026-04-14,4:45:00,1478.17,1484
2026-04-14,4:48:00,1477.63,1483
2026-04-14,4:51:00,1477.42,1483
2026-04-14,4:54:00,1477.6,1483
2026-04-14,4:57:00,1477.78,1483
2026-04-14,5:00:00,1478.53,1482
2026-04-14,5:03:00,1478.53,1482
2026-04-14,5:06:00,1478.7,1483
2026-04-14,5:09:00,1478.92,1482
2026-04-14,5:12:00,1479.24,1483
2026-04-14,5:15:00,1478.26,1482
2026-04-14,5:18:00,1478.93,1483
2026-04-14,5:21:00,1478.83,1483
2026-04-14,5:24:00,1478.33,1483
2026-04-14,5:27:00,1479,1483
2026-04-14,5:30:00,1478.22,1482
2026-04-14,5:33:00,1478.87,1482
2026-04-14,5:36:00,1478.39,1483
2026-04-14,5:39:00,1479.12,1482
2026-04-14,5:42:00,1478.96,1483
2026-04-14,5:45:00,1479.33,1482
2026-04-14,5:48:00,1478.46,1483
2026-04-14,5:51:00,1478.18,1483
2026-04-14,5:54:00,1477.96,1483
2026-04-14,5:57:00,1479.2,1483
2026-04-14,6:00:00,1478.99,1483
2026-04-14,6:03:00,1478.27,1483
2026-04-14,6:06:00,1478.43,1484
2026-04-14,6:09:00,1478.33,1484
2026-04-14,6:12:00,1478.43,1484
2026-04-14,6:15:00,,1483
2026-04-14,6:18:00,,1483
2026-04-14,6:21:00,,1484
2026-04-14,6:24:00,,1482
2026-04-14,6:27:00,,1482
2026-04-14,6:30:00,,1484
2026-04-14,6:33:00,,1483
2026-04-14,6:36:00,,1482
2026-04-14,6:39:00,,1482
2026-04-14,6:42:00,,1482
2026-04-14,6:45:00,,1482
2026-04-14,6:48:00,,1483
2026-04-14,6:51:00,,1482
2026-04-14,6:54:00,,1482
2026-04-14,6:57:00,1478.14,1483
2026-04-14,7:00:00,1477.88,1483
2026-04-14,7:03:00,1477.8,1482
2026-04-14,7:06:00,1478,1482
2026-04-14,7:09:00,,1482
2026-04-14,7:12:00,,1481
2026-04-14,7:15:00,,1479
2026-04-14,7:18:00,,1479
2026-04-14,7:21:00,,1477
2026-04-14,7:24:00,1477.91,1478
2026-04-14,7:27:00,1477.82,1477
2026-04-14,7:30:00,,1477
2026-04-14,7:33:00,,1477
2026-04-14,7:36:00,,1477
2026-04-14,7:39:00,,1476
2026-04-14,7:42:00,,1477
2026-04-14,7:45:00,,1477
2026-04-14,7:48:00,,1476
2026-04-14,7:51:00,,1476
2026-04-14,7:54:00,,1475
2026-04-14,7:57:00,,1475
2026-04-14,8:00:00,,1476
2026-04-14,8:03:00,,1475
2026-04-14,8:06:00,,1475
2026-04-14,8:09:00,,1475
2026-04-14,8:12:00,,1475
2026-04-14,8:15:00,,1475
2026-04-14,8:18:00,,1475
2026-04-14,8:21:00,,1473
2026-04-14,8:24:00,,1473
2026-04-14,8:27:00,,1474
2026-04-14,8:30:00,,1475
2026-04-14,8:33:00,,1473
2026-04-14,8:36:00,,1474
2026-04-14,8:39:00,1477.82,1473
2026-04-14,8:42:00,,1473
2026-04-14,8:45:00,,1476
2026-04-14,8:48:00,,1475
2026-04-14,8:51:00,,1475
2026-04-14,8:54:00,,1475
2026-04-14,8:57:00,,1475
2026-04-14,9:00:00,1476.98,1476
2026-04-14,9:03:00,1478.18,1476
2026-04-14,9:06:00,1478.58,1477
2026-04-14,9:09:00,1480.38,1476
2026-04-14,9:12:00,1478.88,1475
2026-04-14,9:15:00,1477.98,1475
2026-04-14,9:18:00,1477.48,1476
2026-04-14,9:21:00,1477.92,1476
2026-04-14,9:24:00,1478.49,1476
2026-04-14,9:27:00,1479.12,1476
2026-04-14,9:30:00,1478.9,1476
2026-04-14,9:33:00,1479.28,1475
2026-04-14,9:36:00,1479.38,1475
2026-04-14,9:39:00,1479.08,1475
2026-04-14,9:42:00,1479.08,1475
2026-04-14,9:45:00,1478.97,1477
2026-04-14,9:48:00,1478.18,1477
2026-04-14,9:51:00,1478.48,1477
2026-04-14,9:54:00,1479.18,1475
2026-04-14,9:57:00,1479.68,1475
2026-04-14,10:00:00,1479.29,1476
2026-04-14,10:03:00,1479.38,1476
2026-04-14,10:06:00,1479.98,1475
2026-04-14,10:09:00,1480.28,1476
2026-04-14,10:12:00,1480.48,1477
2026-04-14,10:15:00,1481.28,1477
2026-04-14,10:18:00,1481.68,1476
2026-04-14,10:21:00,1481.29,1476
2026-04-14,10:24:00,1480.68,1477
2026-04-14,10:27:00,1480.86,1478
2026-04-14,10:30:00,1482.38,1478
2026-04-14,10:33:00,1481.96,1478
2026-04-14,10:36:00,1482.28,1478
2026-04-14,10:39:00,1481.85,1477
2026-04-14,10:42:00,1482.68,1478
2026-04-14,10:45:00,1482.58,1477
2026-04-14,10:48:00,1483.08,1477
2026-04-14,10:51:00,1482.86,1478
2026-04-14,10:54:00,1483.28,1478
2026-04-14,10:57:00,1483.29,1478
2026-04-14,11:00:00,1484.08,1479
2026-04-14,11:03:00,1483.26,1479
2026-04-14,11:06:00,1482.98,1479
2026-04-14,11:09:00,1483.36,1478
2026-04-14,11:12:00,1483.03,1479
2026-04-14,11:15:00,1482.38,1479
2026-04-14,11:18:00,1483.08,1479
2026-04-14,11:21:00,1484.18,1479
2026-04-14,11:24:00,1484.48,1480
2026-04-14,11:27:00,1484.68,1479
2026-04-14,11:30:00,1484.43,1479
2026-04-14,11:33:00,1484.52,1480
2026-04-14,11:36:00,1483.98,1479
2026-04-14,11:39:00,1483.38,1479
2026-04-14,11:42:00,1483.04,1479
2026-04-14,11:45:00,1483.13,1478
2026-04-14,11:48:00,1483.48,1479
2026-04-14,11:51:00,1483.35,1479
2026-04-14,11:54:00,1483.98,1479
2026-04-14,11:57:00,1483.09,1479
2026-04-14,12:00:00,1482.78,1479
2026-04-14,12:03:00,1483.08,1478
2026-04-14,12:06:00,1482.98,1478
2026-04-14,12:09:00,1483.15,1478
2026-04-14,12:12:00,1483.38,1478
2026-04-14,12:15:00,1482.71,1479
2026-04-14,12:18:00,1483.18,1478
2026-04-14,12:21:00,1483.78,1479
2026-04-14,12:24:00,1483.02,1478
2026-04-14,12:27:00,1483.72,1479
2026-04-14,12:30:00,1483.5,1478
2026-04-14,12:33:00,1483.34,1479
2026-04-14,12:36:00,1482.88,1478
2026-04-14,12:39:00,1482.32,1479
2026-04-14,12:42:00,1482.78,1478
2026-04-14,12:45:00,1482.39,1478
2026-04-14,12:48:00,1482.21,1478
2026-04-14,12:51:00,1481.86,1479
2026-04-14,12:54:00,1481.98,1479
2026-04-14,12:57:00,1482.44,1479
2026-04-14,13:00:00,1482.58,1478
2026-04-14,13:03:00,1482.58,1479
2026-04-14,13:06:00,1481.91,1478
2026-04-14,13:09:00,1481.88,1478
2026-04-14,13:12:00,1482.09,1478
2026-04-14,13:15:00,1482,1478
2026-04-14,13:18:00,1480.58,1479
2026-04-14,13:21:00,1480.78,1478
2026-04-14,13:24:00,1480.88,1478
2026-04-14,13:27:00,1480.99,1479
2026-04-14,13:30:00,1480.76,1478
2026-04-14,13:33:00,1480.73,1478
2026-04-14,13:36:00,1481.48,1477
2026-04-14,13:39:00,1480.89,1477
2026-04-14,13:42:00,1480.69,1478
2026-04-14,13:45:00,1480.28,1477
2026-04-14,13:48:00,1480.48,1477
2026-04-14,13:51:00,1480.36,1478
2026-04-14,13:54:00,1480.58,1478
2026-04-14,13:57:00,1480.48,1478
2026-04-14,14:00:00,1479.2,1479
2026-04-14,14:03:00,1480.2,1478
2026-04-14,14:06:00,1479.58,1478
2026-04-14,14:09:00,1479.77,1477
2026-04-14,14:12:00,1479.77,1477
2026-04-14,14:15:00,1479.9,1477
2026-04-14,14:18:00,1479.98,1478
2026-04-14,14:21:00,1480.59,1478
2026-04-14,14:24:00,1481.18,1477
2026-04-14,14:27:00,1481.28,1477
2026-04-14,14:30:00,1481.78,1477
2026-04-14,14:33:00,1481.64,1478
2026-04-14,14:36:00,1481.49,1477
2026-04-14,14:39:00,1481.16,1477
2026-04-14,14:42:00,1481.18,1477
2026-04-14,14:45:00,1481.32,1477
2026-04-14,14:48:00,1481.51,1478
2026-04-14,14:51:00,1481.96,1477
2026-04-14,14:54:00,1481.88,1478
2026-04-14,14:57:00,1482.28,1477
2026-04-14,15:00:00,1481.2,1477
2026-04-14,15:03:00,1481.48,1478
2026-04-14,15:06:00,1481.58,1478
2026-04-14,15:09:00,1481.78,1478
2026-04-14,15:12:00,1482.78,1477
2026-04-14,15:15:00,1481.88,1478
2026-04-14,15:18:00,1481.18,1478
2026-04-14,15:21:00,1480.78,1477
2026-04-14,15:24:00,1480.68,1478
2026-04-14,15:27:00,1480.78,1477
2026-04-14,15:30:00,1481.82,1478
2026-04-14,15:33:00,1480.88,1477
2026-04-14,15:36:00,1480.27,1477
2026-04-14,15:39:00,1480.92,1478
2026-04-14,15:42:00,1479.68,1478
2026-04-14,15:45:00,1478.48,1478
2026-04-14,15:48:00,1479.64,1477
2026-04-14,15:51:00,1479.48,1477
2026-04-14,15:54:00,1479.38,1476
2026-04-14,15:57:00,1478.08,1476
2026-04-14,16:00:00,1476.78,1477
2026-04-14,16:03:00,1476.28,1476
2026-04-14,16:06:00,1475.18,1477
2026-04-14,16:09:00,1475.68,1476
2026-04-14,16:12:00,1477.28,1476
2026-04-14,16:15:00,1477.3,1475
2026-04-14,16:18:00,1477.16,1476
2026-04-14,16:21:00,1477.98,1476
2026-04-14,16:24:00,1478.38,1477
2026-04-14,16:27:00,1477.78,1477
2026-04-14,16:30:00,1477.48,1478
2026-04-14,16:33:00,1477.18,1478
2026-04-14,16:36:00,1476.52,1477
2026-04-14,16:39:00,1476.59,1476
2026-04-14,16:42:00,1476.71,1477
2026-04-14,16:45:00,1476,1477
2026-04-14,16:48:00,1475.61,1476
2026-04-14,16:51:00,1476.83,1476
2026-04-14,16:54:00,1476.7,1477
2026-04-14,16:57:00,1476.17,1476
2026-04-14,17:00:00,1476.78,1478
2026-04-14,17:03:00,1477.18,1478
2026-04-14,17:06:00,1477.68,1479
2026-04-14,17:09:00,1477.38,1478
2026-04-14,17:12:00,1476.58,1479
2026-04-14,17:15:00,1477.08,1479
2026-04-14,17:18:00,1477.03,1479
2026-04-14,17:21:00,1477.18,1478
2026-04-14,17:24:00,1473.68,1478
2026-04-14,17:27:00,1471.98,1478
2026-04-14,17:30:00,1473.58,1477
2026-04-14,17:33:00,1475.29,1477
2026-04-14,17:36:00,1472.83,1477
2026-04-14,17:39:00,1473.98,1477
2026-04-14,17:42:00,1472.78,1477
2026-04-14,17:45:00,1474.22,1477
2026-04-14,17:48:00,1474.58,1477
2026-04-14,17:51:00,1475.59,1476
2026-04-14,17:54:00,1474.25,1478
2026-04-14,17:57:00,1473.38,1477
2026-04-14,18:00:00,1473.23,1476
2026-04-14,18:03:00,1472.28,1475
2026-04-14,18:06:00,1473.29,1475
2026-04-14,18:09:00,1473.12,1474
2026-04-14,18:12:00,1471.96,1475
2026-04-14,18:15:00,1471.69,1474
2026-04-14,18:18:00,1469.74,1474
2026-04-14,18:21:00,1471.18,1474
2026-04-14,18:24:00,1471.51,1474
2026-04-14,18:27:00,1472.61,1474
2026-04-14,18:30:00,1471.46,1475
2026-04-14,18:33:00,1472.24,1475
2026-04-14,18:36:00,1471.38,1474
2026-04-14,18:39:00,1470.78,1475
2026-04-14,18:42:00,1470.52,1474
2026-04-14,18:45:00,1471.18,1474
2026-04-14,18:48:00,1471.3,1475
2026-04-14,18:51:00,1471.18,1474
2026-04-14,18:54:00,1471.87,1473
2026-04-14,18:57:00,1471.88,1475
2026-04-14,19:00:00,1471.18,1475
2026-04-14,19:03:00,1471.68,1475
2026-04-14,19:06:00,1470.36,1474
2026-04-14,19:09:00,1471.08,1474
2026-04-14,19:12:00,1470.91,1475
2026-04-14,19:15:00,1470.95,1474
2026-04-14,19:18:00,1470.29,1474
2026-04-14,19:21:00,1470.07,1474
2026-04-14,19:24:00,1470.18,1475
2026-04-14,19:27:00,1470.18,1475
2026-04-14,19:30:00,1469.68,1475
2026-04-14,19:33:00,1470.39,1475
2026-04-14,19:36:00,1470.14,1475
2026-04-14,19:39:00,1471.14,1475
2026-04-14,19:42:00,1471.65,1475
2026-04-14,19:45:00,1470.75,1474
2026-04-14,19:48:00,1471.58,1474
2026-04-14,19:51:00,1471.56,1475
2026-04-14,19:54:00,1471.63,1475
2026-04-14,19:57:00,1471.38,1475
2026-04-14,20:00:00,1471.58,1475
2026-04-14,20:03:00,1471.49,1475
2026-04-14,20:06:00,1471.68,1474
2026-04-14,20:09:00,1471.58,1475
2026-04-14,20:12:00,1471.48,1474
2026-04-14,20:15:00,1471.01,1475
2026-04-14,20:18:00,1471.01,1474
2026-04-14,20:21:00,1470.78,1474
2026-04-14,20:24:00,1471.2,1474
2026-04-14,20:27:00,1469.88,1474
2026-04-14,20:30:00,1470.38,1475
2026-04-14,20:33:00,1470.38,1474
2026-04-14,20:36:00,1471.52,1474
2026-04-14,20:39:00,1470.74,1475
2026-04-14,20:42:00,1470.76,1475
2026-04-14,20:45:00,1470.77,1474
2026-04-14,20:48:00,1470.26,1474
2026-04-14,20:51:00,1470.23,1473
2026-04-14,20:54:00,1471.1,1474
2026-04-14,20:57:00,1470.37,1474
2026-04-14,21:00:00,1470.24,1474
2026-04-14,21:03:00,1470.98,1473
2026-04-14,21:06:00,1470.1,1474
2026-04-14,21:09:00,1470.39,1474
2026-04-14,21:12:00,1470.72,1475
2026-04-14,21:15:00,1469.45,1474
2026-04-14,21:18:00,1470.08,1474
2026-04-14,21:21:00,1469.67,1475
2026-04-14,21:24:00,1469.77,1474
2026-04-14,21:27:00,1470.36,1474
2026-04-14,21:30:00,1470.62,1474
2026-04-14,21:33:00,1470.09,1474
2026-04-14,21:36:00,1470.11,1474
2026-04-14,21:39:00,1470.57,1474
2026-04-14,21:42:00,1471.18,1474
2026-04-14,21:45:00,1470.88,1474
2026-04-14,21:48:00,1470.68,1474
2026-04-14,21:51:00,1471.11,1475
2026-04-14,21:54:00,1470.81,1474
2026-04-14,21:57:00,1470.74,1474
2026-04-14,22:00:00,1470.58,1474
2026-04-14,22:03:00,1470.68,1475
2026-04-14,22:06:00,1470.58,1474
2026-04-14,22:09:00,1470.55,1475
2026-04-14,22:12:00,1471.18,1475
2026-04-14,22:15:00,1470.68,1474
2026-04-14,22:18:00,1471.28,1475
2026-04-14,22:21:00,1471.58,1475
2026-04-14,22:24:00,1471.58,1475
2026-04-14,22:27:00,1472.18,1475
2026-04-14,22:30:00,1471.97,1475
2026-04-14,22:33:00,1470.86,1474
2026-04-14,22:36:00,1469.78,1473
2026-04-14,22:39:00,1470.7,1473
2026-04-14,22:42:00,1470.68,1473
2026-04-14,22:45:00,1470.34,1472
2026-04-14,22:48:00,1470.98,1473
2026-04-14,22:51:00,1470.65,1473
2026-04-14,22:54:00,1470.06,1472
2026-04-14,22:57:00,1470.82,1472
2026-04-14,23:00:00,1470.65,1472
2026-04-14,23:03:00,1471.68,1473
2026-04-14,23:06:00,1470.87,1473
2026-04-14,23:09:00,1469.88,1473
2026-04-14,23:12:00,1469.52,1473
2026-04-14,23:15:00,1469.76,1474
2026-04-14,23:18:00,1469.58,1473
2026-04-14,23:21:00,1470.08,1473
2026-04-14,23:24:00,1470.14,1473
2026-04-14,23:27:00,1469.77,1473
2026-04-14,23:30:00,1469.68,1472
2026-04-14,23:33:00,1468.88,1474
2026-04-14,23:36:00,1469.38,1474
2026-04-14,23:39:00,1469.85,1475
2026-04-14,23:42:00,1469.18,1475
2026-04-14,23:45:00,1470.02,1475
2026-04-14,23:48:00,1469.68,1475
2026-04-14,23:51:00,1470.08,1475
2026-04-14,23:54:00,1469.28,1474
2026-04-14,23:57:00,1469.24,1475
2026-04-15,0:00:00,1469.88,1474
2026-04-15,0:03:00,1469.58,1475
2026-04-15,0:06:00,1470.08,1475
2026-04-15,0:09:00,1469.88,1475
2026-04-15,0:12:00,1470.2,1475
2026-04-15,0:15:00,1469.85,1476
2026-04-15,0:18:00,1469.78,1476
2026-04-15,0:21:00,1469.68,1475
2026-04-15,0:24:00,1469.98,1476
2026-04-15,0:27:00,1470.28,1475
2026-04-15,0:30:00,1470.48,1475
2026-04-15,0:33:00,1470.28,1476
2026-04-15,0:36:00,1469.71,1475
2026-04-15,0:39:00,1470.98,1476
2026-04-15,0:42:00,1471.08,1476
2026-04-15,0:45:00,1471.33,1475
2026-04-15,0:48:00,1470.93,1476
2026-04-15,0:51:00,1471.05,1475
2026-04-15,0:54:00,1471.48,1475
2026-04-15,0:57:00,1470.58,1475
2026-04-15,1:00:00,1471.48,1476
2026-04-15,1:03:00,1471.62,1475
2026-04-15,1:06:00,1471.45,1475
2026-04-15,1:09:00,1471.56,1476
2026-04-15,1:12:00,1471.08,1475
2026-04-15,1:15:00,1471.62,1476
2026-04-15,1:18:00,1471.48,1476
2026-04-15,1:21:00,1471.8,1476
2026-04-15,1:24:00,1471.28,1477
2026-04-15,1:27:00,1471.54,1476
2026-04-15,1:30:00,1471.65,1476
2026-04-15,1:33:00,1471.08,1477
2026-04-15,1:36:00,1472.07,1477
2026-04-15,1:39:00,1471.62,1477
2026-04-15,1:42:00,1471.51,1476
2026-04-15,1:45:00,1471.85,1477
2026-04-15,1:48:00,1471.86,1477
2026-04-15,1:51:00,1471.82,1478
2026-04-15,1:54:00,1471.76,1478
2026-04-15,1:57:00,1471.42,1478
2026-04-15,2:00:00,1471.21,1477
2026-04-15,2:03:00,1472.14,1478
2026-04-15,2:06:00,1470.89,1478
2026-04-15,2:09:00,1472.06,1478
2026-04-15,2:12:00,1471.39,1478
2026-04-15,2:15:00,1472.09,1478
2026-04-15,2:18:00,1472.05,1477
2026-04-15,2:21:00,1472.06,1478
2026-04-15,2:24:00,1471.14,1477
2026-04-15,2:27:00,1471.69,1478
2026-04-15,2:30:00,1472.15,1477
2026-04-15,2:33:00,1471.14,1478
2026-04-15,2:36:00,1472.02,1478
2026-04-15,2:39:00,1472.08,1477
2026-04-15,2:42:00,1472,1478
2026-04-15,2:45:00,1470.89,1478
2026-04-15,2:48:00,1472.14,1477
2026-04-15,2:51:00,1471.84,1477
2026-04-15,2:54:00,1472.02,1478
2026-04-15,2:57:00,1471.54,1477
2026-04-15,3:00:00,1471.91,1477
2026-04-15,3:03:00,1471.78,1478
2026-04-15,3:06:00,1471.73,1477
2026-04-15,3:09:00,1470.83,1478
2026-04-15,3:12:00,1472.01,1477
2026-04-15,3:15:00,1471.99,1478
2026-04-15,3:18:00,1472.22,1478
2026-04-15,3:21:00,1472.66,1479
2026-04-15,3:24:00,1472.12,1478
2026-04-15,3:27:00,1472.28,1479
2026-04-15,3:30:00,1471.75,1478
2026-04-15,3:33:00,1471.61,1479
2026-04-15,3:36:00,1470.46,1479
2026-04-15,3:39:00,1471.71,1479
2026-04-15,3:42:00,1472.1,1479
2026-04-15,3:45:00,1472.1,1480
2026-04-15,3:48:00,1471.98,1480
2026-04-15,3:51:00,1471.89,1480
2026-04-15,3:54:00,1471.77,1479
2026-04-15,3:57:00,1472.24,1480
2026-04-15,4:00:00,1471.79,1479
2026-04-15,4:03:00,1472.03,1480
2026-04-15,4:06:00,1472.05,1480
2026-04-15,4:09:00,1472.16,1479
2026-04-15,4:12:00,1472,1479
2026-04-15,4:15:00,1471.93,1479
2026-04-15,4:18:00,1471.5,1479
2026-04-15,4:21:00,1471.94,1479
2026-04-15,4:24:00,1472.06,1481
2026-04-15,4:27:00,1472.02,1480
2026-04-15,4:30:00,1471.99,1480
2026-04-15,4:33:00,1472.11,1480
2026-04-15,4:36:00,1472.06,1480
2026-04-15,4:39:00,1472.04,1481
2026-04-15,4:42:00,1472.03,1481
2026-04-15,4:45:00,1471.91,1479
2026-04-15,4:48:00,1471.16,1480
2026-04-15,4:51:00,1471.41,1480
2026-04-15,4:54:00,1471.53,1480
2026-04-15,4:57:00,1470.83,1480
2026-04-15,5:00:00,1471.93,1479
2026-04-15,5:03:00,1472.26,1479
2026-04-15,5:06:00,1472.19,1480
2026-04-15,5:09:00,1472.18,1480
2026-04-15,5:12:00,1471.69,1479
2026-04-15,5:15:00,1471.64,1480
2026-04-15,5:18:00,1472.32,1480
2026-04-15,5:21:00,1472.05,1481
2026-04-15,5:24:00,1472.38,1481
2026-04-15,5:27:00,1472.27,1481
2026-04-15,5:30:00,1471.65,1479
2026-04-15,5:33:00,1472.33,1481
2026-04-15,5:36:00,1472.6,1480
2026-04-15,5:39:00,1472.56,1481
2026-04-15,5:42:00,1472.2,1480
2026-04-15,5:45:00,1472.5,1480
2026-04-15,5:48:00,1472.48,1480
2026-04-15,5:51:00,1472.35,1481
2026-04-15,5:54:00,1472.32,1481
2026-04-15,5:57:00,1472.29,1480
2026-04-15,6:00:00,1472.18,1480
2026-04-15,6:03:00,1472.31,1481
2026-04-15,6:06:00,,1481
2026-04-15,6:09:00,,1479
2026-04-15,6:12:00,,1481
2026-04-15,6:15:00,,1481
2026-04-15,6:18:00,,1481
2026-04-15,6:21:00,1470.88,1481
2026-04-15,6:24:00,1470.75,1480
2026-04-15,6:27:00,1470.72,1481
2026-04-15,6:30:00,1470.74,1481
2026-04-15,6:33:00,,1480
2026-04-15,6:36:00,,1481
2026-04-15,6:39:00,,1481
2026-04-15,6:42:00,1471.47,1480
2026-04-15,6:45:00,1470.67,1481
2026-04-15,6:48:00,1470.92,1481
2026-04-15,6:51:00,1470.92,1480
2026-04-15,6:54:00,1470.9,1481
2026-04-15,6:57:00,1470.87,1481
2026-04-15,7:00:00,1472.37,1481
2026-04-15,7:03:00,1471.41,1481
2026-04-15,7:06:00,1470.96,1481
2026-04-15,7:09:00,1470.95,1481
2026-04-15,7:12:00,1470.95,1481
2026-04-15,7:15:00,,1481
2026-04-15,7:18:00,1470.95,1481
2026-04-15,7:21:00,1470.94,1481
2026-04-15,7:24:00,1470.83,1481
2026-04-15,7:27:00,1470.31,1482
2026-04-15,7:30:00,,1481
2026-04-15,7:33:00,,1481
2026-04-15,7:36:00,,1482
2026-04-15,7:39:00,,1481
2026-04-15,7:42:00,,1482
2026-04-15,7:45:00,,1481
2026-04-15,7:48:00,,1482
2026-04-15,7:51:00,,1481
2026-04-15,7:54:00,,1481
2026-04-15,7:57:00,,1481
2026-04-15,8:00:00,,1481
2026-04-15,8:03:00,,1481
2026-04-15,8:06:00,,1481
2026-04-15,8:09:00,,1481
2026-04-15,8:12:00,,1481
2026-04-15,8:15:00,,1481
2026-04-15,8:18:00,,1480
2026-04-15,8:21:00,,1479
2026-04-15,8:24:00,,1480
2026-04-15,8:27:00,,1480
2026-04-15,8:30:00,,1480
2026-04-15,8:33:00,,1480
2026-04-15,8:36:00,,1480
2026-04-15,8:39:00,,1479
2026-04-15,8:42:00,,1480
2026-04-15,8:45:00,,1479
2026-04-15,8:48:00,,1479
2026-04-15,8:51:00,,1479
2026-04-15,8:54:00,,1479
2026-04-15,8:57:00,,1479
2026-04-15,9:00:00,1473.38,1480
2026-04-15,9:03:00,1473.38,1480
2026-04-15,9:06:00,1473.58,1480
2026-04-15,9:09:00,1473.08,1481
2026-04-15,9:12:00,1473.38,1480
2026-04-15,9:15:00,1474.08,1481
2026-04-15,9:18:00,1473.68,1482
2026-04-15,9:21:00,1473.28,1482
2026-04-15,9:24:00,1473.58,1481
2026-04-15,9:27:00,1473.38,1482
2026-04-15,9:30:00,1473.48,1482
2026-04-15,9:33:00,1473.48,1481
2026-04-15,9:36:00,1473.44,1481
2026-04-15,9:39:00,1472.88,1481
2026-04-15,9:42:00,1472.68,1481
2026-04-15,9:45:00,1473.15,1480
2026-04-15,9:48:00,1472.38,1481
2026-04-15,9:51:00,1472.18,1481
2026-04-15,9:54:00,1471.38,1480
2026-04-15,9:57:00,1471.27,1480
2026-04-15,10:00:00,1472.78,1480
2026-04-15,10:03:00,1472.68,1480
2026-04-15,10:06:00,1472.88,1481
2026-04-15,10:09:00,1471.38,1480
2026-04-15,10:12:00,1470.96,1480
2026-04-15,10:15:00,1471.77,1481
2026-04-15,10:18:00,1471.68,1480
2026-04-15,10:21:00,1472.68,1481
2026-04-15,10:24:00,1472.78,1480
2026-04-15,10:27:00,1472.38,1481
2026-04-15,10:30:00,1472.78,1480
2026-04-15,10:33:00,1472.98,1480
2026-04-15,10:36:00,1473.08,1480
2026-04-15,10:39:00,1472.68,1480
2026-04-15,10:42:00,1472.25,1479
2026-04-15,10:45:00,1472.58,1480
2026-04-15,10:48:00,1471.46,1480
2026-04-15,10:51:00,1472.24,1480
2026-04-15,10:54:00,1471.65,1480
2026-04-15,10:57:00,1472.48,1480
2026-04-15,11:00:00,1471.38,1479
2026-04-15,11:03:00,1470.88,1480
2026-04-15,11:06:00,1470.73,1480
2026-04-15,11:09:00,1471.48,1480
2026-04-15,11:12:00,1472.08,1479
2026-04-15,11:15:00,1471.98,1479
2026-04-15,11:18:00,1472.56,1479
2026-04-15,11:21:00,1472.78,1479
2026-04-15,11:24:00,1473.58,1480
2026-04-15,11:27:00,1473,1479
2026-04-15,11:30:00,1474.38,1481
2026-04-15,11:33:00,1474.58,1481
2026-04-15,11:36:00,1473.78,1481
2026-04-15,11:39:00,1474.18,1481
2026-04-15,11:42:00,1473.76,1481
2026-04-15,11:45:00,1474.28,1481
2026-04-15,11:48:00,1473.97,1481
2026-04-15,11:51:00,1473.58,1481
2026-04-15,11:54:00,1473.61,1482
2026-04-15,11:57:00,1473.11,1481
2026-04-15,12:00:00,1473.28,1481
2026-04-15,12:03:00,1473.59,1482
2026-04-15,12:06:00,1473.46,1482
2026-04-15,12:09:00,1472.8,1481
2026-04-15,12:12:00,1472.44,1482
2026-04-15,12:15:00,1472.38,1481
2026-04-15,12:18:00,1472.14,1482
2026-04-15,12:21:00,1472.68,1481
2026-04-15,12:24:00,1472.98,1481
2026-04-15,12:27:00,1472.48,1480
2026-04-15,12:30:00,1472.19,1481
2026-04-15,12:33:00,1472.89,1481
2026-04-15,12:36:00,1472.78,1481
2026-04-15,12:39:00,1472.4,1481
2026-04-15,12:42:00,1472.48,1480
2026-04-15,12:45:00,1472.08,1480
2026-04-15,12:48:00,1472.82,1481
2026-04-15,12:51:00,1472.78,1481
2026-04-15,12:54:00,1472.58,1481
2026-04-15,12:57:00,1472.64,1481
2026-04-15,13:00:00,1472.58,1480
2026-04-15,13:03:00,1472.08,1480
2026-04-15,13:06:00,1472.02,1480
2026-04-15,13:09:00,1471.58,1480
2026-04-15,13:12:00,1471.66,1480
2026-04-15,13:15:00,1471.18,1480
2026-04-15,13:18:00,1471.88,1480
2026-04-15,13:21:00,1472.6,1480
2026-04-15,13:24:00,1472.38,1480
2026-04-15,13:27:00,1472.59,1480
2026-04-15,13:30:00,1472.68,1480
2026-04-15,13:33:00,1472.81,1480
2026-04-15,13:36:00,1473.34,1480
2026-04-15,13:39:00,1473.38,1480
2026-04-15,13:42:00,1473.08,1479
2026-04-15,13:45:00,1472.92,1480
2026-04-15,13:48:00,1473.18,1479
2026-04-15,13:51:00,1472.48,1479
2026-04-15,13:54:00,1473.18,1480
2026-04-15,13:57:00,1472.98,1479
2026-04-15,14:00:00,1472.88,1479
2026-04-15,14:03:00,1473.08,1479
2026-04-15,14:06:00,1472.2,1480
2026-04-15,14:09:00,1472.58,1480
2026-04-15,14:12:00,1472.68,1480
2026-04-15,14:15:00,1472.18,1480
2026-04-15,14:18:00,1472.08,1480
2026-04-15,14:21:00,1472.86,1480
2026-04-15,14:24:00,1472.38,1480
2026-04-15,14:27:00,1472.39,1479
2026-04-15,14:30:00,1472.38,1481
2026-04-15,14:33:00,1473.18,1481
2026-04-15,14:36:00,1473.18,1481
2026-04-15,14:39:00,1473.18,1481
2026-04-15,14:42:00,1472.44,1481
2026-04-15,14:45:00,1472.98,1481
2026-04-15,14:48:00,1473.38,1481
2026-04-15,14:51:00,1473.09,1481
2026-04-15,14:54:00,1473.38,1481
2026-04-15,14:57:00,1473.14,1481
2026-04-15,15:00:00,1473.48,1480
2026-04-15,15:03:00,1473.98,1481
2026-04-15,15:06:00,1473.78,1482
2026-04-15,15:09:00,1473.58,1482
2026-04-15,15:12:00,1474.38,1482
2026-04-15,15:15:00,1474.19,1482
2026-04-15,15:18:00,1473.48,1482
2026-04-15,15:21:00,1473.48,1482
2026-04-15,15:24:00,1474.38,1482
2026-04-15,15:27:00,1473.48,1481
2026-04-15,15:30:00,1474,1482
2026-04-15,15:33:00,1474.42,1481
2026-04-15,15:36:00,1474.58,1482
2026-04-15,15:39:00,1474.69,1482
2026-04-15,15:42:00,1474.12,1481
2026-04-15,15:45:00,1473.78,1482
2026-04-15,15:48:00,1474.7,1482
2026-04-15,15:51:00,1474.58,1481
2026-04-15,15:54:00,1474.88,1482
2026-04-15,15:57:00,1474.98,1482
2026-04-15,16:00:00,1474.58,1481
2026-04-15,16:03:00,1474.28,1481
2026-04-15,16:06:00,1474.52,1481
2026-04-15,16:09:00,1474.38,1480
2026-04-15,16:12:00,1474.56,1481
2026-04-15,16:15:00,1474.46,1482
2026-04-15,16:18:00,1474.66,1482
2026-04-15,16:21:00,1474.49,1482
2026-04-15,16:24:00,1474.46,1483
2026-04-15,16:27:00,1474.23,1482
2026-04-15,16:30:00,1473.88,1482
2026-04-15,16:33:00,1473.94,1483
2026-04-15,16:36:00,1474.18,1482
2026-04-15,16:39:00,1474.2,1482
2026-04-15,16:42:00,1474.01,1482
2026-04-15,16:45:00,1473.96,1482
2026-04-15,16:48:00,1473.85,1483
2026-04-15,16:51:00,1473.47,1482
2026-04-15,16:54:00,1474.88,1482
2026-04-15,16:57:00,1474.89,1481
2026-04-15,17:00:00,1474.78,1482
2026-04-15,17:03:00,1474.18,1482
2026-04-15,17:06:00,1473.95,1481
2026-04-15,17:09:00,1474.5,1481
2026-04-15,17:12:00,1473.81,1482
2026-04-15,17:15:00,1473.23,1481
2026-04-15,17:18:00,1473.25,1482
2026-04-15,17:21:00,1473.38,1481
2026-04-15,17:24:00,1473.48,1481
2026-04-15,17:27:00,1473.93,1480
2026-04-15,17:30:00,1474.03,1480
2026-04-15,17:33:00,1473.99,1481
2026-04-15,17:36:00,1474.21,1481
2026-04-15,17:39:00,1473.65,1480
2026-04-15,17:42:00,1473.78,1481
2026-04-15,17:45:00,1474.04,1481
2026-04-15,17:48:00,1474.52,1481
2026-04-15,17:51:00,1473.88,1481
2026-04-15,17:54:00,1473.98,1481
2026-04-15,17:57:00,1473.58,1481
2026-04-15,18:00:00,1474.88,1481
2026-04-15,18:03:00,1476.47,1481
2026-04-15,18:06:00,1476.41,1480
2026-04-15,18:09:00,1477.06,1482
2026-04-15,18:12:00,1476.18,1481
2026-04-15,18:15:00,1476.36,1482
2026-04-15,18:18:00,1476.16,1481
2026-04-15,18:21:00,1475.81,1481
2026-04-15,18:24:00,1476.29,1481
2026-04-15,18:27:00,1476.75,1482
2026-04-15,18:30:00,1476.77,1482
2026-04-15,18:33:00,1477.98,1482
2026-04-15,18:36:00,1478.58,1481
2026-04-15,18:39:00,1478.19,1481
2026-04-15,18:42:00,1478.18,1481
2026-04-15,18:45:00,1477.71,1481
2026-04-15,18:48:00,1477.68,1481
2026-04-15,18:51:00,1477.78,1482
2026-04-15,18:54:00,1477.38,1482
2026-04-15,18:57:00,1476.58,1482
2026-04-15,19:00:00,1477.17,1481
2026-04-15,19:03:00,1477.08,1482
2026-04-15,19:06:00,1476.58,1481
2026-04-15,19:09:00,1475.48,1482
2026-04-15,19:12:00,1476.08,1482
2026-04-15,19:15:00,1476.69,1482
2026-04-15,19:18:00,1476.08,1482
2026-04-15,19:21:00,1477.26,1482
2026-04-15,19:24:00,1477.45,1482
2026-04-15,19:27:00,1478.24,1482
2026-04-15,19:30:00,1478.38,1483
2026-04-15,19:33:00,1478.52,1482
2026-04-15,19:36:00,1478.64,1482
2026-04-15,19:39:00,1478.18,1482
2026-04-15,19:42:00,1476.18,1482
2026-04-15,19:45:00,1475.98,1482
2026-04-15,19:48:00,1476.78,1482
2026-04-15,19:51:00,1475.73,1483
2026-04-15,19:54:00,1476.35,1482
2026-04-15,19:57:00,1476.58,1482
2026-04-15,20:00:00,1476.28,1481
2026-04-15,20:03:00,1476.28,1481
2026-04-15,20:06:00,1476.53,1482
2026-04-15,20:09:00,1476.11,1481
2026-04-15,20:12:00,1476.64,1482
2026-04-15,20:15:00,1477.05,1482
2026-04-15,20:18:00,1476.82,1482
2026-04-15,20:21:00,1476.63,1481
2026-04-15,20:24:00,1476.64,1481
2026-04-15,20:27:00,1476.57,1482
2026-04-15,20:30:00,1476.83,1482
2026-04-15,20:33:00,1476.88,1482
2026-04-15,20:36:00,1476.49,1481
2026-04-15,20:39:00,1476.92,1482
2026-04-15,20:42:00,1476.86,1481
2026-04-15,20:45:00,1476.99,1482
2026-04-15,20:48:00,1476.68,1481
2026-04-15,20:51:00,1476.05,1480
2026-04-15,20:54:00,1476.48,1480
2026-04-15,20:57:00,1476.68,1481
2026-04-15,21:00:00,1476.88,1481
2026-04-15,21:03:00,1476.92,1481
2026-04-15,21:06:00,1476.98,1482
2026-04-15,21:09:00,1477.24,1482
2026-04-15,21:12:00,1477.58,1481
2026-04-15,21:15:00,1477.58,1481
2026-04-15,21:18:00,1477.27,1481
2026-04-15,21:21:00,1477.48,1481
2026-04-15,21:24:00,1477.18,1482
2026-04-15,21:27:00,1477.18,1482
2026-04-15,21:30:00,1476.41,1481
2026-04-15,21:33:00,1476.68,1481
2026-04-15,21:36:00,1476.88,1481
2026-04-15,21:39:00,1476.88,1481
2026-04-15,21:42:00,1476.44,1481
2026-04-15,21:45:00,1476.88,1481
2026-04-15,21:48:00,1476.24,1481
2026-04-15,21:51:00,1476.38,1481
2026-04-15,21:54:00,1475.68,1481
2026-04-15,21:57:00,1476.53,1481
2026-04-15,22:00:00,1475.54,1482
2026-04-15,22:03:00,1475.98,1482
2026-04-15,22:06:00,1475.88,1481
2026-04-15,22:09:00,1475.84,1481
2026-04-15,22:12:00,1475.78,1481
2026-04-15,22:15:00,1475.62,1480
2026-04-15,22:18:00,1475.24,1481
2026-04-15,22:21:00,1475.28,1480
2026-04-15,22:24:00,1475.05,1480
2026-04-15,22:27:00,1474.53,1481
2026-04-15,22:30:00,1475.38,1480
2026-04-15,22:33:00,1475.5,1481
2026-04-15,22:36:00,1475.78,1481
2026-04-15,22:39:00,1475.49,1481
2026-04-15,22:42:00,1476.75,1481
2026-04-15,22:45:00,1475.88,1482
2026-04-15,22:48:00,1476.16,1481
2026-04-15,22:51:00,1476.97,1481
2026-04-15,22:54:00,1477.28,1482
2026-04-15,22:57:00,1476.69,1481
2026-04-15,23:00:00,,1481
2026-04-15,23:03:00,,1482
2026-04-15,23:06:00,,1482
2026-04-15,23:09:00,,1481
2026-04-15,23:12:00,,1482
2026-04-15,23:15:00,,1481
2026-04-15,23:18:00,,1481
2026-04-15,23:21:00,,1480
2026-04-15,23:24:00,,1480
2026-04-15,23:27:00,,1481
2026-04-15,23:30:00,,1481
2026-04-15,23:33:00,,1480
2026-04-15,23:36:00,,1479
2026-04-15,23:39:00,,1480
2026-04-15,23:42:00,,1480
2026-04-15,23:45:00,,1480
2026-04-15,23:48:00,,1479
2026-04-15,23:51:00,,1480
2026-04-15,23:54:00,,1479
2026-04-15,23:57:00,,1480
2026-04-16,0:00:00,,1479
2026-04-16,0:03:00,,1479
2026-04-16,0:06:00,,1479
2026-04-16,0:09:00,,1479
2026-04-16,0:12:00,,1479
2026-04-16,0:15:00,,1478
2026-04-16,0:18:00,,1478
2026-04-16,0:21:00,,1479
2026-04-16,0:24:00,,1478
2026-04-16,0:27:00,,1478
2026-04-16,0:30:00,1473.72,1481
2026-04-16,0:33:00,1474.24,1481
2026-04-16,0:36:00,,1480
2026-04-16,0:39:00,,1479
2026-04-16,0:42:00,,1479
2026-04-16,0:45:00,,1480
2026-04-16,0:48:00,,1479
2026-04-16,0:51:00,,1480
2026-04-16,0:54:00,,1480
2026-04-16,0:57:00,,1480
2026-04-16,1:00:00,1474.08,1479
2026-04-16,1:03:00,1474.3,1479
2026-04-16,1:06:00,1474.77,1479
2026-04-16,1:09:00,1474.35,1479
2026-04-16,1:12:00,1474.1,1479
2026-04-16,1:15:00,1474.21,1478
2026-04-16,1:18:00,1473.44,1478
2026-04-16,1:21:00,1473.9,1478
2026-04-16,1:24:00,1474.07,1478
2026-04-16,1:27:00,1473.58,1479
2026-04-16,1:30:00,1473.86,1478
2026-04-16,1:33:00,1473.75,1479
2026-04-16,1:36:00,1474.48,1478
2026-04-16,1:39:00,1475.25,1478
2026-04-16,1:42:00,1474.63,1478
2026-04-16,1:45:00,1474.78,1478
2026-04-16,1:48:00,1474.59,1479
2026-04-16,1:51:00,1474.58,1478
2026-04-16,1:54:00,1474.84,1479
2026-04-16,1:57:00,1474.67,1478
2026-04-16,2:00:00,1474.9,1478
2026-04-16,2:03:00,1474.31,1478
2026-04-16,2:06:00,1474.95,1478
2026-04-16,2:09:00,1474.86,1478
2026-04-16,2:12:00,1474.97,1478
2026-04-16,2:15:00,1474.52,1478
2026-04-16,2:18:00,1474.87,1478
2026-04-16,2:21:00,1474.82,1478
2026-04-16,2:24:00,1475.3,1478
2026-04-16,2:27:00,1474.88,1479
2026-04-16,2:30:00,1475.08,1477
2026-04-16,2:33:00,1474.89,1477
2026-04-16,2:36:00,1474.77,1478
2026-04-16,2:39:00,1475.29,1478
2026-04-16,2:42:00,1475.14,1478
2026-04-16,2:45:00,1475.41,1478
2026-04-16,2:48:00,1474.98,1478
2026-04-16,2:51:00,1475.04,1478
2026-04-16,2:54:00,1474.92,1478
2026-04-16,2:57:00,1475.58,1478
2026-04-16,3:00:00,1474.55,1479
2026-04-16,3:03:00,1475.07,1478
2026-04-16,3:06:00,1474.79,1478
2026-04-16,3:09:00,1474.86,1477
2026-04-16,3:12:00,1473.79,1477
2026-04-16,3:15:00,1474.08,1477
2026-04-16,3:18:00,1474.79,1477
2026-04-16,3:21:00,1474.81,1477
2026-04-16,3:24:00,1474.13,1477
2026-04-16,3:27:00,1474.75,1477
2026-04-16,3:30:00,1474.09,1477
2026-04-16,3:33:00,1474.81,1478
2026-04-16,3:36:00,1473.71,1478
2026-04-16,3:39:00,1474.87,1477
2026-04-16,3:42:00,1474.79,1477
2026-04-16,3:45:00,1474.42,1477
2026-04-16,3:48:00,1473.67,1477
2026-04-16,3:51:00,1473.95,1477
2026-04-16,3:54:00,1473.62,1477
2026-04-16,3:57:00,1474.75,1477
2026-04-16,4:00:00,1473.61,1477
2026-04-16,4:03:00,1473.59,1477
2026-04-16,4:06:00,1474.77,1478
2026-04-16,4:09:00,1474.2,1477
2026-04-16,4:12:00,1474.86,1476
2026-04-16,4:15:00,1474.85,1476
2026-04-16,4:18:00,1474.91,1477
2026-04-16,4:21:00,1474.32,1476
2026-04-16,4:24:00,1474.76,1477
2026-04-16,4:27:00,1474.2,1477
2026-04-16,4:30:00,1474.07,1476
2026-04-16,4:33:00,1473.95,1476
2026-04-16,4:36:00,1474.81,1475
2026-04-16,4:39:00,1473.82,1475
2026-04-16,4:42:00,1474.87,1475
2026-04-16,4:45:00,1474.84,1475
2026-04-16,4:48:00,1474.65,1474
2026-04-16,4:51:00,1474.88,1474
2026-04-16,4:54:00,1474.47,1474
2026-04-16,4:57:00,1474.06,1475
2026-04-16,5:00:00,1474.93,1475
2026-04-16,5:03:00,1474.99,1475
2026-04-16,5:06:00,1474.85,1475
2026-04-16,5:09:00,1475,1475
2026-04-16,5:12:00,1475.19,1476
2026-04-16,5:15:00,1474.5,1476
2026-04-16,5:18:00,1475,1476
2026-04-16,5:21:00,1474.63,1476
2026-04-16,5:24:00,1475.01,1477
2026-04-16,5:27:00,1475.63,1476
2026-04-16,5:30:00,1475.07,1477
2026-04-16,5:33:00,1474.98,1476
2026-04-16,5:36:00,1475.02,1476
2026-04-16,5:39:00,1475.04,1476
2026-04-16,5:42:00,1475.31,1476
2026-04-16,5:45:00,1474.9,1475
2026-04-16,5:48:00,1475.02,1475
2026-04-16,5:51:00,1474.74,1476
2026-04-16,5:54:00,1474.5,1475
2026-04-16,5:57:00,1474.97,1476
2026-04-16,6:00:00,1474.27,1476
2026-04-16,6:03:00,1474.06,1476
2026-04-16,6:06:00,1473.94,1475
2026-04-16,6:09:00,,1475
2026-04-16,6:12:00,1474,1476
2026-04-16,6:15:00,,1476
2026-04-16,6:18:00,1474.05,1476
2026-04-16,6:21:00,1474.06,1475
2026-04-16,6:24:00,,1476
2026-04-16,6:27:00,,1475
2026-04-16,6:30:00,,1476
2026-04-16,6:33:00,1474.46,1476
2026-04-16,6:36:00,1474.5,1475
2026-04-16,6:39:00,1474.66,1476
2026-04-16,6:42:00,1474.09,1476
2026-04-16,6:45:00,1475.06,1476
2026-04-16,6:48:00,1475.07,1475
2026-04-16,6:51:00,1474.5,1476
2026-04-16,6:54:00,1474.72,1475
2026-04-16,6:57:00,1475.03,1475
2026-04-16,7:00:00,1475.03,1475
2026-04-16,7:03:00,1475.05,1475
2026-04-16,7:06:00,1475.04,1475
2026-04-16,7:09:00,,1474
2026-04-16,7:12:00,1475.04,1474
2026-04-16,7:15:00,,1474
2026-04-16,7:18:00,1475.05,1475
2026-04-16,7:21:00,1475.02,1475
2026-04-16,7:24:00,1474.5,1474
2026-04-16,7:27:00,1475.01,1474
2026-04-16,7:30:00,,1475
2026-04-16,7:33:00,,1474
2026-04-16,7:36:00,,1474
2026-04-16,7:39:00,,1474
2026-04-16,7:42:00,,1475
2026-04-16,7:45:00,,1475
2026-04-16,7:48:00,,1474
2026-04-16,7:51:00,,1474
2026-04-16,7:54:00,,1474
2026-04-16,7:57:00,,1474
2026-04-16,8:00:00,,1476
2026-04-16,8:03:00,,1476
2026-04-16,8:06:00,,1476
2026-04-16,8:09:00,1475.01,1477
2026-04-16,8:12:00,,1477
2026-04-16,8:15:00,,1477
2026-04-16,8:18:00,,1476
2026-04-16,8:21:00,,1477
2026-04-16,8:24:00,,1476
2026-04-16,8:27:00,,1476
2026-04-16,8:30:00,,1476
2026-04-16,8:33:00,,1476
2026-04-16,8:36:00,,1476
2026-04-16,8:39:00,,1477
2026-04-16,8:42:00,,1477
2026-04-16,8:45:00,,1477
2026-04-16,8:48:00,,1476
2026-04-16,8:51:00,,1476
2026-04-16,8:54:00,,1476
2026-04-16,8:57:00,,1476
2026-04-16,9:00:00,1473.7,1477
2026-04-16,9:03:00,1474.08,1476
2026-04-16,9:06:00,1474.78,1477
2026-04-16,9:09:00,1474.48,1477
2026-04-16,9:12:00,1474.67,1477
2026-04-16,9:15:00,1473.97,1478
2026-04-16,9:18:00,1474.67,1477
2026-04-16,9:21:00,1475.08,1478
2026-04-16,9:24:00,1474.83,1478
2026-04-16,9:27:00,1474.55,1477
2026-04-16,9:30:00,1475.08,1477
2026-04-16,9:33:00,1474.3,1478
2026-04-16,9:36:00,1474.78,1477
2026-04-16,9:39:00,1474.19,1478
2026-04-16,9:42:00,1474.38,1477
2026-04-16,9:45:00,1474.38,1478
2026-04-16,9:48:00,1473.88,1477
2026-04-16,9:51:00,1474.28,1476
2026-04-16,9:54:00,1474.36,1477
2026-04-16,9:57:00,1474.48,1477
2026-04-16,10:00:00,1474.07,1477
2026-04-16,10:03:00,1474.68,1477
2026-04-16,10:06:00,1473.98,1477
2026-04-16,10:09:00,1473.08,1477
2026-04-16,10:12:00,1473.28,1477
2026-04-16,10:15:00,1473.68,1476
2026-04-16,10:18:00,1473.18,1477
2026-04-16,10:21:00,1473.08,1477
2026-04-16,10:24:00,1473.54,1477
2026-04-16,10:27:00,1473.38,1477
2026-04-16,10:30:00,1473.18,1477
2026-04-16,10:33:00,1474.01,1477
2026-04-16,10:36:00,1475.23,1477
2026-04-16,10:39:00,1474.68,1476
2026-04-16,10:42:00,1474.68,1476
2026-04-16,10:45:00,1473.63,1476
2026-04-16,10:48:00,1472.88,1477
2026-04-16,10:51:00,1472.78,1477
2026-04-16,10:54:00,1472.85,1477
2026-04-16,10:57:00,1473.5,1476
2026-04-16,11:00:00,1472.68,1476
2026-04-16,11:03:00,1473.15,1475
2026-04-16,11:06:00,1472.18,1476
2026-04-16,11:09:00,1472.68,1476
2026-04-16,11:12:00,1472.68,1475
2026-04-16,11:15:00,1472.68,1475
2026-04-16,11:18:00,1472.4,1475
2026-04-16,11:21:00,1472.98,1475
2026-04-16,11:24:00,1473.68,1475
2026-04-16,11:27:00,1473.58,1475
2026-04-16,11:30:00,1472.78,1475
2026-04-16,11:33:00,1473.08,1474
2026-04-16,11:36:00,1473.08,1475
2026-04-16,11:39:00,1472.93,1474
2026-04-16,11:42:00,1471.49,1474
2026-04-16,11:45:00,1472.58,1474
2026-04-16,11:48:00,1471.58,1474
2026-04-16,11:51:00,1471.68,1474
2026-04-16,11:54:00,1471.08,1474
2026-04-16,11:57:00,1469.38,1475
2026-04-16,12:00:00,1468.99,1474
2026-04-16,12:03:00,1466.42,1474
2026-04-16,12:06:00,1467.08,1473
2026-04-16,12:09:00,1467.48,1474
2026-04-16,12:12:00,1467.68,1473
2026-04-16,12:15:00,1468.38,1474
2026-04-16,12:18:00,1468.08,1474
2026-04-16,12:21:00,1468.58,1474
2026-04-16,12:24:00,1468.28,1474
2026-04-16,12:27:00,1468.07,1474
2026-04-16,12:30:00,1468.28,1474
2026-04-16,12:33:00,1468.38,1473
2026-04-16,12:36:00,1468.16,1473
2026-04-16,12:39:00,1468.48,1473
2026-04-16,12:42:00,1468.52,1473
2026-04-16,12:45:00,1468.35,1473
2026-04-16,12:48:00,1468.69,1474
2026-04-16,12:51:00,1469.68,1473
2026-04-16,12:54:00,1469.32,1474
2026-04-16,12:57:00,1469.84,1473
2026-04-16,13:00:00,1470.08,1473
2026-04-16,13:03:00,1470.08,1473
2026-04-16,13:06:00,1469.76,1473
2026-04-16,13:09:00,1469.88,1473
2026-04-16,13:12:00,1470.28,1474
2026-04-16,13:15:00,1470.18,1473
2026-04-16,13:18:00,1470.48,1473
2026-04-16,13:21:00,1470.6,1474
2026-04-16,13:24:00,1470.68,1474
2026-04-16,13:27:00,1470.78,1473
2026-04-16,13:30:00,1471.18,1474
2026-04-16,13:33:00,1470.91,1473
2026-04-16,13:36:00,1471.11,1473
2026-04-16,13:39:00,1471.03,1473
2026-04-16,13:42:00,1471.28,1473
2026-04-16,13:45:00,1471.58,1474
2026-04-16,13:48:00,1472.58,1473
2026-04-16,13:51:00,1472.7,1475
2026-04-16,13:54:00,1472.18,1475
2026-04-16,13:57:00,1471.98,1475
2026-04-16,14:00:00,1472.08,1474
2026-04-16,14:03:00,1471.78,1475
2026-04-16,14:06:00,1471.98,1475
2026-04-16,14:09:00,1471.48,1474
2026-04-16,14:12:00,1471.78,1475
2026-04-16,14:15:00,1472.08,1476
2026-04-16,14:18:00,1472.5,1475
2026-04-16,14:21:00,1472.28,1475
2026-04-16,14:24:00,1472.48,1475
2026-04-16,14:27:00,1472.13,1476
2026-04-16,14:30:00,1471.27,1475
2026-04-16,14:33:00,1471.34,1476
2026-04-16,14:36:00,1471.7,1476
2026-04-16,14:39:00,1471.98,1475
2026-04-16,14:42:00,1472.09,1475
2026-04-16,14:45:00,1471.58,1474
2026-04-16,14:48:00,1471.09,1474
2026-04-16,14:51:00,1470.61,1474
2026-04-16,14:54:00,1471.08,1475
2026-04-16,14:57:00,1471.54,1474
2026-04-16,15:00:00,1470.86,1474
2026-04-16,15:03:00,1471.88,1474
2026-04-16,15:06:00,1472.18,1475
2026-04-16,15:09:00,1472.25,1475
2026-04-16,15:12:00,1472.39,1475
2026-04-16,15:15:00,1473.58,1474
2026-04-16,15:18:00,1473.45,1475
2026-04-16,15:21:00,1473.38,1475
2026-04-16,15:24:00,1473.48,1475
2026-04-16,15:27:00,1473.98,1475
2026-04-16,15:30:00,1474.28,1475
2026-04-16,15:33:00,1473.88,1475
2026-04-16,15:36:00,1473.18,1475
2026-04-16,15:39:00,1473.58,1476
2026-04-16,15:42:00,1473.38,1476
2026-04-16,15:45:00,1472.85,1476
2026-04-16,15:48:00,1472.38,1475
2026-04-16,15:51:00,1472.83,1474
2026-04-16,15:54:00,1473.1,1475
2026-04-16,15:57:00,1472.48,1474
2026-04-16,16:00:00,1472.78,1474
2026-04-16,16:03:00,1472.89,1474
2026-04-16,16:06:00,1472.41,1474
2026-04-16,16:09:00,1472.45,1474
2026-04-16,16:12:00,1472.68,1474
2026-04-16,16:15:00,1471.92,1475
2026-04-16,16:18:00,1473.07,1474
2026-04-16,16:21:00,1472.98,1475
2026-04-16,16:24:00,1472.69,1475
2026-04-16,16:27:00,1472.66,1474
2026-04-16,16:30:00,1473.78,1475
2026-04-16,16:33:00,1473.68,1476
2026-04-16,16:36:00,1473.88,1476
2026-04-16,16:39:00,1473.34,1475
2026-04-16,16:42:00,1473.64,1476
2026-04-16,16:45:00,1474.06,1476
2026-04-16,16:48:00,1474.13,1476
2026-04-16,16:51:00,1474.58,1477
2026-04-16,16:54:00,1474.53,1477
2026-04-16,16:57:00,1473.32,1477
2026-04-16,17:00:00,1473.98,1477
2026-04-16,17:03:00,1473.96,1477
2026-04-16,17:06:00,1474.58,1476
2026-04-16,17:09:00,1474.05,1476
2026-04-16,17:12:00,1474.28,1476
2026-04-16,17:15:00,1473.88,1476
2026-04-16,17:18:00,1474.3,1476
2026-04-16,17:21:00,1474.08,1477
2026-04-16,17:24:00,1476.48,1477
2026-04-16,17:27:00,1475.29,1478
2026-04-16,17:30:00,1474.98,1478
2026-04-16,17:33:00,1475.44,1478
2026-04-16,17:36:00,1475.38,1478
2026-04-16,17:39:00,1474.88,1478
2026-04-16,17:42:00,1474.14,1478
2026-04-16,17:45:00,1474.69,1478
2026-04-16,17:48:00,1474.66,1478
2026-04-16,17:51:00,1474.91,1477
2026-04-16,17:54:00,1474.72,1478
2026-04-16,17:57:00,1474.86,1477
2026-04-16,18:00:00,1474.78,1477
2026-04-16,18:03:00,1474.64,1478
2026-04-16,18:06:00,1474.58,1477
2026-04-16,18:09:00,1474.88,1478
2026-04-16,18:12:00,1474.7,1477
2026-04-16,18:15:00,1475.34,1477
2026-04-16,18:18:00,1475.73,1478
2026-04-16,18:21:00,1475.66,1477
2026-04-16,18:24:00,1475.78,1477
2026-04-16,18:27:00,1476.6,1477
2026-04-16,18:30:00,1475.88,1478
2026-04-16,18:33:00,1475.39,1478
2026-04-16,18:36:00,1474.88,1477
2026-04-16,18:39:00,1475.85,1477
2026-04-16,18:42:00,1476.4,1477
2026-04-16,18:45:00,1476.38,1477
2026-04-16,18:48:00,1476.44,1478
2026-04-16,18:51:00,1476.18,1477
2026-04-16,18:54:00,1476.46,1477
2026-04-16,18:57:00,1476.6,1478
2026-04-16,19:00:00,1476.48,1477
2026-04-16,19:03:00,1476.35,1478
2026-04-16,19:06:00,1477.08,1478
2026-04-16,19:09:00,1477.21,1478
2026-04-16,19:12:00,1476.95,1479
2026-04-16,19:15:00,1476.7,1478
2026-04-16,19:18:00,1476.51,1478
2026-04-16,19:21:00,1477.08,1479
2026-04-16,19:24:00,1477.28,1479
2026-04-16,19:27:00,1477.48,1478
2026-04-16,19:30:00,1477.3,1478
2026-04-16,19:33:00,1476.85,1478
2026-04-16,19:36:00,1477.18,1478
2026-04-16,19:39:00,1476.95,1479
2026-04-16,19:42:00,1476.84,1479
2026-04-16,19:45:00,1477.43,1478
2026-04-16,19:48:00,1477.35,1479
2026-04-16,19:51:00,1477.4,1479
2026-04-16,19:54:00,1477.39,1479
2026-04-16,19:57:00,1476.92,1479
2026-04-16,20:00:00,1476.7,1480
2026-04-16,20:03:00,1475.92,1479
2026-04-16,20:06:00,1475.98,1479
2026-04-16,20:09:00,1476.97,1479
2026-04-16,20:12:00,1476.93,1479
2026-04-16,20:15:00,1475.76,1479
2026-04-16,20:18:00,1475.88,1478
2026-04-16,20:21:00,1476.94,1478
2026-04-16,20:24:00,1476.46,1478
2026-04-16,20:27:00,1476.9,1479
2026-04-16,20:30:00,1476.38,1479
2026-04-16,20:33:00,1476.28,1478
2026-04-16,20:36:00,1476.33,1478
2026-04-16,20:39:00,1475.96,1477
2026-04-16,20:42:00,1475.48,1477
2026-04-16,20:45:00,1476.26,1478
2026-04-16,20:48:00,1476.58,1479
2026-04-16,20:51:00,1476.31,1478
2026-04-16,20:54:00,1476.53,1478
2026-04-16,20:57:00,1476.39,1479
2026-04-16,21:00:00,1475.48,1478
2026-04-16,21:03:00,1476.33,1479
2026-04-16,21:06:00,1476.29,1478
2026-04-16,21:09:00,1476.5,1478
2026-04-16,21:12:00,1476.48,1478
2026-04-16,21:15:00,1476.27,1477
2026-04-16,21:18:00,1476.28,1477
2026-04-16,21:21:00,1475.58,1478
2026-04-16,21:24:00,1475.73,1478
2026-04-16,21:27:00,1475.47,1478
2026-04-16,21:30:00,1475.34,1477
2026-04-16,21:33:00,1474.98,1477
2026-04-16,21:36:00,1475.08,1478
2026-04-16,21:39:00,1475.38,1477
2026-04-16,21:42:00,1475.12,1477
2026-04-16,21:45:00,1474.94,1477
2026-04-16,21:48:00,1474.9,1477
2026-04-16,21:51:00,1475.25,1478
2026-04-16,21:54:00,1475.48,1477
2026-04-16,21:57:00,1475.31,1477
2026-04-16,22:00:00,1475.13,1477
2026-04-16,22:03:00,1475.29,1477
2026-04-16,22:06:00,1475.58,1477
2026-04-16,22:09:00,1475.2,1476
2026-04-16,22:12:00,1475.44,1477
2026-04-16,22:15:00,,1477
2026-04-16,22:18:00,1475.11,1476
2026-04-16,22:21:00,1474.96,1476
2026-04-16,22:24:00,1475.33,1476
2026-04-16,22:27:00,1475.38,1476
2026-04-16,22:30:00,1475.81,1476
2026-04-16,22:33:00,1475.88,1476
2026-04-16,22:36:00,1476.58,1477
2026-04-16,22:39:00,1477.08,1477
2026-04-16,22:42:00,1476.28,1476
2026-04-16,22:45:00,1477.68,1477
2026-04-16,22:48:00,1477.38,1477
2026-04-16,22:51:00,1478.18,1480
2026-04-16,22:54:00,1478.58,1480
2026-04-16,22:57:00,1478.88,1481
2026-04-16,23:00:00,1479.1,1481
2026-04-16,23:03:00,1477.28,1480
2026-04-16,23:06:00,1477.56,1480
2026-04-16,23:09:00,1477.1,1479
2026-04-16,23:12:00,1477.18,1481
2026-04-16,23:15:00,1478.21,1481
2026-04-16,23:18:00,1477.8,1481
2026-04-16,23:21:00,1477.88,1481
2026-04-16,23:24:00,1477.98,1482
2026-04-16,23:27:00,1477.53,1481
2026-04-16,23:30:00,1478.08,1482
2026-04-16,23:33:00,1477.84,1481
2026-04-16,23:36:00,1478.39,1481
2026-04-16,23:39:00,1478.62,1481
2026-04-16,23:42:00,1478.68,1480
2026-04-16,23:45:00,1477.78,1480
2026-04-16,23:48:00,1477.78,1480
2026-04-16,23:51:00,1478.35,1479
2026-04-16,23:54:00,1479.35,1480
2026-04-16,23:57:00,1478.73,1480
2026-04-17,0:00:00,1477.38,1480
2026-04-17,0:03:00,1478.31,1479
2026-04-17,0:06:00,1478.02,1479
2026-04-17,0:09:00,1477.78,1480
2026-04-17,0:12:00,1477.38,1479
2026-04-17,0:15:00,1477.14,1480
2026-04-17,0:18:00,1477.58,1480
2026-04-17,0:21:00,1478.02,1480
2026-04-17,0:24:00,1478.83,1479
2026-04-17,0:27:00,1479.21,1479
2026-04-17,0:30:00,1478.5,1479
2026-04-17,0:33:00,1478.18,1480
2026-04-17,0:36:00,1477.58,1478
2026-04-17,0:39:00,1477.98,1479
2026-04-17,0:42:00,1478.02,1478
2026-04-17,0:45:00,1477.82,1479
2026-04-17,0:48:00,1477.86,1478
2026-04-17,0:51:00,1478.45,1478
2026-04-17,0:54:00,1477.98,1478
2026-04-17,0:57:00,1478.33,1478
2026-04-17,1:00:00,1477.45,1478
2026-04-17,1:03:00,1478.48,1477
2026-04-17,1:06:00,1478.08,1477
2026-04-17,1:09:00,1477.57,1477
2026-04-17,1:12:00,1477.58,1477
2026-04-17,1:15:00,1477.78,1477
2026-04-17,1:18:00,1477.38,1477
2026-04-17,1:21:00,1477.71,1477
2026-04-17,1:24:00,1477.75,1477
2026-04-17,1:27:00,1477.71,1477
2026-04-17,1:30:00,1477.81,1477
2026-04-17,1:33:00,1478.69,1478
2026-04-17,1:36:00,1478.2,1478
2026-04-17,1:39:00,1478.64,1478
2026-04-17,1:42:00,1478.03,1477
2026-04-17,1:45:00,1478.95,1477
2026-04-17,1:48:00,1478.82,1477
2026-04-17,1:51:00,1478.78,1478
2026-04-17,1:54:00,1479.16,1478
2026-04-17,1:57:00,1479.33,1478
2026-04-17,2:00:00,1479.5,1479
2026-04-17,2:03:00,1479.39,1479
2026-04-17,2:06:00,1479.64,1480
2026-04-17,2:09:00,1480.25,1479
2026-04-17,2:12:00,1480.34,1480
2026-04-17,2:15:00,1479.75,1479
2026-04-17,2:18:00,1479.38,1479
2026-04-17,2:21:00,1479.85,1480
2026-04-17,2:24:00,1479.33,1479
2026-04-17,2:27:00,1479.56,1479
2026-04-17,2:30:00,1479.25,1479
2026-04-17,2:33:00,1479.36,1479
2026-04-17,2:36:00,1479.55,1479
2026-04-17,2:39:00,1479.22,1480
2026-04-17,2:42:00,1479.45,1480
2026-04-17,2:45:00,1479.41,1479
2026-04-17,2:48:00,1479.75,1480
2026-04-17,2:51:00,1479.66,1479
2026-04-17,2:54:00,1479.81,1480
2026-04-17,2:57:00,1479.73,1479
2026-04-17,3:00:00,1479.13,1479
2026-04-17,3:03:00,1479.23,1478
2026-04-17,3:06:00,1479.27,1478
2026-04-17,3:09:00,1479.17,1478
2026-04-17,3:12:00,1479.01,1478
2026-04-17,3:15:00,1479.28,1477
2026-04-17,3:18:00,1479.27,1477
2026-04-17,3:21:00,1479.17,1478
2026-04-17,3:24:00,1479.12,1478
2026-04-17,3:27:00,1479.18,1477
2026-04-17,3:30:00,1479.33,1477
2026-04-17,3:33:00,1479.14,1477
2026-04-17,3:36:00,1479.3,1477
2026-04-17,3:39:00,1479.15,1476
2026-04-17,3:42:00,1478.91,1477
2026-04-17,3:45:00,1478.83,1476
2026-04-17,3:48:00,1478.97,1476
2026-04-17,3:51:00,1479.27,1476
2026-04-17,3:54:00,1479.45,1476
2026-04-17,3:57:00,1479.15,1476
2026-04-17,4:00:00,1479.27,1476
2026-04-17,4:03:00,1479.9,1477
2026-04-17,4:06:00,1479.34,1477
2026-04-17,4:09:00,1479.08,1477
2026-04-17,4:12:00,1479.18,1477
2026-04-17,4:15:00,1479.4,1476
2026-04-17,4:18:00,1479.46,1476
2026-04-17,4:21:00,1479.19,1476
2026-04-17,4:24:00,1479.15,1476
2026-04-17,4:27:00,1478.7,1475
2026-04-17,4:30:00,1479.17,1475
2026-04-17,4:33:00,1479.19,1475
2026-04-17,4:36:00,1478.66,1475
2026-04-17,4:39:00,1478.41,1475
2026-04-17,4:42:00,1479.11,1475
2026-04-17,4:45:00,1479.03,1475
2026-04-17,4:48:00,1479.22,1475
2026-04-17,4:51:00,1478.85,1474
2026-04-17,4:54:00,1479.2,1474
2026-04-17,4:57:00,1479.21,1475
2026-04-17,5:00:00,1479.59,1475
2026-04-17,5:03:00,1479.89,1476
2026-04-17,5:06:00,1479.65,1475
2026-04-17,5:09:00,1479.25,1475
2026-04-17,5:12:00,1480.05,1475
2026-04-17,5:15:00,1479.4,1476
2026-04-17,5:18:00,1479.8,1475
2026-04-17,5:21:00,1479.8,1475
2026-04-17,5:24:00,1479.4,1475
2026-04-17,5:27:00,1479.34,1476
2026-04-17,5:30:00,1479.87,1475
2026-04-17,5:33:00,1479.47,1476
2026-04-17,5:36:00,1479.39,1475
2026-04-17,5:39:00,1479.37,1476
2026-04-17,5:42:00,1479.4,1476
2026-04-17,5:45:00,1479.87,1475
2026-04-17,5:48:00,1479.37,1475
2026-04-17,5:51:00,1480.08,1476
2026-04-17,5:54:00,1479.39,1475
2026-04-17,5:57:00,1479.39,1476
2026-04-17,6:00:00,1478.91,1476
2026-04-17,6:03:00,1478.98,1476
2026-04-17,6:06:00,1479.03,1476
2026-04-17,6:09:00,,1475
2026-04-17,6:12:00,1479.04,1476
2026-04-17,6:15:00,1478.76,1476
2026-04-17,6:18:00,1479.01,1476
2026-04-17,6:21:00,,1476
2026-04-17,6:24:00,,1475
2026-04-17,6:27:00,1479.01,1475
2026-04-17,6:30:00,1478.92,1476
2026-04-17,6:33:00,1479.27,1475
2026-04-17,6:36:00,,1475
2026-04-17,6:39:00,1479.19,1475
2026-04-17,6:42:00,1479.21,1476
2026-04-17,6:45:00,1478.88,1475
2026-04-17,6:48:00,,1475
2026-04-17,6:51:00,1479.2,1475
2026-04-17,6:54:00,,1475
2026-04-17,6:57:00,1478.72,1475
2026-04-17,7:00:00,1478.82,1476
2026-04-17,7:03:00,,1476
2026-04-17,7:06:00,1478.76,1475
2026-04-17,7:09:00,1478.8,1475
2026-04-17,7:12:00,,1476
2026-04-17,7:15:00,1478.73,1476
2026-04-17,7:18:00,1479.46,1476
2026-04-17,7:21:00,1479.48,1476
2026-04-17,7:24:00,1479.39,1476
2026-04-17,7:27:00,1478.81,1476
2026-04-17,7:30:00,,1476
2026-04-17,7:33:00,,1476
2026-04-17,7:36:00,,1476
2026-04-17,7:39:00,,1476
2026-04-17,7:42:00,,1476
2026-04-17,7:45:00,,1476
2026-04-17,7:48:00,,1476
2026-04-17,7:51:00,,1476
2026-04-17,7:54:00,,1476
2026-04-17,7:57:00,,1476
2026-04-17,8:00:00,,1477
2026-04-17,8:03:00,,1475
2026-04-17,8:06:00,,1476
2026-04-17,8:09:00,,1476
2026-04-17,8:12:00,,1476
2026-04-17,8:15:00,,1476
2026-04-17,8:18:00,,1476
2026-04-17,8:21:00,,1476
2026-04-17,8:24:00,,1475
2026-04-17,8:27:00,,1477
2026-04-17,8:30:00,,1476
2026-04-17,8:33:00,,1476
2026-04-17,8:36:00,,1476
2026-04-17,8:39:00,,1476
2026-04-17,8:42:00,,1476
2026-04-17,8:45:00,,1477
2026-04-17,8:48:00,,1476
2026-04-17,8:51:00,,1477
2026-04-17,8:54:00,,1476
2026-04-17,8:57:00,,1476
2026-04-17,9:00:00,1481.68,1477
2026-04-17,9:03:00,1481.18,1479
2026-04-17,9:06:00,1481.08,1479
2026-04-17,9:09:00,1480.48,1478
2026-04-17,9:12:00,1479.28,1479
2026-04-17,9:15:00,1479.58,1477
2026-04-17,9:18:00,1478.88,1478
2026-04-17,9:21:00,1478.85,1477
2026-04-17,9:24:00,1478.78,1477
2026-04-17,9:27:00,1478.58,1477
2026-04-17,9:30:00,1478.78,1478
2026-04-17,9:33:00,1478.58,1477
2026-04-17,9:36:00,1478.88,1478
2026-04-17,9:39:00,1479.08,1477
2026-04-17,9:42:00,1478.76,1477
2026-04-17,9:45:00,1478.28,1478
2026-04-17,9:48:00,1478.88,1477
2026-04-17,9:51:00,1478.98,1478
2026-04-17,9:54:00,1479.28,1478
2026-04-17,9:57:00,1478.98,1478
2026-04-17,10:00:00,1479.28,1477
2026-04-17,10:03:00,1479.68,1477
2026-04-17,10:06:00,1479.28,1477
2026-04-17,10:09:00,1478.78,1477
2026-04-17,10:12:00,1478.88,1476
2026-04-17,10:15:00,1479.31,1476
2026-04-17,10:18:00,1479.48,1476
2026-04-17,10:21:00,1479.66,1476
2026-04-17,10:24:00,1479.58,1477
2026-04-17,10:27:00,1479.58,1477
2026-04-17,10:30:00,1479.77,1477
2026-04-17,10:33:00,1479.18,1477
2026-04-17,10:36:00,1479.38,1476
2026-04-17,10:39:00,1479.38,1477
2026-04-17,10:42:00,1478.84,1477
2026-04-17,10:45:00,1478.92,1476
2026-04-17,10:48:00,1479.18,1477
2026-04-17,10:51:00,1478.58,1477
2026-04-17,10:54:00,1477.73,1476
2026-04-17,10:57:00,1478.1,1477
2026-04-17,11:00:00,1478.04,1477
2026-04-17,11:03:00,1478.78,1477
2026-04-17,11:06:00,1479.28,1477
2026-04-17,11:09:00,1479.68,1477
2026-04-17,11:12:00,1479.48,1477
2026-04-17,11:15:00,1479.58,1477
2026-04-17,11:18:00,1479.38,1477
2026-04-17,11:21:00,1479.78,1476
2026-04-17,11:24:00,1479.78,1477
2026-04-17,11:27:00,1480.08,1477
2026-04-17,11:30:00,1480.06,1477
2026-04-17,11:33:00,1480.08,1477
2026-04-17,11:36:00,1480.05,1477
2026-04-17,11:39:00,1479.94,1478
2026-04-17,11:42:00,1480.52,1478
2026-04-17,11:45:00,1480.48,1478
2026-04-17,11:48:00,1480.18,1478
2026-04-17,11:51:00,1479.98,1477
2026-04-17,11:54:00,1479.98,1478
2026-04-17,11:57:00,1480.08,1478
2026-04-17,12:00:00,1479.27,1478
2026-04-17,12:03:00,1479.45,1478
2026-04-17,12:06:00,1479.78,1478
2026-04-17,12:09:00,1479.78,1478
2026-04-17,12:12:00,1480.28,1477
2026-04-17,12:15:00,1480.18,1478
2026-04-17,12:18:00,1480.48,1478
2026-04-17,12:21:00,1479.78,1478
2026-04-17,12:24:00,1480.16,1478
2026-04-17,12:27:00,1479.66,1478
2026-04-17,12:30:00,1479.78,1477
2026-04-17,12:33:00,1479.88,1477
2026-04-17,12:36:00,1479.78,1477
2026-04-17,12:39:00,1479.8,1478
2026-04-17,12:42:00,1479.82,1478
2026-04-17,12:45:00,1479.66,1477
2026-04-17,12:48:00,1479.68,1477
2026-04-17,12:51:00,1479.64,1477
2026-04-17,12:54:00,1479.68,1477
2026-04-17,12:57:00,1479.98,1478
2026-04-17,13:00:00,1479.88,1477
2026-04-17,13:03:00,1479.48,1476
2026-04-17,13:06:00,1479.58,1477
2026-04-17,13:09:00,1479.69,1476
2026-04-17,13:12:00,1479.17,1476
2026-04-17,13:15:00,1479.58,1477
2026-04-17,13:18:00,1479.48,1476
2026-04-17,13:21:00,1479.38,1477
2026-04-17,13:24:00,1479.63,1477
2026-04-17,13:27:00,1479.7,1477
2026-04-17,13:30:00,1479.48,1476
2026-04-17,13:33:00,1479.38,1476
2026-04-17,13:36:00,1479.32,1477
2026-04-17,13:39:00,1479.28,1477
2026-04-17,13:42:00,1478.71,1477
2026-04-17,13:45:00,1479.33,1477
2026-04-17,13:48:00,1479.38,1477
2026-04-17,13:51:00,1479.41,1476
2026-04-17,13:54:00,1479.18,1477
2026-04-17,13:57:00,1479.48,1476
2026-04-17,14:00:00,1479.42,1477
2026-04-17,14:03:00,1479.19,1476
2026-04-17,14:06:00,1478.68,1477
2026-04-17,14:09:00,1478.78,1477
2026-04-17,14:12:00,1478.68,1476
2026-04-17,14:15:00,1479.04,1477
2026-04-17,14:18:00,1478.99,1477
2026-04-17,14:21:00,1478.88,1477
2026-04-17,14:24:00,1478.63,1476
2026-04-17,14:27:00,1478.78,1476
2026-04-17,14:30:00,1478.69,1477
2026-04-17,14:33:00,1478.73,1477
2026-04-17,14:36:00,1478.66,1477
2026-04-17,14:39:00,1478.78,1477
2026-04-17,14:42:00,1478.88,1476
2026-04-17,14:45:00,1478.58,1476
2026-04-17,14:48:00,1478.58,1477
2026-04-17,14:51:00,1478.65,1477
2026-04-17,14:54:00,1478.98,1477
2026-04-17,14:57:00,1478.98,1477
2026-04-17,15:00:00,1479.12,1476
2026-04-17,15:03:00,1479.28,1476
2026-04-17,15:06:00,1479.68,1476
2026-04-17,15:09:00,1479.78,1477
2026-04-17,15:12:00,1480.48,1477
2026-04-17,15:15:00,1480.48,1476
2026-04-17,15:18:00,1480.88,1477
2026-04-17,15:21:00,1481.18,1478
2026-04-17,15:24:00,1481.4,1477
2026-04-17,15:27:00,1482.98,1478
2026-04-17,15:30:00,1482.08,1478
2026-04-17,15:33:00,1482.68,1478
2026-04-17,15:36:00,1482.57,1478
2026-04-17,15:39:00,1482.38,1478
2026-04-17,15:42:00,1483.04,1478
2026-04-17,15:45:00,1483.08,1478
2026-04-17,15:48:00,1483.68,1478
2026-04-17,15:51:00,1483.88,1479
2026-04-17,15:54:00,1485.08,1478
2026-04-17,15:57:00,1485.18,1479
2026-04-17,16:00:00,1483.48,1479
2026-04-17,16:03:00,1483.48,1478
2026-04-17,16:06:00,1483.26,1478
2026-04-17,16:09:00,1483.94,1479
2026-04-17,16:12:00,1483.85,1479
2026-04-17,16:15:00,1483.28,1479
2026-04-17,16:18:00,1482.91,1478
2026-04-17,16:21:00,1482.78,1478
2026-04-17,16:24:00,1481.6,1478
2026-04-17,16:27:00,1482.05,1478
2026-04-17,16:30:00,1482.32,1479
2026-04-17,16:33:00,1482.48,1479
2026-04-17,16:36:00,1482.62,1479
2026-04-17,16:39:00,1482.55,1479
2026-04-17,16:42:00,1482.72,1479
2026-04-17,16:45:00,1482.68,1479
2026-04-17,16:48:00,1482.62,1479
2026-04-17,16:51:00,1482.73,1479
2026-04-17,16:54:00,1482.6,1479
2026-04-17,16:57:00,1482.49,1479
2026-04-17,17:00:00,1481.77,1479
2026-04-17,17:03:00,1481.76,1479
2026-04-17,17:06:00,1481.17,1478
2026-04-17,17:09:00,1482.35,1479
2026-04-17,17:12:00,1481.08,1478
2026-04-17,17:15:00,1482.03,1479
2026-04-17,17:18:00,1481.38,1479
2026-04-17,17:21:00,1481.3,1479
2026-04-17,17:24:00,1481.13,1479
2026-04-17,17:27:00,1481.56,1478
2026-04-17,17:30:00,1481.5,1478
2026-04-17,17:33:00,1481.54,1478
2026-04-17,17:36:00,1481.09,1479
2026-04-17,17:39:00,1479.59,1478
2026-04-17,17:42:00,1480.3,1479
2026-04-17,17:45:00,1479.72,1478
2026-04-17,17:48:00,1480.56,1478
2026-04-17,17:51:00,1480.58,1478
2026-04-17,17:54:00,1480.38,1478
2026-04-17,17:57:00,1480.38,1478
2026-04-17,18:00:00,1480.18,1478
2026-04-17,18:03:00,1480.19,1479
2026-04-17,18:06:00,1480.22,1479
2026-04-17,18:09:00,1479.87,1479
2026-04-17,18:12:00,1480.32,1479
2026-04-17,18:15:00,1479.82,1478
2026-04-17,18:18:00,1479.88,1479
2026-04-17,18:21:00,1479.66,1479
2026-04-17,18:24:00,1479.73,1479
2026-04-17,18:27:00,1479.87,1479
2026-04-17,18:30:00,1479.78,1479
2026-04-17,18:33:00,1479.35,1478
2026-04-17,18:36:00,1479.71,1478
2026-04-17,18:39:00,1478.92,1479
2026-04-17,18:42:00,1479.58,1479
2026-04-17,18:45:00,1479.26,1480
2026-04-17,18:48:00,1479.45,1478
2026-04-17,18:51:00,1479.02,1479
2026-04-17,18:54:00,1478.96,1479
2026-04-17,18:57:00,1479.14,1479
2026-04-17,19:00:00,1479.47,1478
2026-04-17,19:03:00,1478.88,1479
2026-04-17,19:06:00,1479.36,1478
2026-04-17,19:09:00,1479.47,1480
2026-04-17,19:12:00,1479.41,1479
2026-04-17,19:15:00,1479.68,1478
2026-04-17,19:18:00,1479.45,1479
2026-04-17,19:21:00,1479.12,1479
2026-04-17,19:24:00,1479.13,1480
2026-04-17,19:27:00,1479.07,1480
2026-04-17,19:30:00,1479.24,1480
2026-04-17,19:33:00,1479.01,1480
2026-04-17,19:36:00,1479.44,1480
2026-04-17,19:39:00,1479.42,1480
2026-04-17,19:42:00,1479.7,1481
2026-04-17,19:45:00,1479.82,1481
2026-04-17,19:48:00,1480.05,1481
2026-04-17,19:51:00,1479.84,1480
2026-04-17,19:54:00,1479.75,1480
2026-04-17,19:57:00,1480.35,1481
2026-04-17,20:00:00,1480.02,1480
2026-04-17,20:03:00,1480.48,1481
2026-04-17,20:06:00,1479.22,1481
2026-04-17,20:09:00,1479.3,1481
2026-04-17,20:12:00,1479.84,1481
2026-04-17,20:15:00,1479.71,1481
2026-04-17,20:18:00,1479.72,1480
2026-04-17,20:21:00,1478.81,1481
2026-04-17,20:24:00,1479.66,1481
2026-04-17,20:27:00,1479.58,1481
2026-04-17,20:30:00,1479.46,1481
2026-04-17,20:33:00,1478.93,1480
2026-04-17,20:36:00,1479.36,1481
2026-04-17,20:39:00,1478.52,1480
2026-04-17,20:42:00,1479.24,1480
2026-04-17,20:45:00,1479.14,1481
2026-04-17,20:48:00,1479.21,1481
2026-04-17,20:51:00,1479.23,1480
2026-04-17,20:54:00,1478.73,1480
2026-04-17,20:57:00,1478.59,1480
2026-04-17,21:00:00,1478.91,1479
2026-04-17,21:03:00,1478.66,1479
2026-04-17,21:06:00,1478.33,1480
2026-04-17,21:09:00,1478.44,1480
2026-04-17,21:12:00,1478.91,1479
2026-04-17,21:15:00,1477.68,1479
2026-04-17,21:18:00,1476.6,1479
2026-04-17,21:21:00,1477.03,1480
2026-04-17,21:24:00,1475.58,1479
2026-04-17,21:27:00,1476.11,1478
2026-04-17,21:30:00,,1479
2026-04-17,21:33:00,,1478
2026-04-17,21:36:00,,1479
2026-04-17,21:39:00,1475.91,1479
2026-04-17,21:42:00,1476.88,1478
2026-04-17,21:45:00,1472.58,1477
2026-04-17,21:48:00,1468.18,1476
2026-04-17,21:51:00,1468.8,1475
2026-04-17,21:54:00,1467.28,1475
2026-04-17,21:57:00,1466.58,1473
2026-04-17,22:00:00,1467.48,1473
2026-04-17,22:03:00,1463.58,1473
2026-04-17,22:06:00,1462.98,1471
2026-04-17,22:09:00,1462.88,1470
2026-04-17,22:12:00,1463.51,1469
2026-04-17,22:15:00,1464.58,1470
2026-04-17,22:18:00,1463.68,1469
2026-04-17,22:21:00,1463.58,1470
2026-04-17,22:24:00,1465.44,1471
2026-04-17,22:27:00,1466.22,1472
2026-04-17,22:30:00,1465.78,1473
2026-04-17,22:33:00,1465.08,1473
2026-04-17,22:36:00,1463.68,1472
2026-04-17,22:39:00,1464.34,1472
2026-04-17,22:42:00,1464.78,1471
2026-04-17,22:45:00,1465.28,1471
2026-04-17,22:48:00,1464.86,1472
2026-04-17,22:51:00,1464.38,1470
2026-04-17,22:54:00,1462.97,1471
2026-04-17,22:57:00,1462.88,1470
2026-04-17,23:00:00,1462.73,1471
2026-04-17,23:03:00,1462.76,1471
2026-04-17,23:06:00,1462.25,1471
2026-04-17,23:09:00,1462.16,1470
2026-04-17,23:12:00,1462.65,1469
2026-04-17,23:15:00,1460.76,1470
2026-04-17,23:18:00,1459.87,1470
2026-04-17,23:21:00,1459.05,1469
2026-04-17,23:24:00,1457.38,1468
2026-04-17,23:27:00,1457.88,1467
2026-04-17,23:30:00,1457.17,1467
2026-04-17,23:33:00,1457.19,1467
2026-04-17,23:36:00,1456.71,1467
2026-04-17,23:39:00,1455.96,1467
2026-04-17,23:42:00,1454.61,1466
2026-04-17,23:45:00,1454.47,1466
2026-04-17,23:48:00,1455.19,1465
2026-04-17,23:51:00,1455.97,1466
2026-04-17,23:54:00,1457.08,1466
2026-04-17,23:57:00,1458.59,1467
2026-04-18,0:00:00,1458.23,1466
2026-04-18,0:03:00,1458.78,1467
2026-04-18,0:06:00,1457.28,1467
2026-04-18,0:09:00,1458.18,1466
2026-04-18,0:12:00,1457.08,1467
2026-04-18,0:15:00,1456.88,1466
2026-04-18,0:18:00,1458.83,1467
2026-04-18,0:21:00,1459.42,1467
2026-04-18,0:24:00,1460.18,1468
2026-04-18,0:27:00,1460.8,1468
2026-04-18,0:30:00,1460.04,1469
2026-04-18,0:33:00,1459.71,1468
2026-04-18,0:36:00,1461.05,1468
2026-04-18,0:39:00,1460.48,1469
2026-04-18,0:42:00,1462.18,1469
2026-04-18,0:45:00,1461.63,1469
2026-04-18,0:48:00,1460.8,1469
2026-04-18,0:51:00,1461.46,1469
2026-04-18,0:54:00,1460.98,1468
2026-04-18,0:57:00,1461.08,1468
2026-04-18,1:00:00,1462.84,1469
2026-04-18,1:03:00,1463.39,1469
2026-04-18,1:06:00,1461.28,1469
2026-04-18,1:09:00,1460.78,1468
2026-04-18,1:12:00,1461.44,1468
2026-04-18,1:15:00,1461.15,1468
2026-04-18,1:18:00,1460.21,1468
2026-04-18,1:21:00,1460.58,1469
2026-04-18,1:24:00,1460.38,1469
2026-04-18,1:27:00,1460.58,1468
2026-04-18,1:30:00,1460.23,1467
2026-04-18,1:33:00,1460.82,1468
2026-04-18,1:36:00,1459.68,1468
2026-04-18,1:39:00,1460.33,1468
2026-04-18,1:42:00,1458.66,1468
2026-04-18,1:45:00,1459.01,1467
2026-04-18,1:48:00,1458.78,1467
2026-04-18,1:51:00,1458.93,1467
2026-04-18,1:54:00,1459.38,1467
2026-04-18,1:57:00,1460.22,1467
2026-04-18,2:00:00,1459.76,1467
2026-04-18,2:03:00,1459.71,1467
2026-04-18,2:06:00,1460.58,1468
2026-04-18,2:09:00,1462.64,1467
2026-04-18,2:12:00,1462.64,1467
2026-04-18,2:15:00,1460.75,1467
2026-04-18,2:18:00,1460.96,1468
2026-04-18,2:21:00,1462.1,1467
2026-04-18,2:24:00,1462.82,1468
2026-04-18,2:27:00,1462.8,1468
2026-04-18,2:30:00,1463.55,1468
2026-04-18,2:33:00,1463.28,1469
2026-04-18,2:36:00,1463.21,1469
2026-04-18,2:39:00,1463.15,1468
2026-04-18,2:42:00,1463.52,1469
2026-04-18,2:45:00,1463.06,1467
2026-04-18,2:48:00,1463.19,1468
2026-04-18,2:51:00,1462.93,1467
2026-04-18,2:54:00,1462.59,1468
2026-04-18,2:57:00,1463.02,1468
2026-04-18,3:00:00,1463.06,1468
2026-04-18,3:03:00,1462.82,1469
2026-04-18,3:06:00,1463.08,1469
2026-04-18,3:09:00,1463.26,1470
2026-04-18,3:12:00,1463.78,1469
2026-04-18,3:15:00,1463.89,1470
2026-04-18,3:18:00,1463.34,1470
2026-04-18,3:21:00,1463.01,1470
2026-04-18,3:24:00,1462.93,1469
2026-04-18,3:27:00,1463.01,1470
2026-04-18,3:30:00,1463.28,1470
2026-04-18,3:33:00,1463.23,1469
2026-04-18,3:36:00,1462.92,1470
2026-04-18,3:39:00,1463.32,1470
2026-04-18,3:42:00,1464.33,1470
2026-04-18,3:45:00,1463.99,1470
2026-04-18,3:48:00,1464.5,1470
2026-04-18,3:51:00,1464.93,1469
2026-04-18,3:54:00,1465.74,1470
2026-04-18,3:57:00,1465.82,1469
2026-04-18,4:00:00,1465.83,1469
2026-04-18,4:03:00,1465.57,1469
2026-04-18,4:06:00,1465.68,1469
2026-04-18,4:09:00,1465.92,1469
2026-04-18,4:12:00,1464.94,1469
2026-04-18,4:15:00,1464.78,1470
2026-04-18,4:18:00,1465.18,1470
2026-04-18,4:21:00,1464.89,1470
2026-04-18,4:24:00,1465,1470
2026-04-18,4:27:00,1465.16,1470
2026-04-18,4:30:00,1464.58,1470
2026-04-18,4:33:00,1464.69,1469
2026-04-18,4:36:00,1465.18,1470
2026-04-18,4:39:00,1465.7,1469
2026-04-18,4:42:00,1465.77,1469
2026-04-18,4:45:00,1465.5,1469
2026-04-18,4:48:00,1465.28,1470
2026-04-18,4:51:00,1465.51,1470
2026-04-18,4:54:00,1465.32,1470
2026-04-18,4:57:00,1465.95,1470
2026-04-18,5:00:00,1465.67,1469
2026-04-18,5:03:00,1465.64,1470
2026-04-18,5:06:00,1465.47,1470
2026-04-18,5:09:00,1465.78,1469
2026-04-18,5:12:00,1466.16,1469
2026-04-18,5:15:00,1465.8,1470
2026-04-18,5:18:00,1466.48,1470
2026-04-18,5:21:00,1466.66,1469
2026-04-18,5:24:00,1466.39,1470
2026-04-18,5:27:00,1466.23,1470
2026-04-18,5:30:00,1466.88,1470
2026-04-18,5:33:00,1466.48,1471
2026-04-18,5:36:00,1465.89,1471
2026-04-18,5:39:00,1465.54,1470
2026-04-18,5:42:00,1466.09,1470
2026-04-18,5:45:00,1466.24,1470
2026-04-18,5:48:00,1465.64,1470
2026-04-18,5:51:00,1466.25,1470
2026-04-18,5:54:00,1465.64,1471
2026-04-18,5:57:00,1465.68,1471
2026-04-18,6:00:00,,1470
2026-04-18,6:03:00,,1471
2026-04-18,6:06:00,,1471
2026-04-18,6:09:00,,1470
2026-04-18,6:12:00,,1471
2026-04-18,6:15:00,,1470
2026-04-18,6:18:00,,1470
2026-04-18,6:21:00,,1471
2026-04-18,6:24:00,,1470
2026-04-18,6:27:00,1465.68,1470
2026-04-18,6:30:00,,1471
2026-04-18,6:33:00,,1470
2026-04-18,6:36:00,,1471
2026-04-18,6:39:00,,1471
2026-04-18,6:42:00,,1470
2026-04-18,6:45:00,,1471
2026-04-18,6:48:00,,1471
2026-04-18,6:51:00,,1470
2026-04-18,6:54:00,,1471
2026-04-18,6:57:00,,1470
2026-04-18,7:00:00,,1470
2026-04-18,7:03:00,,1471
2026-04-18,7:06:00,,1471
2026-04-18,7:09:00,,1470
2026-04-18,7:12:00,,1471
2026-04-18,7:15:00,,1472
2026-04-18,7:18:00,,1471
2026-04-18,7:21:00,,1472
2026-04-18,7:24:00,,1471
2026-04-18,7:27:00,,1471
2026-04-18,7:30:00,,1472
2026-04-18,7:33:00,,1471
2026-04-18,7:36:00,,1472
2026-04-18,7:39:00,,1471
2026-04-18,7:42:00,,1471
2026-04-18,7:45:00,,1472
2026-04-18,7:48:00,,1473
2026-04-18,7:51:00,,1472
2026-04-18,7:54:00,,1473
2026-04-18,7:57:00,,1472
2026-04-18,8:00:00,,1473
2026-04-18,8:03:00,,1472
2026-04-18,8:06:00,,1473
2026-04-18,8:09:00,,1473
2026-04-18,8:12:00,,1472
2026-04-18,8:15:00,,1473
2026-04-18,8:18:00,,1473
2026-04-18,8:21:00,,1473
2026-04-18,8:24:00,,1474
2026-04-18,8:27:00,,1473
2026-04-18,8:30:00,,1474
2026-04-18,8:33:00,,1473
2026-04-18,8:36:00,,1473
2026-04-18,8:39:00,,1474
2026-04-18,8:42:00,,1474
2026-04-18,8:45:00,,1473
2026-04-18,8:48:00,,1474
2026-04-18,8:51:00,,1474
2026-04-18,8:54:00,,1473
2026-04-18,8:57:00,,1474
2026-04-18,9:00:00,,1474
2026-04-18,9:03:00,,1473
2026-04-18,9:06:00,,1474
2026-04-18,9:09:00,,1474
2026-04-18,9:12:00,,1474
2026-04-18,9:15:00,,1474
2026-04-18,9:18:00,,1473
2026-04-18,9:21:00,,1474
2026-04-18,9:24:00,,1474
2026-04-18,9:27:00,,1474
2026-04-18,9:30:00,,1473
2026-04-18,9:33:00,,1475
2026-04-18,9:36:00,,1475
2026-04-18,9:39:00,,1474
2026-04-18,9:42:00,,1475
2026-04-18,9:45:00,,1475
2026-04-18,9:48:00,,1475
2026-04-18,9:51:00,,1474
2026-04-18,9:54:00,,1475
2026-04-18,9:57:00,,1475
2026-04-18,10:00:00,,1475
2026-04-18,10:03:00,,1475
2026-04-18,10:06:00,,1475
2026-04-18,10:09:00,,1474
2026-04-18,10:12:00,,1474
2026-04-18,10:15:00,,1475
2026-04-18,10:18:00,,1475
2026-04-18,10:21:00,,1475
2026-04-18,10:24:00,,1476
2026-04-18,10:27:00,,1476
2026-04-18,10:30:00,,1476
2026-04-18,10:33:00,,1476
2026-04-18,10:36:00,,1477
2026-04-18,10:39:00,,1476
2026-04-18,10:42:00,,1476
2026-04-18,10:45:00,,1475
2026-04-18,10:48:00,,1477
2026-04-18,10:51:00,,1476
2026-04-18,10:54:00,,1477
2026-04-18,10:57:00,,1476
2026-04-18,11:00:00,,1477
2026-04-18,11:03:00,,1476
2026-04-18,11:06:00,,1476
2026-04-18,11:09:00,,1477
2026-04-18,11:12:00,,1476
2026-04-18,11:15:00,,1476
2026-04-18,11:18:00,,1476
2026-04-18,11:21:00,,1476
2026-04-18,11:24:00,,1476
2026-04-18,11:27:00,,1477
2026-04-18,11:30:00,,1476
2026-04-18,11:33:00,,1476
2026-04-18,11:36:00,,1476
2026-04-18,11:39:00,,1477
2026-04-18,11:42:00,,1477
2026-04-18,11:45:00,,1476
2026-04-18,11:48:00,,1477
2026-04-18,11:51:00,,1477
2026-04-18,11:54:00,,1477
2026-04-18,11:57:00,,1476
2026-04-18,12:00:00,,1477
2026-04-18,12:03:00,,1477
2026-04-18,12:06:00,,1477
2026-04-18,12:09:00,,1476
2026-04-18,12:12:00,,1476
2026-04-18,12:15:00,,1476
2026-04-18,12:18:00,,1477
2026-04-18,12:21:00,,1476
2026-04-18,12:24:00,,1477
2026-04-18,12:27:00,,1477
2026-04-18,12:30:00,,1477
2026-04-18,12:33:00,,1477
2026-04-18,12:36:00,,1477
2026-04-18,12:39:00,,1477
2026-04-18,12:42:00,,1476
2026-04-18,12:45:00,,1477
2026-04-18,12:48:00,,1476
2026-04-18,12:51:00,,1478
2026-04-18,12:54:00,,1477
2026-04-18,12:57:00,,1476
2026-04-18,13:00:00,,1478
2026-04-18,13:03:00,,1477
2026-04-18,13:06:00,,1476
2026-04-18,13:09:00,,1477
2026-04-18,13:12:00,,1476
2026-04-18,13:15:00,,1477
2026-04-18,13:18:00,,1477
2026-04-18,13:21:00,,1477
2026-04-18,13:24:00,,1477
2026-04-18,13:27:00,,1476
2026-04-18,13:30:00,,1477
2026-04-18,13:33:00,,1476
2026-04-18,13:36:00,,1476
2026-04-18,13:39:00,,1476
2026-04-18,13:42:00,,1477
2026-04-18,13:45:00,,1477
2026-04-18,13:48:00,,1476
2026-04-18,13:51:00,,1476
2026-04-18,13:54:00,,1476
2026-04-18,13:57:00,,1476
2026-04-18,14:00:00,,1476
2026-04-18,14:03:00,,1475
2026-04-18,14:06:00,,1475
2026-04-18,14:09:00,,1476
2026-04-18,14:12:00,,1476
2026-04-18,14:15:00,,1476
2026-04-18,14:18:00,,1476
2026-04-18,14:21:00,,1476
2026-04-18,14:24:00,,1475
2026-04-18,14:27:00,,1475
2026-04-18,14:30:00,,1476
2026-04-18,14:33:00,,1477
2026-04-18,14:36:00,,1476
2026-04-18,14:39:00,,1477
2026-04-18,14:42:00,,1477
2026-04-18,14:45:00,,1476
2026-04-18,14:48:00,,1476
2026-04-18,14:51:00,,1477
2026-04-18,14:54:00,,1476
2026-04-18,14:57:00,,1476
2026-04-18,15:00:00,,1477
2026-04-18,15:03:00,,1476
2026-04-18,15:06:00,,1477
2026-04-18,15:09:00,,1477
2026-04-18,15:12:00,,1476
2026-04-18,15:15:00,,1477
2026-04-18,15:18:00,,1476
2026-04-18,15:21:00,,1476
2026-04-18,15:24:00,,1476
2026-04-18,15:27:00,,1476
2026-04-18,15:30:00,,1477
2026-04-18,15:33:00,,1476
2026-04-18,15:36:00,,1477
2026-04-18,15:39:00,,1477
2026-04-18,15:42:00,,1477
2026-04-18,15:45:00,,1476
2026-04-18,15:48:00,,1476
2026-04-18,15:51:00,,1477
2026-04-18,15:54:00,,1477
2026-04-18,15:57:00,,1476
2026-04-18,16:00:00,,1478
2026-04-18,16:03:00,,1477
2026-04-18,16:06:00,,1478
2026-04-18,16:09:00,,1478
2026-04-18,16:12:00,,1478
2026-04-18,16:15:00,,1477
2026-04-18,16:18:00,,1478
2026-04-18,16:21:00,,1478
2026-04-18,16:24:00,,1478
2026-04-18,16:27:00,,1478
2026-04-18,16:30:00,,1478
2026-04-18,16:33:00,,1477
2026-04-18,16:36:00,,1477
2026-04-18,16:39:00,,1477
2026-04-18,16:42:00,,1478
2026-04-18,16:45:00,,1478
2026-04-18,16:48:00,,1477
2026-04-18,16:51:00,,1477
2026-04-18,16:54:00,,1477
2026-04-18,16:57:00,,1478
2026-04-18,17:00:00,,1477
2026-04-18,17:03:00,,1478
2026-04-18,17:06:00,,1477
2026-04-18,17:09:00,,1477
2026-04-18,17:12:00,,1478
2026-04-18,17:15:00,,1479
2026-04-18,17:18:00,,1478
2026-04-18,17:21:00,,1478
2026-04-18,17:24:00,,1479
2026-04-18,17:27:00,,1480
2026-04-18,17:30:00,,1479
2026-04-18,17:33:00,,1480
2026-04-18,17:36:00,,1481
2026-04-18,17:39:00,,1479
2026-04-18,17:42:00,,1480
2026-04-18,17:45:00,,1480
2026-04-18,17:48:00,,1479
2026-04-18,17:51:00,,1478
2026-04-18,17:54:00,,1478
2026-04-18,17:57:00,,1479
2026-04-18,18:00:00,,1479
2026-04-18,18:03:00,,1479
2026-04-18,18:06:00,,1479
2026-04-18,18:09:00,,1480
2026-04-18,18:12:00,,1479
2026-04-18,18:15:00,,1479
2026-04-18,18:18:00,,1479
2026-04-18,18:21:00,,1478
2026-04-18,18:24:00,,1478
2026-04-18,18:27:00,,1478
2026-04-18,18:30:00,,1478
2026-04-18,18:33:00,,1478
2026-04-18,18:36:00,,1479
2026-04-18,18:39:00,,1479
2026-04-18,18:42:00,,1479
2026-04-18,18:45:00,,1478
2026-04-18,18:48:00,,1478
2026-04-18,18:51:00,,1479
2026-04-18,18:54:00,,1478
2026-04-18,18:57:00,,1479
2026-04-18,19:00:00,,1479
2026-04-18,19:03:00,,1480
2026-04-18,19:06:00,,1480
2026-04-18,19:09:00,,1480
2026-04-18,19:12:00,,1479
2026-04-18,19:15:00,,1479
2026-04-18,19:18:00,,1479
2026-04-18,19:21:00,,1479
2026-04-18,19:24:00,,1479
2026-04-18,19:27:00,,1479
2026-04-18,19:30:00,,1478
2026-04-18,19:33:00,,1479
2026-04-18,19:36:00,,1479
2026-04-18,19:39:00,,1478
2026-04-18,19:42:00,,1479
2026-04-18,19:45:00,,1479
2026-04-18,19:48:00,,1479
2026-04-18,19:51:00,,1479
2026-04-18,19:54:00,,1478
2026-04-18,19:57:00,,1478
2026-04-18,20:00:00,,1478
2026-04-18,20:03:00,,1478
2026-04-18,20:06:00,,1478
2026-04-18,20:09:00,,1478
2026-04-18,20:12:00,,1477
2026-04-18,20:15:00,,1478
2026-04-18,20:18:00,,1478
2026-04-18,20:21:00,,1477
2026-04-18,20:24:00,,1478
2026-04-18,20:27:00,,1477
2026-04-18,20:30:00,,1477
2026-04-18,20:33:00,,1477
2026-04-18,20:36:00,,1478
2026-04-18,20:39:00,,1479
2026-04-18,20:42:00,,1478
2026-04-18,20:45:00,,1478
2026-04-18,20:48:00,,1478
2026-04-18,20:51:00,,1478
2026-04-18,20:54:00,,1477
2026-04-18,20:57:00,,1477
2026-04-18,21:00:00,,1477
2026-04-18,21:03:00,,1478
2026-04-18,21:06:00,,1479
2026-04-18,21:09:00,,1479
2026-04-18,21:12:00,,1478
2026-04-18,21:15:00,,1479
2026-04-18,21:18:00,,1479
2026-04-18,21:21:00,,1478
2026-04-18,21:24:00,,1479
2026-04-18,21:27:00,,1479
2026-04-18,21:30:00,,1479
2026-04-18,21:33:00,,1480
2026-04-18,21:36:00,,1479
2026-04-18,21:39:00,,1479
2026-04-18,21:42:00,,1480
2026-04-18,21:45:00,,1480
2026-04-18,21:48:00,,1480
2026-04-18,21:51:00,,1480
2026-04-18,21:54:00,,1480
2026-04-18,21:57:00,,1479
2026-04-18,22:00:00,,1480
2026-04-18,22:03:00,,1479
2026-04-18,22:06:00,,1479
2026-04-18,22:09:00,,1480
2026-04-18,22:12:00,,1479
2026-04-18,22:15:00,,1480
2026-04-18,22:18:00,,1479
2026-04-18,22:21:00,,1479
2026-04-18,22:24:00,,1479
2026-04-18,22:27:00,,1480
2026-04-18,22:30:00,,1480
2026-04-18,22:33:00,,1480
2026-04-18,22:36:00,,1480
2026-04-18,22:39:00,,1480
2026-04-18,22:42:00,,1480
2026-04-18,22:45:00,,1479
2026-04-18,22:48:00,,1479
2026-04-18,22:51:00,,1479
2026-04-18,22:54:00,,1479
2026-04-18,22:57:00,,1479
2026-04-18,23:00:00,,1478
2026-04-18,23:03:00,,1479
2026-04-18,23:06:00,,1479
2026-04-18,23:09:00,,1479
2026-04-18,23:12:00,,1479
2026-04-18,23:15:00,,1478
2026-04-18,23:18:00,,1479
2026-04-18,23:21:00,,1479
2026-04-18,23:24:00,,1479
2026-04-18,23:27:00,,1480
2026-04-18,23:30:00,,1479
2026-04-18,23:33:00,,1479
2026-04-18,23:36:00,,1480
2026-04-18,23:39:00,,1480
2026-04-18,23:42:00,,1480
2026-04-18,23:45:00,,1479
2026-04-18,23:48:00,,1480
2026-04-18,23:51:00,,1480
2026-04-18,23:54:00,,1480
2026-04-18,23:57:00,,1480
2026-04-19,0:00:00,,1479
2026-04-19,0:03:00,,1480
2026-04-19,0:06:00,,1480
2026-04-19,0:09:00,,1481
2026-04-19,0:12:00,,1480
2026-04-19,0:15:00,,1480
2026-04-19,0:18:00,,1480
2026-04-19,0:21:00,,1480
2026-04-19,0:24:00,,1480
2026-04-19,0:27:00,,1481
2026-04-19,0:30:00,,1481
2026-04-19,0:33:00,,1480
2026-04-19,0:36:00,,1480
2026-04-19,0:39:00,,1480
2026-04-19,0:42:00,,1480
2026-04-19,0:45:00,,1480
2026-04-19,0:48:00,,1480
2026-04-19,0:51:00,,1481
2026-04-19,0:54:00,,1480
2026-04-19,0:57:00,,1481
2026-04-19,1:00:00,,1480
2026-04-19,1:03:00,,1480
2026-04-19,1:06:00,,1481
2026-04-19,1:09:00,,1480
2026-04-19,1:12:00,,1481
2026-04-19,1:15:00,,1482
2026-04-19,1:18:00,,1480
2026-04-19,1:21:00,,1482
2026-04-19,1:24:00,,1481
2026-04-19,1:27:00,,1481
2026-04-19,1:30:00,,1481
2026-04-19,1:33:00,,1481
2026-04-19,1:36:00,,1482
2026-04-19,1:39:00,,1481
2026-04-19,1:42:00,,1480
2026-04-19,1:45:00,,1481
2026-04-19,1:48:00,,1482
2026-04-19,1:51:00,,1481
2026-04-19,1:54:00,,1481
2026-04-19,1:57:00,,1482
2026-04-19,2:00:00,,1481
2026-04-19,2:03:00,,1481
2026-04-19,2:06:00,,1481
2026-04-19,2:09:00,,1481
2026-04-19,2:12:00,,1480
2026-04-19,2:15:00,,1480
2026-04-19,2:18:00,,1481
2026-04-19,2:21:00,,1480
2026-04-19,2:24:00,,1480
2026-04-19,2:27:00,,1480
2026-04-19,2:30:00,,1480
2026-04-19,2:33:00,,1481
2026-04-19,2:36:00,,1481
2026-04-19,2:39:00,,1481
2026-04-19,2:42:00,,1480
2026-04-19,2:45:00,,1480
2026-04-19,2:48:00,,1481
2026-04-19,2:51:00,,1480
2026-04-19,2:54:00,,1480
2026-04-19,2:57:00,,1482
2026-04-19,3:00:00,,1481
2026-04-19,3:03:00,,1481
2026-04-19,3:06:00,,1482
2026-04-19,3:09:00,,1482
2026-04-19,3:12:00,,1482
2026-04-19,3:15:00,,1481
2026-04-19,3:18:00,,1482
2026-04-19,3:21:00,,1481
2026-04-19,3:24:00,,1481
2026-04-19,3:27:00,,1483
2026-04-19,3:30:00,,1483
2026-04-19,3:33:00,,1482
2026-04-19,3:36:00,,1482
2026-04-19,3:39:00,,1482
2026-04-19,3:42:00,,1483
2026-04-19,3:45:00,,1483
2026-04-19,3:48:00,,1483
2026-04-19,3:51:00,,1483
2026-04-19,3:54:00,,1483
2026-04-19,3:57:00,,1483
2026-04-19,4:00:00,,1483
2026-04-19,4:03:00,,1483
2026-04-19,4:06:00,,1483
2026-04-19,4:09:00,,1482
2026-04-19,4:12:00,,1483
2026-04-19,4:15:00,,1483
2026-04-19,4:18:00,,1483
2026-04-19,4:21:00,,1482
2026-04-19,4:24:00,,1482
2026-04-19,4:27:00,,1482
2026-04-19,4:30:00,,1483
2026-04-19,4:33:00,,1483
2026-04-19,4:36:00,,1483
2026-04-19,4:39:00,,1482
2026-04-19,4:42:00,,1483
2026-04-19,4:45:00,,1483
2026-04-19,4:48:00,,1482
2026-04-19,4:51:00,,1483
2026-04-19,4:54:00,,1483
2026-04-19,4:57:00,,1482
2026-04-19,5:00:00,,1482
2026-04-19,5:03:00,,1483
2026-04-19,5:06:00,,1482
2026-04-19,5:09:00,,1482
2026-04-19,5:12:00,,1482
2026-04-19,5:15:00,,1482
2026-04-19,5:18:00,,1481
2026-04-19,5:21:00,,1482
2026-04-19,5:24:00,,1481
2026-04-19,5:27:00,,1481
2026-04-19,5:30:00,,1482
2026-04-19,5:33:00,,1481
2026-04-19,5:36:00,,1482
2026-04-19,5:39:00,,1483
2026-04-19,5:42:00,,1482
2026-04-19,5:45:00,,1482
2026-04-19,5:48:00,,1481
2026-04-19,5:51:00,,1481
2026-04-19,5:54:00,,1482
2026-04-19,5:57:00,,1482
2026-04-19,6:00:00,,1481
2026-04-19,6:03:00,,1483
2026-04-19,6:06:00,,1482
2026-04-19,6:09:00,,1482
2026-04-19,6:12:00,,1481
2026-04-19,6:15:00,,1483
2026-04-19,6:18:00,,1483
2026-04-19,6:21:00,,1483
2026-04-19,6:24:00,,1483
2026-04-19,6:27:00,,1482
2026-04-19,6:30:00,,1482
2026-04-19,6:33:00,,1483
2026-04-19,6:36:00,,1483
2026-04-19,6:39:00,,1483
2026-04-19,6:42:00,,1482
2026-04-19,6:45:00,,1483
2026-04-19,6:48:00,,1482
2026-04-19,6:51:00,,1483
2026-04-19,6:54:00,,1483
2026-04-19,6:57:00,,1482
2026-04-19,7:00:00,,1482
2026-04-19,7:03:00,,1483
2026-04-19,7:06:00,,1483
2026-04-19,7:09:00,,1483
2026-04-19,7:12:00,,1483
2026-04-19,7:15:00,,1484
2026-04-19,7:18:00,,1483
2026-04-19,7:21:00,,1482
2026-04-19,7:24:00,,1483
2026-04-19,7:27:00,,1483
2026-04-19,7:30:00,,1483
2026-04-19,7:33:00,,1482
2026-04-19,7:36:00,,1482
2026-04-19,7:39:00,,1483
2026-04-19,7:42:00,,1483
2026-04-19,7:45:00,,1482
2026-04-19,7:48:00,,1483
2026-04-19,7:51:00,,1483
2026-04-19,7:54:00,,1483
2026-04-19,7:57:00,,1483
2026-04-19,8:00:00,,1483
2026-04-19,8:03:00,,1483
2026-04-19,8:06:00,,1483
2026-04-19,8:09:00,,1483
2026-04-19,8:12:00,,1484
2026-04-19,8:15:00,,1483
2026-04-19,8:18:00,,1483
2026-04-19,8:21:00,,1484
2026-04-19,8:24:00,,1484
2026-04-19,8:27:00,,1484
2026-04-19,8:30:00,,1484
2026-04-19,8:33:00,,1484
2026-04-19,8:36:00,,1484
2026-04-19,8:39:00,,1484
2026-04-19,8:42:00,,1484
2026-04-19,8:45:00,,1483
2026-04-19,8:48:00,,1484
2026-04-19,8:51:00,,1484
2026-04-19,8:54:00,,1484
2026-04-19,8:57:00,,1485
2026-04-19,9:00:00,,1483
2026-04-19,9:03:00,,1484
2026-04-19,9:06:00,,1484
2026-04-19,9:09:00,,1484
2026-04-19,9:12:00,,1484
2026-04-19,9:15:00,,1484
2026-04-19,9:18:00,,1485
2026-04-19,9:21:00,,1484
2026-04-19,9:24:00,,1485
2026-04-19,9:27:00,,1484
2026-04-19,9:30:00,,1484
2026-04-19,9:33:00,,1484
2026-04-19,9:36:00,,1484
2026-04-19,9:39:00,,1485
2026-04-19,9:42:00,,1484
2026-04-19,9:45:00,,1484
2026-04-19,9:48:00,,1484
2026-04-19,9:51:00,,1483
2026-04-19,9:54:00,,1484
2026-04-19,9:57:00,,1484
2026-04-19,10:00:00,,1483
2026-04-19,10:03:00,,1484
2026-04-19,10:06:00,,1484
2026-04-19,10:09:00,,1485
2026-04-19,10:12:00,,1484
2026-04-19,10:15:00,,1485
2026-04-19,10:18:00,,1484
2026-04-19,10:21:00,,1484
2026-04-19,10:24:00,,1485
2026-04-19,10:27:00,,1485
2026-04-19,10:30:00,,1483
2026-04-19,10:33:00,,1484
2026-04-19,10:36:00,,1484
2026-04-19,10:39:00,,1483
2026-04-19,10:42:00,,1483
2026-04-19,10:45:00,,1484
2026-04-19,10:48:00,,1483
2026-04-19,10:51:00,,1482
2026-04-19,10:54:00,,1483
2026-04-19,10:57:00,,1483
2026-04-19,11:00:00,,1482
2026-04-19,11:03:00,,1482
2026-04-19,11:06:00,,1482
2026-04-19,11:09:00,,1481
2026-04-19,11:12:00,,1482
2026-04-19,11:15:00,,1482
2026-04-19,11:18:00,,1482
2026-04-19,11:21:00,,1483
2026-04-19,11:24:00,,1484
2026-04-19,11:27:00,,1484
2026-04-19,11:30:00,,1484
2026-04-19,11:33:00,,1484
2026-04-19,11:36:00,,1484
2026-04-19,11:39:00,,1483
2026-04-19,11:42:00,,1483
2026-04-19,11:45:00,,1483
2026-04-19,11:48:00,,1483
2026-04-19,11:51:00,,1484
2026-04-19,11:54:00,,1483
2026-04-19,11:57:00,,1484
2026-04-19,12:00:00,,1483
2026-04-19,12:03:00,,1484
2026-04-19,12:06:00,,1483
2026-04-19,12:09:00,,1484
2026-04-19,12:12:00,,1484
2026-04-19,12:15:00,,1484
2026-04-19,12:18:00,,1483
2026-04-19,12:21:00,,1483
2026-04-19,12:24:00,,1484
2026-04-19,12:27:00,,1484
2026-04-19,12:30:00,,1483
2026-04-19,12:33:00,,1483
2026-04-19,12:36:00,,1484
2026-04-19,12:39:00,,1483
2026-04-19,12:42:00,,1483
2026-04-19,12:45:00,,1484
2026-04-19,12:48:00,,1484
2026-04-19,12:51:00,,1483
2026-04-19,12:54:00,,1483
2026-04-19,12:57:00,,1483
2026-04-19,13:00:00,,1483
2026-04-19,13:03:00,,1482
2026-04-19,13:06:00,,1483
2026-04-19,13:09:00,,1483
2026-04-19,13:12:00,,1483
2026-04-19,13:15:00,,1482
2026-04-19,13:18:00,,1483
2026-04-19,13:21:00,,1483
2026-04-19,13:24:00,,1483
2026-04-19,13:27:00,,1483
2026-04-19,13:30:00,,1483
2026-04-19,13:33:00,,1483
2026-04-19,13:36:00,,1483
2026-04-19,13:39:00,,1484
2026-04-19,13:42:00,,1484
2026-04-19,13:45:00,,1484
2026-04-19,13:48:00,,1483
2026-04-19,13:51:00,,1484
2026-04-19,13:54:00,,1483
2026-04-19,13:57:00,,1484
2026-04-19,14:00:00,,1484
2026-04-19,14:03:00,,1484
2026-04-19,14:06:00,,1484
2026-04-19,14:09:00,,1484
2026-04-19,14:12:00,,1484
2026-04-19,14:15:00,,1484
2026-04-19,14:18:00,,1484
2026-04-19,14:21:00,,1484
2026-04-19,14:24:00,,1484
2026-04-19,14:27:00,,1484
2026-04-19,14:30:00,,1485
2026-04-19,14:33:00,,1485
2026-04-19,14:36:00,,1484
2026-04-19,14:39:00,,1485
2026-04-19,14:42:00,,1485
2026-04-19,14:45:00,,1484
2026-04-19,14:48:00,,1484
2026-04-19,14:51:00,,1484
2026-04-19,14:54:00,,1485
2026-04-19,14:57:00,,1485
2026-04-19,15:00:00,,1486
2026-04-19,15:03:00,,1485
2026-04-19,15:06:00,,1486
2026-04-19,15:09:00,,1485
2026-04-19,15:12:00,,1486
2026-04-19,15:15:00,,1487
2026-04-19,15:18:00,,1486
2026-04-19,15:21:00,,1486
2026-04-19,15:24:00,,1486
2026-04-19,15:27:00,,1486
2026-04-19,15:30:00,,1486
2026-04-19,15:33:00,,1485
2026-04-19,15:36:00,,1485
2026-04-19,15:39:00,,1484
2026-04-19,15:42:00,,1484
2026-04-19,15:45:00,,1485
2026-04-19,15:48:00,,1485
2026-04-19,15:51:00,,1484
2026-04-19,15:54:00,,1486
2026-04-19,15:57:00,,1485
2026-04-19,16:00:00,,1485
2026-04-19,16:03:00,,1485
2026-04-19,16:06:00,,1485
2026-04-19,16:09:00,,1486
2026-04-19,16:12:00,,1485
2026-04-19,16:15:00,,1486
2026-04-19,16:18:00,,1487
2026-04-19,16:21:00,,1487
2026-04-19,16:24:00,,1488
2026-04-19,16:27:00,,1487
2026-04-19,16:30:00,,1487
2026-04-19,16:33:00,,1487
2026-04-19,16:36:00,,1487
2026-04-19,16:39:00,,1486
2026-04-19,16:42:00,,1486
2026-04-19,16:45:00,,1487
2026-04-19,16:48:00,,1486
2026-04-19,16:51:00,,1487
2026-04-19,16:54:00,,1486
2026-04-19,16:57:00,,1487
2026-04-19,17:00:00,,1487
2026-04-19,17:03:00,,1486
2026-04-19,17:06:00,,1487
2026-04-19,17:09:00,,1486
2026-04-19,17:12:00,,1487
2026-04-19,17:15:00,,1486
2026-04-19,17:18:00,,1485
2026-04-19,17:21:00,,1486
2026-04-19,17:24:00,,1485
2026-04-19,17:27:00,,1486
2026-04-19,17:30:00,,1486
2026-04-19,17:33:00,,1485
2026-04-19,17:36:00,,1486
2026-04-19,17:39:00,,1485
2026-04-19,17:42:00,,1486
2026-04-19,17:45:00,,1486
2026-04-19,17:48:00,,1486
2026-04-19,17:51:00,,1486
2026-04-19,17:54:00,,1486
2026-04-19,17:57:00,,1486
2026-04-19,18:00:00,,1485
2026-04-19,18:03:00,,1484
2026-04-19,18:06:00,,1484
2026-04-19,18:09:00,,1484
2026-04-19,18:12:00,,1484
2026-04-19,18:15:00,,1485
2026-04-19,18:18:00,,1484
2026-04-19,18:21:00,,1485
2026-04-19,18:24:00,,1486
2026-04-19,18:27:00,,1485
2026-04-19,18:30:00,,1485
2026-04-19,18:33:00,,1486
2026-04-19,18:36:00,,1486
2026-04-19,18:39:00,,1485
2026-04-19,18:42:00,,1486
2026-04-19,18:45:00,,1487
2026-04-19,18:48:00,,1486
2026-04-19,18:51:00,,1485
2026-04-19,18:54:00,,1485
2026-04-19,18:57:00,,1485
2026-04-19,19:00:00,,1485
2026-04-19,19:03:00,,1485
2026-04-19,19:06:00,,1485
2026-04-19,19:09:00,,1485
2026-04-19,19:12:00,,1485
2026-04-19,19:15:00,,1486
2026-04-19,19:18:00,,1486
2026-04-19,19:21:00,,1485
2026-04-19,19:24:00,,1485
2026-04-19,19:27:00,,1486
2026-04-19,19:30:00,,1485
2026-04-19,19:33:00,,1486
2026-04-19,19:36:00,,1486
2026-04-19,19:39:00,,1485
2026-04-19,19:42:00,,1485
2026-04-19,19:45:00,,1485
2026-04-19,19:48:00,,1486
2026-04-19,19:51:00,,1486
2026-04-19,19:54:00,,1485
2026-04-19,19:57:00,,1486
2026-04-19,20:00:00,,1486
2026-04-19,20:03:00,,1485
2026-04-19,20:06:00,,1485
2026-04-19,20:09:00,,1484
2026-04-19,20:12:00,,1484
2026-04-19,20:15:00,,1484
2026-04-19,20:18:00,,1484
2026-04-19,20:21:00,,1485
2026-04-19,20:24:00,,1485
2026-04-19,20:27:00,,1485
2026-04-19,20:30:00,,1484
2026-04-19,20:33:00,,1485
2026-04-19,20:36:00,,1484
2026-04-19,20:39:00,,1484
2026-04-19,20:42:00,,1484
2026-04-19,20:45:00,,1485
2026-04-19,20:48:00,,1485
2026-04-19,20:51:00,,1485
2026-04-19,20:54:00,,1484
2026-04-19,20:57:00,,1484
2026-04-19,21:00:00,,1485
2026-04-19,21:03:00,,1485
2026-04-19,21:06:00,,1484
2026-04-19,21:09:00,,1485
2026-04-19,21:12:00,,1485
2026-04-19,21:15:00,,1484
2026-04-19,21:18:00,,1484
2026-04-19,21:21:00,,1485
2026-04-19,21:24:00,,1486
2026-04-19,21:27:00,,1485
2026-04-19,21:30:00,,1485
2026-04-19,21:33:00,,1485
2026-04-19,21:36:00,,1485
2026-04-19,21:39:00,,1486
2026-04-19,21:42:00,,1485
2026-04-19,21:45:00,,1485
2026-04-19,21:48:00,,1486
2026-04-19,21:51:00,,1485
2026-04-19,21:54:00,,1486
2026-04-19,21:57:00,,1486
2026-04-19,22:00:00,,1486
2026-04-19,22:03:00,,1486
2026-04-19,22:06:00,,1485
2026-04-19,22:09:00,,1486
2026-04-19,22:12:00,,1486
2026-04-19,22:15:00,,1486
2026-04-19,22:18:00,,1485
2026-04-19,22:21:00,,1486
2026-04-19,22:24:00,,1485
2026-04-19,22:27:00,,1487
2026-04-19,22:30:00,,1487
2026-04-19,22:33:00,,1486
2026-04-19,22:36:00,,1486
2026-04-19,22:39:00,,1487
2026-04-19,22:42:00,,1485
2026-04-19,22:45:00,,1487
2026-04-19,22:48:00,,1486
2026-04-19,22:51:00,,1486
2026-04-19,22:54:00,,1486
2026-04-19,22:57:00,,1486
2026-04-19,23:00:00,,1486
2026-04-19,23:03:00,,1487
2026-04-19,23:06:00,,1487
2026-04-19,23:09:00,,1486
2026-04-19,23:12:00,,1486
2026-04-19,23:15:00,,1485
2026-04-19,23:18:00,,1485
2026-04-19,23:21:00,,1486
2026-04-19,23:24:00,,1485
2026-04-19,23:27:00,,1485
2026-04-19,23:30:00,,1485
2026-04-19,23:33:00,,1485
2026-04-19,23:36:00,,1485
2026-04-19,23:39:00,,1485
2026-04-19,23:42:00,,1484
2026-04-19,23:45:00,,1484
2026-04-19,23:48:00,,1484
2026-04-19,23:51:00,,1484
2026-04-19,23:54:00,,1485
2026-04-19,23:57:00,,1484
2026-04-20,0:00:00,,1484
2026-04-20,0:03:00,,1485
2026-04-20,0:06:00,,1484
2026-04-20,0:09:00,,1485
2026-04-20,0:12:00,,1485
2026-04-20,0:15:00,,1484
2026-04-20,0:18:00,,1484
2026-04-20,0:21:00,,1486
2026-04-20,0:24:00,,1485
2026-04-20,0:27:00,,1484
2026-04-20,0:30:00,,1486
2026-04-20,0:33:00,,1487
2026-04-20,0:36:00,,1487
2026-04-20,0:39:00,,1487
2026-04-20,0:42:00,,1487
2026-04-20,0:45:00,,1486
2026-04-20,0:48:00,,1486
2026-04-20,0:51:00,,1487
2026-04-20,0:54:00,,1486
2026-04-20,0:57:00,,1486
2026-04-20,1:00:00,,1487
2026-04-20,1:03:00,,1486
2026-04-20,1:06:00,,1486
2026-04-20,1:09:00,,1486
2026-04-20,1:12:00,,1487
2026-04-20,1:15:00,,1486
2026-04-20,1:18:00,,1487
2026-04-20,1:21:00,,1486
2026-04-20,1:24:00,,1487
2026-04-20,1:27:00,,1487
2026-04-20,1:30:00,,1486
2026-04-20,1:33:00,,1487
2026-04-20,1:36:00,,1486
2026-04-20,1:39:00,,1486
2026-04-20,1:42:00,,1487
2026-04-20,1:45:00,,1487
2026-04-20,1:48:00,,1486
2026-04-20,1:51:00,,1487
2026-04-20,1:54:00,,1487
2026-04-20,1:57:00,,1487
2026-04-20,2:00:00,,1487
2026-04-20,2:03:00,,1489
2026-04-20,2:06:00,,1488
2026-04-20,2:09:00,,1488
2026-04-20,2:12:00,,1487
2026-04-20,2:15:00,,1488
2026-04-20,2:18:00,,1488
2026-04-20,2:21:00,,1488
2026-04-20,2:24:00,,1488
2026-04-20,2:27:00,,1487
2026-04-20,2:30:00,,1487
2026-04-20,2:33:00,,1486
2026-04-20,2:36:00,,1487
2026-04-20,2:39:00,,1487
2026-04-20,2:42:00,,1487
2026-04-20,2:45:00,,1487
2026-04-20,2:48:00,,1487
2026-04-20,2:51:00,,1489
2026-04-20,2:54:00,,1489
2026-04-20,2:57:00,,1489
2026-04-20,3:00:00,,1489
2026-04-20,3:03:00,,1489
2026-04-20,3:06:00,,1488
2026-04-20,3:09:00,,1489
2026-04-20,3:12:00,,1488
2026-04-20,3:15:00,,1488
2026-04-20,3:18:00,,1489
2026-04-20,3:21:00,,1489
2026-04-20,3:24:00,,1489
2026-04-20,3:27:00,,1488
2026-04-20,3:30:00,,1488
2026-04-20,3:33:00,,1488
2026-04-20,3:36:00,,1488
2026-04-20,3:39:00,,1489
2026-04-20,3:42:00,,1489
2026-04-20,3:45:00,,1488
2026-04-20,3:48:00,,1489
2026-04-20,3:51:00,,1488
2026-04-20,3:54:00,,1488
2026-04-20,3:57:00,,1488
2026-04-20,4:00:00,,1488
2026-04-20,4:03:00,,1488
2026-04-20,4:06:00,,1488
2026-04-20,4:09:00,,1488
2026-04-20,4:12:00,,1489
2026-04-20,4:15:00,,1488
2026-04-20,4:18:00,,1488
2026-04-20,4:21:00,,1489
2026-04-20,4:24:00,,1488
2026-04-20,4:27:00,,1489
2026-04-20,4:30:00,,1489
2026-04-20,4:33:00,,1489
2026-04-20,4:36:00,,1488
2026-04-20,4:39:00,,1489
2026-04-20,4:42:00,,1489
2026-04-20,4:45:00,,1489
2026-04-20,4:48:00,,1489
2026-04-20,4:51:00,,1489
2026-04-20,4:54:00,,1489
2026-04-20,4:57:00,,1489
2026-04-20,5:00:00,,1489
2026-04-20,5:03:00,,1489
2026-04-20,5:06:00,,1490
2026-04-20,5:09:00,,1490
2026-04-20,5:12:00,,1489
2026-04-20,5:15:00,,1489
2026-04-20,5:18:00,,1490
2026-04-20,5:21:00,,1490
2026-04-20,5:24:00,,1489
2026-04-20,5:27:00,,1490
2026-04-20,5:30:00,,1489
2026-04-20,5:33:00,,1489
2026-04-20,5:36:00,,1489
2026-04-20,5:39:00,,1490
2026-04-20,5:42:00,,1490
2026-04-20,5:45:00,,1490
2026-04-20,5:48:00,,1490
2026-04-20,5:51:00,,1491
2026-04-20,5:54:00,,1491
2026-04-20,5:57:00,,1490
2026-04-20,6:00:00,,1491
2026-04-20,6:03:00,,1491
2026-04-20,6:06:00,,1490
2026-04-20,6:09:00,,1491
2026-04-20,6:12:00,,1490
2026-04-20,6:15:00,,1491
2026-04-20,6:18:00,,1491
2026-04-20,6:21:00,,1490
2026-04-20,6:24:00,,1489
2026-04-20,6:27:00,,1490
2026-04-20,6:30:00,,1490
2026-04-20,6:33:00,,1490
2026-04-20,6:36:00,,1489
2026-04-20,6:39:00,,1490
2026-04-20,6:42:00,,1489
2026-04-20,6:45:00,,1489
2026-04-20,6:48:00,,1489
2026-04-20,6:51:00,,1490
2026-04-20,6:54:00,,1490
2026-04-20,6:57:00,,1490
2026-04-20,7:00:00,1465.99,1492
2026-04-20,7:03:00,,1491
2026-04-20,7:06:00,,1492
2026-04-20,7:09:00,,1492
2026-04-20,7:12:00,,1492
2026-04-20,7:15:00,,1492
2026-04-20,7:18:00,,1492
2026-04-20,7:21:00,,1493
2026-04-20,7:24:00,,1492
2026-04-20,7:27:00,,1492
2026-04-20,7:30:00,,1490
2026-04-20,7:33:00,,1490
2026-04-20,7:36:00,,1490
2026-04-20,7:39:00,,1489
2026-04-20,7:42:00,,1489
2026-04-20,7:45:00,,1490
2026-04-20,7:48:00,,1489
2026-04-20,7:51:00,,1488
2026-04-20,7:54:00,,1489
2026-04-20,7:57:00,,1489
2026-04-20,8:00:00,,1488
2026-04-20,8:03:00,,1488
2026-04-20,8:06:00,,1488
2026-04-20,8:09:00,,1488
2026-04-20,8:12:00,,1488
2026-04-20,8:15:00,1465.99,1489
2026-04-20,8:18:00,,1488
2026-04-20,8:21:00,,1489
2026-04-20,8:24:00,,1489
2026-04-20,8:27:00,,1489
2026-04-20,8:30:00,,1489
2026-04-20,8:33:00,,1489
2026-04-20,8:36:00,,1488
2026-04-20,8:39:00,,1488
2026-04-20,8:42:00,,1489
2026-04-20,8:45:00,,1490
2026-04-20,8:48:00,,1490
2026-04-20,8:51:00,,1488
2026-04-20,8:54:00,,1488
2026-04-20,8:57:00,,1490
2026-04-20,9:00:00,1477.5,1489
2026-04-20,9:03:00,1476.58,1490
2026-04-20,9:06:00,1476.98,1489
2026-04-20,9:09:00,1476.38,1489
2026-04-20,9:12:00,1476.38,1489
2026-04-20,9:15:00,1473.78,1488
2026-04-20,9:18:00,1473.08,1487
2026-04-20,9:21:00,1473.08,1487
2026-04-20,9:24:00,1474.18,1487
2026-04-20,9:27:00,1473.76,1486
2026-04-20,9:30:00,1473.82,1487
2026-04-20,9:33:00,1474.08,1487
2026-04-20,9:36:00,1474.58,1488
2026-04-20,9:39:00,1474.07,1487
2026-04-20,9:42:00,1474.68,1488
2026-04-20,9:45:00,1474.08,1488
2026-04-20,9:48:00,1474.58,1488
2026-04-20,9:51:00,1475.08,1487
2026-04-20,9:54:00,1474.91,1488
2026-04-20,9:57:00,1475.38,1488
2026-04-20,10:00:00,1473.88,1488
2026-04-20,10:03:00,1474.68,1489
2026-04-20,10:06:00,1474.28,1489
2026-04-20,10:09:00,1474.88,1488
2026-04-20,10:12:00,1474.17,1488
2026-04-20,10:15:00,1474.19,1489
2026-04-20,10:18:00,1474.78,1490
2026-04-20,10:21:00,1475.03,1490
2026-04-20,10:24:00,1475.51,1489
2026-04-20,10:27:00,1476.18,1489
2026-04-20,10:30:00,1474.68,1488
2026-04-20,10:33:00,1474.58,1489
2026-04-20,10:36:00,1474.04,1488
2026-04-20,10:39:00,1473.88,1489
2026-04-20,10:42:00,1473.58,1488
2026-04-20,10:45:00,1473.28,1489
2026-04-20,10:48:00,1473.28,1488
2026-04-20,10:51:00,1473.98,1489
2026-04-20,10:54:00,1473.88,1489
2026-04-20,10:57:00,1473.98,1488
2026-04-20,11:00:00,1473.48,1488
2026-04-20,11:03:00,1474.15,1489
2026-04-20,11:06:00,1473.88,1488
2026-04-20,11:09:00,1473.48,1488
2026-04-20,11:12:00,1473.91,1489
2026-04-20,11:15:00,1473.78,1488
2026-04-20,11:18:00,1473.88,1488
2026-04-20,11:21:00,1473.48,1488
2026-04-20,11:24:00,1473.38,1488
2026-04-20,11:27:00,1473.12,1487
2026-04-20,11:30:00,1473.08,1488
2026-04-20,11:33:00,1473.58,1487
2026-04-20,11:36:00,1474.28,1487
2026-04-20,11:39:00,1474.07,1487
2026-04-20,11:42:00,1474.58,1486
2026-04-20,11:45:00,1474.88,1486
2026-04-20,11:48:00,1474.2,1485
2026-04-20,11:51:00,1474.88,1486
2026-04-20,11:54:00,1475.02,1485
2026-04-20,11:57:00,1475.18,1486
2026-04-20,12:00:00,1475.14,1485
2026-04-20,12:03:00,1475.08,1485
2026-04-20,12:06:00,1474.93,1485
2026-04-20,12:09:00,1475.08,1485
2026-04-20,12:12:00,1474.98,1485
2026-04-20,12:15:00,1475.08,1484
2026-04-20,12:18:00,1474.98,1484
2026-04-20,12:21:00,1475.1,1484
2026-04-20,12:24:00,1475.43,1484
2026-04-20,12:27:00,1474.94,1484
2026-04-20,12:30:00,1474.79,1483
2026-04-20,12:33:00,1475.12,1484
2026-04-20,12:36:00,1475.38,1484
2026-04-20,12:39:00,1474.48,1483
2026-04-20,12:42:00,1474.58,1484
2026-04-20,12:45:00,1474.32,1484
2026-04-20,12:48:00,1474.38,1484
2026-04-20,12:51:00,1474.36,1483
2026-04-20,12:54:00,1474.82,1484
2026-04-20,12:57:00,1473.99,1483
2026-04-20,13:00:00,1474.18,1483
2026-04-20,13:03:00,1474.44,1483
2026-04-20,13:06:00,1474.58,1483
2026-04-20,13:09:00,1474.48,1483
2026-04-20,13:12:00,1475.08,1483
2026-04-20,13:15:00,1475.93,1483
2026-04-20,13:18:00,1474.98,1484
2026-04-20,13:21:00,1475.84,1483
2026-04-20,13:24:00,1475.68,1484
2026-04-20,13:27:00,1475.68,1483
2026-04-20,13:30:00,1475.38,1484
2026-04-20,13:33:00,1475.55,1483
2026-04-20,13:36:00,1475.24,1484
2026-04-20,13:39:00,1475.38,1484
2026-04-20,13:42:00,1474.98,1483
2026-04-20,13:45:00,1474.58,1483
2026-04-20,13:48:00,1474.48,1483
2026-04-20,13:51:00,1474.39,1484
2026-04-20,13:54:00,1475.02,1483
2026-04-20,13:57:00,1474.24,1483
2026-04-20,14:00:00,1474.17,1484
2026-04-20,14:03:00,1474.58,1484
2026-04-20,14:06:00,1474.48,1485
2026-04-20,14:09:00,1474.55,1486
2026-04-20,14:12:00,1473.99,1485
2026-04-20,14:15:00,1474.38,1485
2026-04-20,14:18:00,1474.78,1486
2026-04-20,14:21:00,1475.08,1486
2026-04-20,14:24:00,1476.38,1487
2026-04-20,14:27:00,1476.63,1486
2026-04-20,14:30:00,1476.38,1487
2026-04-20,14:33:00,1476.68,1486
2026-04-20,14:36:00,1477.18,1486
2026-04-20,14:39:00,1477.28,1486
2026-04-20,14:42:00,1477.48,1487
2026-04-20,14:45:00,1476.78,1487
2026-04-20,14:48:00,1476.98,1486
2026-04-20,14:51:00,1476.06,1486
2026-04-20,14:54:00,1475.58,1486
2026-04-20,14:57:00,1475.68,1486
2026-04-20,15:00:00,1475.38,1486
2026-04-20,15:03:00,1475.78,1485
2026-04-20,15:06:00,1475.66,1486
2026-04-20,15:09:00,1476.18,1486
2026-04-20,15:12:00,1476.63,1485
2026-04-20,15:15:00,1476.97,1485
2026-04-20,15:18:00,1477.28,1486
2026-04-20,15:21:00,1477.58,1486
2026-04-20,15:24:00,1478.48,1486
2026-04-20,15:27:00,1477.18,1485
2026-04-20,15:30:00,1476,1486
2026-04-20,15:33:00,1476.54,1486
2026-04-20,15:36:00,1475.61,1485
2026-04-20,15:39:00,1475.68,1486
2026-04-20,15:42:00,1474.38,1486
2026-04-20,15:45:00,1473.88,1485
2026-04-20,15:48:00,1474.88,1486
2026-04-20,15:51:00,1475.88,1486
2026-04-20,15:54:00,1473.78,1485
2026-04-20,15:57:00,1472.18,1486
2026-04-20,16:00:00,1472.12,1486
2026-04-20,16:03:00,1471.48,1485
2026-04-20,16:06:00,1471.8,1485
2026-04-20,16:09:00,1473.02,1486
2026-04-20,16:12:00,1472.28,1485
2026-04-20,16:15:00,1472.58,1485
2026-04-20,16:18:00,1472.68,1485
2026-04-20,16:21:00,1472.08,1485
2026-04-20,16:24:00,1472.58,1486
2026-04-20,16:27:00,1473.89,1486
2026-04-20,16:30:00,1474.93,1486
2026-04-20,16:33:00,1473.15,1486
2026-04-20,16:36:00,1473.93,1486
2026-04-20,16:39:00,1472.89,1486
2026-04-20,16:42:00,1473.66,1487
2026-04-20,16:45:00,1473.48,1486
2026-04-20,16:48:00,1473.98,1487
2026-04-20,16:51:00,1474.2,1487
2026-04-20,16:54:00,1475.39,1486
2026-04-20,16:57:00,1474.71,1487
2026-04-20,17:00:00,1474.92,1487
2026-04-20,17:03:00,1473.2,1486
2026-04-20,17:06:00,1474.67,1487
2026-04-20,17:09:00,1473.02,1486
2026-04-20,17:12:00,1472.62,1486
2026-04-20,17:15:00,1473.58,1486
2026-04-20,17:18:00,1473.51,1485
2026-04-20,17:21:00,1474.22,1485
2026-04-20,17:24:00,1473.71,1486
2026-04-20,17:27:00,1472.03,1486
2026-04-20,17:30:00,1472.33,1486
2026-04-20,17:33:00,1472.48,1486
2026-04-20,17:36:00,1472.68,1486
2026-04-20,17:39:00,1472.62,1486
2026-04-20,17:42:00,1472.72,1486
2026-04-20,17:45:00,1472.36,1485
2026-04-20,17:48:00,1471.66,1486
2026-04-20,17:51:00,1472.38,1485
2026-04-20,17:54:00,1471.79,1486
2026-04-20,17:57:00,1471.88,1485
2026-04-20,18:00:00,1472.01,1486
2026-04-20,18:03:00,1471.59,1486
2026-04-20,18:06:00,1471.48,1485
2026-04-20,18:09:00,1470.98,1485
2026-04-20,18:12:00,1470.96,1486
2026-04-20,18:15:00,1471.92,1485
2026-04-20,18:18:00,1471.96,1485
2026-04-20,18:21:00,1471.75,1485
2026-04-20,18:24:00,1471.97,1484
2026-04-20,18:27:00,1471.84,1484
2026-04-20,18:30:00,1471.28,1485
2026-04-20,18:33:00,1471.09,1484
2026-04-20,18:36:00,1471.08,1484
2026-04-20,18:39:00,1471.83,1485
2026-04-20,18:42:00,1471.68,1484
2026-04-20,18:45:00,1471.83,1484
2026-04-20,18:48:00,1471.58,1484
2026-04-20,18:51:00,1471.88,1483
2026-04-20,18:54:00,1471.69,1484
2026-04-20,18:57:00,1471.74,1484
2026-04-20,19:00:00,1471.75,1484
2026-04-20,19:03:00,1471.08,1484
2026-04-20,19:06:00,1471.5,1484
2026-04-20,19:09:00,1471.03,1483
2026-04-20,19:12:00,1470.78,1484
2026-04-20,19:15:00,1471.48,1483
2026-04-20,19:18:00,1471.31,1483
2026-04-20,19:21:00,1471.88,1484
2026-04-20,19:24:00,1471.86,1483
2026-04-20,19:27:00,1471.44,1484
2026-04-20,19:30:00,1471.24,1484
2026-04-20,19:33:00,1471.41,1484
2026-04-20,19:36:00,1471.38,1483
2026-04-20,19:39:00,1471.87,1484
2026-04-20,19:42:00,1471.9,1484
2026-04-20,19:45:00,1472.03,1483
2026-04-20,19:48:00,1472.07,1484
2026-04-20,19:51:00,1472.03,1484
2026-04-20,19:54:00,1469.88,1484
2026-04-20,19:57:00,1471.82,1484
2026-04-20,20:00:00,1471.88,1484
2026-04-20,20:03:00,1472.2,1484
2026-04-20,20:06:00,1472.08,1484
2026-04-20,20:09:00,1471.88,1483
2026-04-20,20:12:00,1472,1484
2026-04-20,20:15:00,1471.3,1484
2026-04-20,20:18:00,1471.65,1484
2026-04-20,20:21:00,1471.39,1485
2026-04-20,20:24:00,1471.34,1484
2026-04-20,20:27:00,1471.43,1483
2026-04-20,20:30:00,1471.36,1484
2026-04-20,20:33:00,1471.7,1484
2026-04-20,20:36:00,1470.76,1484
2026-04-20,20:39:00,1471.5,1483
2026-04-20,20:42:00,1471.49,1484
2026-04-20,20:45:00,1471.42,1483
2026-04-20,20:48:00,1471.62,1484
2026-04-20,20:51:00,1470.9,1483
2026-04-20,20:54:00,1469.98,1484
2026-04-20,20:57:00,1470.41,1484
2026-04-20,21:00:00,1470.48,1484
2026-04-20,21:03:00,1469.11,1484
2026-04-20,21:06:00,1469.26,1484
2026-04-20,21:09:00,1470.63,1484
2026-04-20,21:12:00,1471.63,1484
2026-04-20,21:15:00,1472,1483
2026-04-20,21:18:00,1472.28,1483
2026-04-20,21:21:00,1471.68,1484
2026-04-20,21:24:00,1472.15,1484
2026-04-20,21:27:00,1472.45,1483
2026-04-20,21:30:00,1472.78,1484
2026-04-20,21:33:00,1472.86,1484
2026-04-20,21:36:00,1472.67,1484
2026-04-20,21:39:00,1472.38,1484
2026-04-20,21:42:00,1472.28,1483
2026-04-20,21:45:00,1472.2,1484
2026-04-20,21:48:00,1472.15,1484
2026-04-20,21:51:00,1473.09,1483
2026-04-20,21:54:00,1472.45,1483
2026-04-20,21:57:00,1472.13,1484
2026-04-20,22:00:00,1472.98,1484
2026-04-20,22:03:00,1472.58,1483
2026-04-20,22:06:00,1471.98,1484
2026-04-20,22:09:00,1471.24,1483
2026-04-20,22:12:00,1471.48,1484
2026-04-20,22:15:00,1470.59,1484
2026-04-20,22:18:00,1471.68,1483
2026-04-20,22:21:00,1470.2,1483
2026-04-20,22:24:00,1469.98,1484
2026-04-20,22:27:00,1469.13,1484
2026-04-20,22:30:00,1469.38,1483
2026-04-20,22:33:00,1469.22,1483
2026-04-20,22:36:00,1468.68,1483
2026-04-20,22:39:00,1468.73,1483
2026-04-20,22:42:00,1467.68,1482
2026-04-20,22:45:00,1467.32,1483
2026-04-20,22:48:00,1465.81,1482
2026-04-20,22:51:00,1466.98,1482
2026-04-20,22:54:00,1466.18,1482
2026-04-20,22:57:00,1465.51,1482
2026-04-20,23:00:00,1466.58,1482
2026-04-20,23:03:00,1467.39,1482
2026-04-20,23:06:00,1468.98,1483
2026-04-20,23:09:00,1468.92,1483
2026-04-20,23:12:00,1469.18,1482
2026-04-20,23:15:00,1469.25,1483
2026-04-20,23:18:00,1468.68,1482
2026-04-20,23:21:00,1468.51,1481
2026-04-20,23:24:00,1468.28,1481
2026-04-20,23:27:00,1468.38,1482
2026-04-20,23:30:00,1468.5,1482
2026-04-20,23:33:00,1469.99,1482
2026-04-20,23:36:00,1469.48,1481
2026-04-20,23:39:00,1470.11,1482
2026-04-20,23:42:00,1469.98,1482
2026-04-20,23:45:00,,1482
2026-04-20,23:48:00,,1482
2026-04-20,23:51:00,,1482
2026-04-20,23:54:00,1471.53,1481
2026-04-20,23:57:00,1471.21,1482
2026-04-21,0:00:00,1471.55,1482
2026-04-21,0:03:00,1471.46,1483
2026-04-21,0:06:00,1471.48,1482
2026-04-21,0:09:00,1470.88,1482
2026-04-21,0:12:00,1469.78,1482
2026-04-21,0:15:00,1471,1483
2026-04-21,0:18:00,1470.62,1482
2026-04-21,0:21:00,1469.74,1482
2026-04-21,0:24:00,1469.49,1482
2026-04-21,0:27:00,1470.02,1481
2026-04-21,0:30:00,1468.96,1481
2026-04-21,0:33:00,1468.65,1482
2026-04-21,0:36:00,1469.06,1482
2026-04-21,0:39:00,1469.15,1481
2026-04-21,0:42:00,1469.72,1482
2026-04-21,0:45:00,1470.02,1481
2026-04-21,0:48:00,1470.19,1481
2026-04-21,0:51:00,1470.4,1482
2026-04-21,0:54:00,1470.21,1481
2026-04-21,0:57:00,1469.9,1480
2026-04-21,1:00:00,1470.31,1480
2026-04-21,1:03:00,1470.23,1481
2026-04-21,1:06:00,1470.74,1481
2026-04-21,1:09:00,1470.71,1482
2026-04-21,1:12:00,1470.59,1481
2026-04-21,1:15:00,1471.13,1482
2026-04-21,1:18:00,1470.58,1482
2026-04-21,1:21:00,1470.28,1482
2026-04-21,1:24:00,1470.97,1482
2026-04-21,1:27:00,1470.72,1481
2026-04-21,1:30:00,1471.07,1481
2026-04-21,1:33:00,1471.17,1481
2026-04-21,1:36:00,1471.81,1482
2026-04-21,1:39:00,1471.7,1481
2026-04-21,1:42:00,,1481
2026-04-21,1:45:00,1471.61,1482
2026-04-21,1:48:00,1471.53,1481
2026-04-21,1:51:00,1470.98,1482
2026-04-21,1:54:00,1471.52,1481
2026-04-21,1:57:00,1471.31,1482
2026-04-21,2:00:00,1471.67,1482
2026-04-21,2:03:00,1470.86,1481
2026-04-21,2:06:00,1471.86,1482
2026-04-21,2:09:00,1470.69,1482
2026-04-21,2:12:00,1470.72,1483
2026-04-21,2:15:00,1471.4,1481
2026-04-21,2:18:00,1470.76,1482
2026-04-21,2:21:00,1470.85,1481
2026-04-21,2:24:00,1471.93,1481
2026-04-21,2:27:00,1471.03,1482
2026-04-21,2:30:00,1471.79,1481
2026-04-21,2:33:00,1471.02,1481
2026-04-21,2:36:00,1471.75,1482
2026-04-21,2:39:00,1471.53,1481
2026-04-21,2:42:00,1471.76,1482
2026-04-21,2:45:00,1471.87,1481
2026-04-21,2:48:00,1470.23,1481
2026-04-21,2:51:00,1470.81,1482
2026-04-21,2:54:00,1470.78,1481
2026-04-21,2:57:00,1470.49,1482
2026-04-21,3:00:00,1471.9,1481
2026-04-21,3:03:00,1470.33,1481
2026-04-21,3:06:00,1470.78,1481
2026-04-21,3:09:00,1471.77,1481
2026-04-21,3:12:00,1471.52,1481
2026-04-21,3:15:00,1471.77,1481
2026-04-21,3:18:00,1471.81,1481
2026-04-21,3:21:00,1471.49,1480
2026-04-21,3:24:00,1471.91,1480
2026-04-21,3:27:00,1470.56,1480
2026-04-21,3:30:00,1471.54,1480
2026-04-21,3:33:00,1471.87,1481
2026-04-21,3:36:00,1471.84,1481
2026-04-21,3:39:00,1470.87,1480
2026-04-21,3:42:00,1471.9,1480
2026-04-21,3:45:00,1471.91,1481
2026-04-21,3:48:00,1471.87,1480
2026-04-21,3:51:00,1471.87,1481
2026-04-21,3:54:00,1471.89,1480
2026-04-21,3:57:00,1471.81,1479
2026-04-21,4:00:00,1471.47,1480
2026-04-21,4:03:00,1471.45,1479
2026-04-21,4:06:00,1471.9,1479
2026-04-21,4:09:00,1471.04,1480
2026-04-21,4:12:00,1471.72,1480
2026-04-21,4:15:00,1471.8,1480
2026-04-21,4:18:00,1470.89,1480
2026-04-21,4:21:00,1471.79,1480
2026-04-21,4:24:00,1471.15,1480
2026-04-21,4:27:00,1471.85,1480
2026-04-21,4:30:00,1471.91,1480
2026-04-21,4:33:00,1470.38,1480
2026-04-21,4:36:00,1471.05,1481
2026-04-21,4:39:00,1471.35,1479
2026-04-21,4:42:00,1471.79,1480
2026-04-21,4:45:00,1471.89,1480
2026-04-21,4:48:00,1470.51,1480
2026-04-21,4:51:00,1470.3,1480
2026-04-21,4:54:00,1471.25,1479
2026-04-21,4:57:00,1471.86,1479
2026-04-21,5:00:00,1471.87,1480
2026-04-21,5:03:00,1470.64,1480
2026-04-21,5:06:00,1470.35,1481
2026-04-21,5:09:00,1471.85,1480
2026-04-21,5:12:00,1471.92,1480
2026-04-21,5:15:00,1471.55,1481
2026-04-21,5:18:00,1471.86,1480
2026-04-21,5:21:00,1471.86,1480
2026-04-21,5:24:00,1471.85,1480
2026-04-21,5:27:00,1471.79,1480
2026-04-21,5:30:00,1471.82,1480
2026-04-21,5:33:00,1470.44,1480
2026-04-21,5:36:00,1471.85,1480
2026-04-21,5:39:00,1471.21,1480
2026-04-21,5:42:00,1471.87,1479
2026-04-21,5:45:00,1470.68,1480
2026-04-21,5:48:00,1471.84,1479
2026-04-21,5:51:00,1471.85,1479
2026-04-21,5:54:00,1471.84,1479
2026-04-21,5:57:00,1471.86,1479
2026-04-21,6:00:00,1471.82,1480
2026-04-21,6:03:00,1471.58,1479
2026-04-21,6:06:00,,1480
2026-04-21,6:09:00,1470.43,1480
2026-04-21,6:12:00,1470.36,1479
2026-04-21,6:15:00,1470.5,1480
2026-04-21,6:18:00,1470.74,1479
2026-04-21,6:21:00,,1480
2026-04-21,6:24:00,1470.37,1479
2026-04-21,6:27:00,1470.36,1480
2026-04-21,6:30:00,1470.37,1480
2026-04-21,6:33:00,,1480
2026-04-21,6:36:00,,1480
2026-04-21,6:39:00,,1479
2026-04-21,6:42:00,,1480
2026-04-21,6:45:00,,1480
2026-04-21,6:48:00,,1480
2026-04-21,6:51:00,1470.37,1480
2026-04-21,6:54:00,,1479
2026-04-21,6:57:00,,1480
2026-04-21,7:00:00,1470.15,1480
2026-04-21,7:03:00,1470.06,1480
2026-04-21,7:06:00,1470.17,1480
2026-04-21,7:09:00,1470.16,1479
2026-04-21,7:12:00,1469.99,1480
2026-04-21,7:15:00,1470.19,1480
2026-04-21,7:18:00,,1481
2026-04-21,7:21:00,,1481
2026-04-21,7:24:00,,1481
2026-04-21,7:27:00,,1481
2026-04-21,7:30:00,,1480
2026-04-21,7:33:00,,1479
2026-04-21,7:36:00,,1480
2026-04-21,7:39:00,,1481
2026-04-21,7:42:00,,1481
2026-04-21,7:45:00,,1481
2026-04-21,7:48:00,,1480
2026-04-21,7:51:00,,1481
2026-04-21,7:54:00,,1480
2026-04-21,7:57:00,,1480
2026-04-21,8:00:00,,1481
2026-04-21,8:03:00,,1481
2026-04-21,8:06:00,,1481
2026-04-21,8:09:00,,1481
2026-04-21,8:12:00,,1481
2026-04-21,8:15:00,,1480
2026-04-21,8:18:00,,1480
2026-04-21,8:21:00,,1480
2026-04-21,8:24:00,,1481
2026-04-21,8:27:00,,1481
2026-04-21,8:30:00,,1482
2026-04-21,8:33:00,,1481
2026-04-21,8:36:00,,1481
2026-04-21,8:39:00,,1481
2026-04-21,8:42:00,,1482
2026-04-21,8:45:00,,1481
2026-04-21,8:48:00,,1482
2026-04-21,8:51:00,,1482
2026-04-21,8:54:00,,1481
2026-04-21,8:57:00,,1482
2026-04-21,9:00:00,1470.28,1482
2026-04-21,9:03:00,1470.85,1481
2026-04-21,9:06:00,1470.28,1481
2026-04-21,9:09:00,1470.98,1482
2026-04-21,9:12:00,1470.98,1481
2026-04-21,9:15:00,1471.68,1482
2026-04-21,9:18:00,1471.48,1482
2026-04-21,9:21:00,1470.85,1481
2026-04-21,9:24:00,1471.53,1481
2026-04-21,9:27:00,1471.88,1482
2026-04-21,9:30:00,1472.43,1482
2026-04-21,9:33:00,1472.38,1481
2026-04-21,9:36:00,1471.72,1482
2026-04-21,9:39:00,1471.78,1481
2026-04-21,9:42:00,1471.58,1481
2026-04-21,9:45:00,1471.18,1481
2026-04-21,9:48:00,1471.7,1480
2026-04-21,9:51:00,1471.98,1480
2026-04-21,9:54:00,1471.58,1481
2026-04-21,9:57:00,1471.47,1481
2026-04-21,10:00:00,1471.81,1480
2026-04-21,10:03:00,1471.07,1481
2026-04-21,10:06:00,1471.78,1480
2026-04-21,10:09:00,1471.85,1481
2026-04-21,10:12:00,1471.62,1481
2026-04-21,10:15:00,1471.88,1480
2026-04-21,10:18:00,1470.88,1481
2026-04-21,10:21:00,1470.37,1481
2026-04-21,10:24:00,1471.4,1481
2026-04-21,10:27:00,1471.53,1481
2026-04-21,10:30:00,1471.48,1481
2026-04-21,10:33:00,1471.38,1480
2026-04-21,10:36:00,1471.98,1480
2026-04-21,10:39:00,1471.78,1480
2026-04-21,10:42:00,1471.58,1481
2026-04-21,10:45:00,1471.86,1481
2026-04-21,10:48:00,1471.78,1479
2026-04-21,10:51:00,1471.59,1479
2026-04-21,10:54:00,1472.38,1479
2026-04-21,10:57:00,1471.76,1480
2026-04-21,11:00:00,1471.88,1480
2026-04-21,11:03:00,1471.81,1480
2026-04-21,11:06:00,1471.68,1480
2026-04-21,11:09:00,1471.54,1479
2026-04-21,11:12:00,1470.94,1480
2026-04-21,11:15:00,1471.71,1480
2026-04-21,11:18:00,1471.88,1480
2026-04-21,11:21:00,1472,1479
2026-04-21,11:24:00,1471.38,1479
2026-04-21,11:27:00,1470.98,1480
2026-04-21,11:30:00,1471.3,1480
2026-04-21,11:33:00,1472.04,1479
2026-04-21,11:36:00,1471.76,1478
2026-04-21,11:39:00,1471.43,1480
2026-04-21,11:42:00,1471.47,1480
2026-04-21,11:45:00,1471.18,1479
2026-04-21,11:48:00,1471.48,1480
2026-04-21,11:51:00,1471.34,1480
2026-04-21,11:54:00,1470.49,1479
2026-04-21,11:57:00,1470.08,1480
2026-04-21,12:00:00,1470.98,1479
2026-04-21,12:03:00,1470.88,1479
2026-04-21,12:06:00,1471.28,1479
2026-04-21,12:09:00,1471.08,1478
2026-04-21,12:12:00,1470.73,1479
2026-04-21,12:15:00,1470.97,1479
2026-04-21,12:18:00,1471.48,1479
2026-04-21,12:21:00,1471.52,1479
2026-04-21,12:24:00,1472.31,1478
2026-04-21,12:27:00,1471.48,1479
2026-04-21,12:30:00,1471.74,1479
2026-04-21,12:33:00,1471.73,1479
2026-04-21,12:36:00,1471.78,1479
2026-04-21,12:39:00,1471.48,1479
2026-04-21,12:42:00,1471.69,1479
2026-04-21,12:45:00,1471.52,1479
2026-04-21,12:48:00,1471.28,1479
2026-04-21,12:51:00,1471.54,1479
2026-04-21,12:54:00,1470.72,1479
2026-04-21,12:57:00,1471.37,1479
2026-04-21,13:00:00,1471.04,1478
2026-04-21,13:03:00,1470.48,1478
2026-04-21,13:06:00,1470.67,1479
2026-04-21,13:09:00,1470.86,1478
2026-04-21,13:12:00,1470.58,1479
2026-04-21,13:15:00,1470.96,1479
2026-04-21,13:18:00,1471.12,1479
2026-04-21,13:21:00,1470.98,1478
2026-04-21,13:24:00,1471.08,1478
2026-04-21,13:27:00,1470.88,1479
2026-04-21,13:30:00,1471.11,1479
2026-04-21,13:33:00,1470.58,1479
2026-04-21,13:36:00,1470.74,1478
2026-04-21,13:39:00,1470.68,1478
2026-04-21,13:42:00,1470.68,1479
2026-04-21,13:45:00,1470.08,1479
2026-04-21,13:48:00,1470.68,1478
2026-04-21,13:51:00,1470.28,1479
2026-04-21,13:54:00,1470.88,1479
2026-04-21,13:57:00,1470.63,1478
2026-04-21,14:00:00,1469.98,1479
2026-04-21,14:03:00,1469.78,1478
2026-04-21,14:06:00,1470.28,1478
2026-04-21,14:09:00,1469.88,1477
2026-04-21,14:12:00,1469.38,1477
2026-04-21,14:15:00,1469.28,1477
2026-04-21,14:18:00,1469.48,1478
2026-04-21,14:21:00,1469.74,1478
2026-04-21,14:24:00,1469.23,1478
2026-04-21,14:27:00,1469,1477
2026-04-21,14:30:00,1468.48,1477
2026-04-21,14:33:00,1468.48,1478
2026-04-21,14:36:00,1468.48,1478
2026-04-21,14:39:00,1468.48,1478
2026-04-21,14:42:00,1467.88,1478
2026-04-21,14:45:00,1468.18,1477
2026-04-21,14:48:00,1468.36,1478
2026-04-21,14:51:00,1468.38,1478
2026-04-21,14:54:00,1468.78,1478
2026-04-21,14:57:00,1469.28,1478
2026-04-21,15:00:00,1469.98,1478
2026-04-21,15:03:00,1469.78,1479
2026-04-21,15:06:00,1468.68,1478
2026-04-21,15:09:00,1468.48,1479
2026-04-21,15:12:00,1468.18,1478
2026-04-21,15:15:00,1469.28,1479
2026-04-21,15:18:00,1469.07,1479
2026-04-21,15:21:00,1469.08,1478
2026-04-21,15:24:00,1469.3,1478
2026-04-21,15:27:00,1468.18,1479
2026-04-21,15:30:00,1468.68,1479
2026-04-21,15:33:00,1468.19,1477
2026-04-21,15:36:00,1468.48,1477
2026-04-21,15:39:00,1468.88,1477
2026-04-21,15:42:00,1468.28,1478
2026-04-21,15:45:00,1469.08,1478
2026-04-21,15:48:00,1468.64,1477
2026-04-21,15:51:00,1468.64,1478
2026-04-21,15:54:00,1468.8,1478
2026-04-21,15:57:00,1468.98,1479
2026-04-21,16:00:00,1469.38,1478
2026-04-21,16:03:00,1469.48,1479
2026-04-21,16:06:00,1469.73,1478
2026-04-21,16:09:00,1469.77,1478
2026-04-21,16:12:00,1470.78,1478
2026-04-21,16:15:00,1469.88,1479
2026-04-21,16:18:00,1470.36,1478
2026-04-21,16:21:00,1469.58,1478
2026-04-21,16:24:00,1469.2,1479
2026-04-21,16:27:00,1469.08,1479
2026-04-21,16:30:00,1469.58,1478
2026-04-21,16:33:00,1469.15,1478
2026-04-21,16:36:00,1469.93,1479
2026-04-21,16:39:00,1469.72,1478
2026-04-21,16:42:00,1469.77,1478
2026-04-21,16:45:00,1469.94,1478
2026-04-21,16:48:00,1469.35,1479
2026-04-21,16:51:00,1469.99,1478
2026-04-21,16:54:00,1470.26,1478
2026-04-21,16:57:00,1470.41,1478
2026-04-21,17:00:00,1470.99,1478
2026-04-21,17:03:00,1471.1,1478
2026-04-21,17:06:00,1471.48,1478
2026-04-21,17:09:00,1472.01,1478
2026-04-21,17:12:00,1472.78,1479
2026-04-21,17:15:00,1472.09,1479
2026-04-21,17:18:00,1470.68,1478
2026-04-21,17:21:00,1470.43,1478
2026-04-21,17:24:00,1470.68,1479
2026-04-21,17:27:00,1471,1479
2026-04-21,17:30:00,1470.73,1478
2026-04-21,17:33:00,1470.29,1478
2026-04-21,17:36:00,1470.26,1479
2026-04-21,17:39:00,1470.1,1479
2026-04-21,17:42:00,1470.79,1479
2026-04-21,17:45:00,1469.98,1477
2026-04-21,17:48:00,1470.63,1478
2026-04-21,17:51:00,1471.31,1477
2026-04-21,17:54:00,1470.71,1477
2026-04-21,17:57:00,1470.7,1477
2026-04-21,18:00:00,1471.01,1477
2026-04-21,18:03:00,1471.23,1479
2026-04-21,18:06:00,1471.27,1478
2026-04-21,18:09:00,1471.28,1478
2026-04-21,18:12:00,1471.39,1478
2026-04-21,18:15:00,1471.13,1478
2026-04-21,18:18:00,1470.48,1479
2026-04-21,18:21:00,1470.73,1479
2026-04-21,18:24:00,1469.77,1478
2026-04-21,18:27:00,1469.94,1479
2026-04-21,18:30:00,1469.67,1478
2026-04-21,18:33:00,1470.42,1479
2026-04-21,18:36:00,1469.24,1479
2026-04-21,18:39:00,1469.68,1478
2026-04-21,18:42:00,1469.6,1479
2026-04-21,18:45:00,1470.01,1478
2026-04-21,18:48:00,1470.03,1478
2026-04-21,18:51:00,1470.42,1478
2026-04-21,18:54:00,1469.98,1478
2026-04-21,18:57:00,1469.64,1478
2026-04-21,19:00:00,1470.15,1478
2026-04-21,19:03:00,1470.14,1479
2026-04-21,19:06:00,1470.12,1478
2026-04-21,19:09:00,1469.56,1478
2026-04-21,19:12:00,1468.78,1478
2026-04-21,19:15:00,1469,1479
2026-04-21,19:18:00,1469.57,1478
2026-04-21,19:21:00,1468.18,1479
2026-04-21,19:24:00,1469.18,1478
2026-04-21,19:27:00,1469.19,1479
2026-04-21,19:30:00,1468.85,1478
2026-04-21,19:33:00,1468.92,1478
2026-04-21,19:36:00,1468.51,1478
2026-04-21,19:39:00,1469.18,1478
2026-04-21,19:42:00,1469.28,1477
2026-04-21,19:45:00,1469.37,1478
2026-04-21,19:48:00,1468.94,1477
2026-04-21,19:51:00,1469.14,1477
2026-04-21,19:54:00,1468.82,1478
2026-04-21,19:57:00,1468.99,1478
2026-04-21,20:00:00,1468.18,1477
2026-04-21,20:03:00,1468.57,1478
2026-04-21,20:06:00,1468.77,1477
2026-04-21,20:09:00,1469.2,1478
2026-04-21,20:12:00,1469.89,1478
2026-04-21,20:15:00,1469.88,1478
2026-04-21,20:18:00,1469.87,1478
2026-04-21,20:21:00,1469.28,1477
2026-04-21,20:24:00,1469.84,1478
2026-04-21,20:27:00,1469.04,1478
2026-04-21,20:30:00,1468.84,1477
2026-04-21,20:33:00,1468.49,1478
2026-04-21,20:36:00,1469.06,1478
2026-04-21,20:39:00,1468.6,1478
2026-04-21,20:42:00,1469.1,1477
2026-04-21,20:45:00,1468.74,1479
2026-04-21,20:48:00,1469.5,1478
2026-04-21,20:51:00,1469.31,1477
2026-04-21,20:54:00,1469.96,1478
2026-04-21,20:57:00,1469.74,1478
2026-04-21,21:00:00,1469.89,1478
2026-04-21,21:03:00,1469.13,1478
2026-04-21,21:06:00,1469.29,1478
2026-04-21,21:09:00,1469.62,1479
2026-04-21,21:12:00,1469.25,1479
2026-04-21,21:15:00,1470.37,1478
2026-04-21,21:18:00,1470.34,1479
2026-04-21,21:21:00,1470.58,1479
2026-04-21,21:24:00,1470.52,1479
2026-04-21,21:27:00,1470.88,1479
2026-04-21,21:30:00,1470.58,1479
2026-04-21,21:33:00,1470.68,1479
2026-04-21,21:36:00,1471.78,1479
2026-04-21,21:39:00,1471.68,1480
2026-04-21,21:42:00,1471.49,1481
2026-04-21,21:45:00,1471.48,1481
2026-04-21,21:48:00,1471.91,1480
2026-04-21,21:51:00,1472.28,1480
2026-04-21,21:54:00,1473.28,1481
2026-04-21,21:57:00,1472.99,1480
2026-04-21,22:00:00,1473.09,1481
2026-04-21,22:03:00,1473.04,1481
2026-04-21,22:06:00,1473.21,1481
2026-04-21,22:09:00,1473.29,1481
2026-04-21,22:12:00,1473.2,1481
2026-04-21,22:15:00,1472.48,1481
2026-04-21,22:18:00,1471.88,1481
2026-04-21,22:21:00,1472.39,1481
2026-04-21,22:24:00,1472.6,1481
2026-04-21,22:27:00,1472.28,1481
2026-04-21,22:30:00,1472.46,1482
2026-04-21,22:33:00,1472.81,1481
2026-04-21,22:36:00,1472.55,1481
2026-04-21,22:39:00,1471.71,1482
2026-04-21,22:42:00,1472.24,1481
2026-04-21,22:45:00,1472.15,1481
2026-04-21,22:48:00,1472.14,1482
2026-04-21,22:51:00,1470.68,1481
2026-04-21,22:54:00,1471.48,1481
2026-04-21,22:57:00,1470.18,1480
2026-04-21,23:00:00,1471.2,1482
2026-04-21,23:03:00,1471.68,1481
2026-04-21,23:06:00,1471.08,1481
2026-04-21,23:09:00,1471.78,1482
2026-04-21,23:12:00,1471.78,1481
2026-04-21,23:15:00,1471.35,1482
2026-04-21,23:18:00,1472.28,1482
2026-04-21,23:21:00,1472.13,1481
2026-04-21,23:24:00,1472.58,1481
2026-04-21,23:27:00,1471.38,1481
2026-04-21,23:30:00,1472.11,1480
2026-04-21,23:33:00,1471.95,1480
2026-04-21,23:36:00,1470.45,1480
2026-04-21,23:39:00,1471.98,1480
2026-04-21,23:42:00,1471.78,1480
2026-04-21,23:45:00,1472.88,1479
2026-04-21,23:48:00,1472.38,1480
2026-04-21,23:51:00,1473.38,1479
2026-04-21,23:54:00,1474.48,1480
2026-04-21,23:57:00,1475.62,1480
2026-04-22,0:00:00,1474.28,1482
2026-04-22,0:03:00,1475.53,1481
2026-04-22,0:06:00,1474.98,1482
2026-04-22,0:09:00,1474.8,1480
2026-04-22,0:12:00,1474.46,1481
2026-04-22,0:15:00,1475.08,1480
2026-04-22,0:18:00,1474.29,1480
2026-04-22,0:21:00,1474.18,1481
2026-04-22,0:24:00,1475.29,1481
2026-04-22,0:27:00,1477.68,1481
2026-04-22,0:30:00,1476.84,1482
2026-04-22,0:33:00,1477.02,1482
2026-04-22,0:36:00,,1481
2026-04-22,0:39:00,,1482
2026-04-22,0:42:00,1477.73,1482
2026-04-22,0:45:00,1478.18,1481
2026-04-22,0:48:00,1478.26,1481
2026-04-22,0:51:00,1478.34,1481
2026-04-22,0:54:00,1478.03,1482
2026-04-22,0:57:00,1478.17,1481
2026-04-22,1:00:00,1476.28,1481
2026-04-22,1:03:00,1477.35,1482
2026-04-22,1:06:00,1478.2,1481
2026-04-22,1:09:00,1477.46,1482
2026-04-22,1:12:00,1478.71,1482
2026-04-22,1:15:00,1478.52,1482
2026-04-22,1:18:00,1478.56,1482
2026-04-22,1:21:00,1477.98,1481
2026-04-22,1:24:00,1479,1483
2026-04-22,1:27:00,1479.11,1483
2026-04-22,1:30:00,1479.29,1482
2026-04-22,1:33:00,1479.28,1482
2026-04-22,1:36:00,1479.38,1482
2026-04-22,1:39:00,1479.63,1483
2026-04-22,1:42:00,1480.83,1482
2026-04-22,1:45:00,1479.38,1483
2026-04-22,1:48:00,1479.6,1484
2026-04-22,1:51:00,1480.01,1483
2026-04-22,1:54:00,1479.85,1484
2026-04-22,1:57:00,1479.98,1483
2026-04-22,2:00:00,1480.39,1483
2026-04-22,2:03:00,1481.04,1483
2026-04-22,2:06:00,1481.13,1484
2026-04-22,2:09:00,1483.56,1485
2026-04-22,2:12:00,1484.56,1485
2026-04-22,2:15:00,1484.76,1487
2026-04-22,2:18:00,,1487
2026-04-22,2:21:00,,1487
2026-04-22,2:24:00,,1488
2026-04-22,2:27:00,,1488
2026-04-22,2:30:00,1484.59,1487
2026-04-22,2:33:00,1483.79,1488
2026-04-22,2:36:00,1481.45,1487
2026-04-22,2:39:00,1482.74,1486
2026-04-22,2:42:00,1480.39,1485
2026-04-22,2:45:00,1480.84,1484
2026-04-22,2:48:00,1481.75,1484
2026-04-22,2:51:00,1481.3,1485
2026-04-22,2:54:00,1483.12,1485
2026-04-22,2:57:00,1482.46,1485
2026-04-22,3:00:00,1481.02,1484
2026-04-22,3:03:00,1482.19,1484
2026-04-22,3:06:00,1481.2,1484
2026-04-22,3:09:00,1480.93,1485
2026-04-22,3:12:00,1482.01,1485
2026-04-22,3:15:00,1482.99,1485
2026-04-22,3:18:00,1481.11,1485
2026-04-22,3:21:00,1481.28,1485
2026-04-22,3:24:00,1483.34,1485
2026-04-22,3:27:00,1484.25,1486
2026-04-22,3:30:00,1481.26,1486
2026-04-22,3:33:00,1481.16,1485
2026-04-22,3:36:00,1481.11,1486
2026-04-22,3:39:00,1483.15,1486
2026-04-22,3:42:00,1483.31,1486
2026-04-22,3:45:00,1481.53,1486
2026-04-22,3:48:00,1481.18,1485
2026-04-22,3:51:00,1481.02,1487
2026-04-22,3:54:00,1481.11,1487
2026-04-22,3:57:00,1481.24,1486
2026-04-22,4:00:00,1481.46,1485
2026-04-22,4:03:00,1480.92,1485
2026-04-22,4:06:00,1480.93,1484
2026-04-22,4:09:00,1480.88,1484
2026-04-22,4:12:00,1480.81,1485
2026-04-22,4:15:00,1480.86,1484
2026-04-22,4:18:00,1480.85,1484
2026-04-22,4:21:00,1480.66,1485
2026-04-22,4:24:00,1479.95,1485
2026-04-22,4:27:00,1480.5,1484
2026-04-22,4:30:00,1480.11,1485
2026-04-22,4:33:00,1480.42,1485
2026-04-22,4:36:00,1482.6,1485
2026-04-22,4:39:00,1483.86,1486
2026-04-22,4:42:00,1483.86,1487
2026-04-22,4:45:00,1483.86,1488
2026-04-22,4:48:00,,1488
2026-04-22,4:51:00,,1488
2026-04-22,4:54:00,,1488
2026-04-22,4:57:00,1483.86,1489
2026-04-22,5:00:00,1483.86,1489
2026-04-22,5:03:00,,1489
2026-04-22,5:06:00,,1489
2026-04-22,5:09:00,1484.23,1488
2026-04-22,5:12:00,1483.21,1488
2026-04-22,5:15:00,1480.99,1487
2026-04-22,5:18:00,1480.96,1487
2026-04-22,5:21:00,1480.74,1486
2026-04-22,5:24:00,1480.84,1486
2026-04-22,5:27:00,1480.78,1486
2026-04-22,5:30:00,1481.55,1486
2026-04-22,5:33:00,1481.07,1486
2026-04-22,5:36:00,1483.14,1486
2026-04-22,5:39:00,1483.56,1487
2026-04-22,5:42:00,1484.54,1486
2026-04-22,5:45:00,1484.36,1485
2026-04-22,5:48:00,1483.53,1486
2026-04-22,5:51:00,1481.28,1485
2026-04-22,5:54:00,1481.64,1485
2026-04-22,5:57:00,1483.33,1486
2026-04-22,6:00:00,1481.06,1486
2026-04-22,6:03:00,1484.87,1486
2026-04-22,6:06:00,1484.27,1485
2026-04-22,6:09:00,1484.52,1485
2026-04-22,6:12:00,1484.94,1486
2026-04-22,6:15:00,,1485
2026-04-22,6:18:00,1485.81,1485
2026-04-22,6:21:00,1485.52,1485
2026-04-22,6:24:00,1485.07,1485
2026-04-22,6:27:00,1485.92,1485
2026-04-22,6:30:00,,1485
2026-04-22,6:33:00,1485.93,1485
2026-04-22,6:36:00,1486.64,1486
2026-04-22,6:39:00,1486.57,1485
2026-04-22,6:42:00,1486.34,1486
2026-04-22,6:45:00,1486.22,1485
2026-04-22,6:48:00,1486.18,1485
2026-04-22,6:51:00,1486.48,1485
2026-04-22,6:54:00,1486.24,1485
2026-04-22,6:57:00,1486.24,1486
2026-04-22,7:00:00,1486.13,1485
2026-04-22,7:03:00,1486.14,1485
2026-04-22,7:06:00,1486.75,1486
2026-04-22,7:09:00,1486.17,1485
2026-04-22,7:12:00,1486.22,1486
2026-04-22,7:15:00,,1485
2026-04-22,7:18:00,1486.23,1486
2026-04-22,7:21:00,1486.22,1486
2026-04-22,7:24:00,1486.24,1486
2026-04-22,7:27:00,1486.73,1486
2026-04-22,7:30:00,,1486
2026-04-22,7:33:00,,1486
2026-04-22,7:36:00,,1485
2026-04-22,7:39:00,,1485
2026-04-22,7:42:00,,1486
2026-04-22,7:45:00,,1485
2026-04-22,7:48:00,,1485
2026-04-22,7:51:00,1486.73,1486
2026-04-22,7:54:00,,1486
2026-04-22,7:57:00,,1486
2026-04-22,8:00:00,1486.73,1485
2026-04-22,8:03:00,,1486
2026-04-22,8:06:00,,1486
2026-04-22,8:09:00,,1486
2026-04-22,8:12:00,,1486
2026-04-22,8:15:00,,1485
2026-04-22,8:18:00,,1485
2026-04-22,8:21:00,,1485
2026-04-22,8:24:00,,1485
2026-04-22,8:27:00,,1485
2026-04-22,8:30:00,,1485
2026-04-22,8:33:00,,1485
2026-04-22,8:36:00,,1485
2026-04-22,8:39:00,,1485
2026-04-22,8:42:00,,1484
2026-04-22,8:45:00,,1483
2026-04-22,8:48:00,,1483
2026-04-22,8:51:00,,1482
2026-04-22,8:54:00,,1483
2026-04-22,8:57:00,,1483
2026-04-22,9:00:00,1477.78,1483
2026-04-22,9:03:00,1477.98,1482
2026-04-22,9:06:00,1477.6,1482
2026-04-22,9:09:00,1476.18,1482
2026-04-22,9:12:00,1475.9,1482
2026-04-22,9:15:00,1475.88,1481
2026-04-22,9:18:00,1476.23,1481
2026-04-22,9:21:00,1475.68,1481
2026-04-22,9:24:00,1476.48,1480
2026-04-22,9:27:00,1476.98,1481
2026-04-22,9:30:00,1475.86,1481
2026-04-22,9:33:00,1476.98,1481
2026-04-22,9:36:00,1476.58,1481
2026-04-22,9:39:00,1476.58,1480
2026-04-22,9:42:00,1476.67,1481
2026-04-22,9:45:00,1477.18,1480
2026-04-22,9:48:00,1477.48,1481
2026-04-22,9:51:00,1476.88,1481
2026-04-22,9:54:00,1476.98,1481
2026-04-22,9:57:00,1477.68,1480
2026-04-22,10:00:00,1476.61,1480
2026-04-22,10:03:00,1477.17,1481
2026-04-22,10:06:00,1477.73,1481
2026-04-22,10:09:00,1477.88,1481
2026-04-22,10:12:00,1477.17,1481
2026-04-22,10:15:00,1477.38,1481
2026-04-22,10:18:00,1477.71,1481
2026-04-22,10:21:00,1477.28,1482
2026-04-22,10:24:00,1477.2,1482
2026-04-22,10:27:00,1477.72,1482
2026-04-22,10:30:00,1477.1,1482
2026-04-22,10:33:00,1477.68,1482
2026-04-22,10:36:00,1478.08,1482
2026-04-22,10:39:00,1478.58,1481
2026-04-22,10:42:00,1478.48,1482
2026-04-22,10:45:00,1478.58,1482
2026-04-22,10:48:00,1478.18,1481
2026-04-22,10:51:00,1478.08,1481
2026-04-22,10:54:00,1478.18,1481
2026-04-22,10:57:00,1477.78,1481
2026-04-22,11:00:00,1477.38,1481
2026-04-22,11:03:00,1478.08,1480
2026-04-22,11:06:00,1477.88,1480
2026-04-22,11:09:00,1477.92,1480
2026-04-22,11:12:00,1478.18,1480
2026-04-22,11:15:00,1478.08,1480
2026-04-22,11:18:00,1477.58,1479
2026-04-22,11:21:00,1477.88,1479
2026-04-22,11:24:00,1478.38,1479
2026-04-22,11:27:00,1478.38,1479
2026-04-22,11:30:00,1478.37,1479
2026-04-22,11:33:00,1478.38,1479
2026-04-22,11:36:00,1478.46,1479
2026-04-22,11:39:00,1478.38,1479
2026-04-22,11:42:00,,1479
2026-04-22,11:45:00,,1480
2026-04-22,11:48:00,1479.08,1480
2026-04-22,11:51:00,1479.48,1481
2026-04-22,11:54:00,1478.48,1480
2026-04-22,11:57:00,1478.18,1479
2026-04-22,12:00:00,1479.08,1479
2026-04-22,12:03:00,1478.48,1480
2026-04-22,12:06:00,1478.68,1479
2026-04-22,12:09:00,1478.88,1478
2026-04-22,12:12:00,1479.56,1478
2026-04-22,12:15:00,1479.07,1479
2026-04-22,12:18:00,1479.58,1479
2026-04-22,12:21:00,1479.78,1480
2026-04-22,12:24:00,1479.78,1479
2026-04-22,12:27:00,1479.44,1480
2026-04-22,12:30:00,1479.38,1479
2026-04-22,12:33:00,1479.58,1480
2026-04-22,12:36:00,1479.9,1479
2026-04-22,12:39:00,1480.32,1479
2026-04-22,12:42:00,1479.81,1479
2026-04-22,12:45:00,1480.28,1480
2026-04-22,12:48:00,1480.18,1479
2026-04-22,12:51:00,1480.08,1480
2026-04-22,12:54:00,1480.08,1480
2026-04-22,12:57:00,1479.68,1479
2026-04-22,13:00:00,1479.08,1479
2026-04-22,13:03:00,1479.17,1479
2026-04-22,13:06:00,1479.32,1480
2026-04-22,13:09:00,1479.13,1479
2026-04-22,13:12:00,1478.89,1480
2026-04-22,13:15:00,1478.98,1479
2026-04-22,13:18:00,1478.13,1480
2026-04-22,13:21:00,1478.4,1479
2026-04-22,13:24:00,1478.42,1479
2026-04-22,13:27:00,1478.08,1479
2026-04-22,13:30:00,1478.18,1480
2026-04-22,13:33:00,1478.06,1479
2026-04-22,13:36:00,1477.77,1479
2026-04-22,13:39:00,1477.86,1479
2026-04-22,13:42:00,1477.35,1478
2026-04-22,13:45:00,1477.48,1479
2026-04-22,13:48:00,1477.88,1478
2026-04-22,13:51:00,1478.01,1479
2026-04-22,13:54:00,1478.78,1479
2026-04-22,13:57:00,1478.18,1479
2026-04-22,14:00:00,1478.08,1478
2026-04-22,14:03:00,1477.98,1479
2026-04-22,14:06:00,1476.98,1478
2026-04-22,14:09:00,1477.26,1479
2026-04-22,14:12:00,1476.81,1478
2026-04-22,14:15:00,1474.48,1478
2026-04-22,14:18:00,1473.98,1477
2026-04-22,14:21:00,1474.8,1478
2026-04-22,14:24:00,1474.98,1477
2026-04-22,14:27:00,1474.68,1477
2026-04-22,14:30:00,1475.28,1476
2026-04-22,14:33:00,1475.48,1476
2026-04-22,14:36:00,1475.08,1477
2026-04-22,14:39:00,1475.13,1477
2026-04-22,14:42:00,1475.58,1477
2026-04-22,14:45:00,1475.39,1476
2026-04-22,14:48:00,1475.95,1476
2026-04-22,14:51:00,1475.08,1476
2026-04-22,14:54:00,1476.28,1477
2026-04-22,14:57:00,1476.48,1477
2026-04-22,15:00:00,1476.58,1477
2026-04-22,15:03:00,1476.98,1476
2026-04-22,15:06:00,1476.75,1476
2026-04-22,15:09:00,1477.48,1477
2026-04-22,15:12:00,1477.38,1477
2026-04-22,15:15:00,1477.38,1477
2026-04-22,15:18:00,1477.68,1477
2026-04-22,15:21:00,1476.96,1477
2026-04-22,15:24:00,1476.06,1477
2026-04-22,15:27:00,1475.98,1477
2026-04-22,15:30:00,1475.88,1477
2026-04-22,15:33:00,1476.48,1477
2026-04-22,15:36:00,1476.55,1477
2026-04-22,15:39:00,1476.58,1477
2026-04-22,15:42:00,1477.08,1477
2026-04-22,15:45:00,1476.78,1476
2026-04-22,15:48:00,1476.58,1476
2026-04-22,15:51:00,1476.55,1477
2026-04-22,15:54:00,1476.64,1476
2026-04-22,15:57:00,1476.85,1476
2026-04-22,16:00:00,1476.58,1476
2026-04-22,16:03:00,1477.68,1476
2026-04-22,16:06:00,1477.18,1476
2026-04-22,16:09:00,1477.13,1476
2026-04-22,16:12:00,1476.67,1477
2026-04-22,16:15:00,1478.38,1477
2026-04-22,16:18:00,1478.58,1477
2026-04-22,16:21:00,1478.44,1477
2026-04-22,16:24:00,1478.28,1477
2026-04-22,16:27:00,1478.25,1477
2026-04-22,16:30:00,1478.58,1477
2026-04-22,16:33:00,1478.23,1477
2026-04-22,16:36:00,1478.22,1477
2026-04-22,16:39:00,1478.23,1476
2026-04-22,16:42:00,1478.29,1476
2026-04-22,16:45:00,1478.25,1477
2026-04-22,16:48:00,1478.3,1477
2026-04-22,16:51:00,1476.68,1476
2026-04-22,16:54:00,1476.58,1477
2026-04-22,16:57:00,1475.87,1477
2026-04-22,17:00:00,1476.33,1477
2026-04-22,17:03:00,1476.21,1476
2026-04-22,17:06:00,1475.92,1476
2026-04-22,17:09:00,1475.51,1477
2026-04-22,17:12:00,1476.2,1477
2026-04-22,17:15:00,1476.21,1476
2026-04-22,17:18:00,1476.48,1476
2026-04-22,17:21:00,1477.4,1477
2026-04-22,17:24:00,1477.38,1476
2026-04-22,17:27:00,1477.43,1477
2026-04-22,17:30:00,1477.72,1477
2026-04-22,17:33:00,1477.94,1477
2026-04-22,17:36:00,1478.88,1477
2026-04-22,17:39:00,1477.9,1477
2026-04-22,17:42:00,1476.88,1476
2026-04-22,17:45:00,1477.31,1477
2026-04-22,17:48:00,1476.61,1477
2026-04-22,17:51:00,1476.32,1476
2026-04-22,17:54:00,1476.68,1477
2026-04-22,17:57:00,1476.4,1476
2026-04-22,18:00:00,1476.98,1476
2026-04-22,18:03:00,1477.77,1477
2026-04-22,18:06:00,1477.74,1477
2026-04-22,18:09:00,1477.76,1477
2026-04-22,18:12:00,1476.88,1476
2026-04-22,18:15:00,1476.84,1477
2026-04-22,18:18:00,1477.13,1477
2026-04-22,18:21:00,1477.26,1478
2026-04-22,18:24:00,1477.25,1478
2026-04-22,18:27:00,1477.18,1478
2026-04-22,18:30:00,1476.75,1477
2026-04-22,18:33:00,1476.5,1478
2026-04-22,18:36:00,1477.05,1478
2026-04-22,18:39:00,1475.9,1477
2026-04-22,18:42:00,1476.63,1478
2026-04-22,18:45:00,1476.72,1477
2026-04-22,18:48:00,1476.76,1477
2026-04-22,18:51:00,1477.11,1478
2026-04-22,18:54:00,1479.3,1477
2026-04-22,18:57:00,1478.32,1477
2026-04-22,19:00:00,1478.58,1477
2026-04-22,19:03:00,1478.86,1477
2026-04-22,19:06:00,1478.37,1478
2026-04-22,19:09:00,1478.81,1478
2026-04-22,19:12:00,1478.58,1478
2026-04-22,19:15:00,1478.44,1477
2026-04-22,19:18:00,1478.45,1478
2026-04-22,19:21:00,1478.67,1478
2026-04-22,19:24:00,1478.18,1477
2026-04-22,19:27:00,1478.28,1478
2026-04-22,19:30:00,1478.37,1478
2026-04-22,19:33:00,1478.19,1477
2026-04-22,19:36:00,1477.71,1477
2026-04-22,19:39:00,1477.87,1477
2026-04-22,19:42:00,1478.63,1478
2026-04-22,19:45:00,1478.58,1478
2026-04-22,19:48:00,1479.1,1479
2026-04-22,19:51:00,1478.32,1478
2026-04-22,19:54:00,1478.46,1478
2026-04-22,19:57:00,1478.52,1478
2026-04-22,20:00:00,1479.03,1478
2026-04-22,20:03:00,1477.96,1479
2026-04-22,20:06:00,1477.87,1479
2026-04-22,20:09:00,1478.01,1479
2026-04-22,20:12:00,1478.11,1478
2026-04-22,20:15:00,1478.08,1478
2026-04-22,20:18:00,1477.8,1478
2026-04-22,20:21:00,1477.49,1478
2026-04-22,20:24:00,1477.28,1478
2026-04-22,20:27:00,1478.09,1479
2026-04-22,20:30:00,1478.01,1479
2026-04-22,20:33:00,1478.52,1478
2026-04-22,20:36:00,1478.21,1479
2026-04-22,20:39:00,1478.36,1479
2026-04-22,20:42:00,1477.99,1478
2026-04-22,20:45:00,1478.09,1479
2026-04-22,20:48:00,1477.89,1479
2026-04-22,20:51:00,1478,1479
2026-04-22,20:54:00,1478.08,1478
2026-04-22,20:57:00,1477.71,1478
2026-04-22,21:00:00,1477.56,1478
2026-04-22,21:03:00,1477.6,1478
2026-04-22,21:06:00,1477.82,1479
2026-04-22,21:09:00,1478.12,1479
2026-04-22,21:12:00,1477.55,1479
2026-04-22,21:15:00,1478.42,1478
2026-04-22,21:18:00,1477.98,1479
2026-04-22,21:21:00,1478.23,1479
2026-04-22,21:24:00,1478,1478
2026-04-22,21:27:00,1479.78,1479
2026-04-22,21:30:00,1480.45,1478
2026-04-22,21:33:00,1480.53,1479
2026-04-22,21:36:00,1479.88,1480
2026-04-22,21:39:00,1479.95,1479
2026-04-22,21:42:00,1480.18,1480
2026-04-22,21:45:00,1479.77,1479
2026-04-22,21:48:00,1480.25,1480
2026-04-22,21:51:00,1481.31,1479
2026-04-22,21:54:00,1480.36,1479
2026-04-22,21:57:00,1480.68,1479
2026-04-22,22:00:00,1480.37,1479
2026-04-22,22:03:00,1479.98,1480
2026-04-22,22:06:00,1480.38,1479
2026-04-22,22:09:00,1479.3,1479
2026-04-22,22:12:00,1479.68,1478
2026-04-22,22:15:00,1479.42,1479
2026-04-22,22:18:00,1477.58,1479
2026-04-22,22:21:00,1478.58,1479
2026-04-22,22:24:00,1478.34,1479
2026-04-22,22:27:00,1478.32,1479
2026-04-22,22:30:00,1478.68,1478
2026-04-22,22:33:00,1479.38,1479
2026-04-22,22:36:00,1478.68,1479
2026-04-22,22:39:00,1478.6,1478
2026-04-22,22:42:00,1476.91,1479
2026-04-22,22:45:00,1477.24,1479
2026-04-22,22:48:00,1477.28,1477
2026-04-22,22:51:00,1477.62,1478
2026-04-22,22:54:00,1478.48,1478
2026-04-22,22:57:00,1478.08,1479
2026-04-22,23:00:00,1476.94,1479
2026-04-22,23:03:00,1478.58,1479
2026-04-22,23:06:00,1477.95,1478
2026-04-22,23:09:00,1476.98,1479
2026-04-22,23:12:00,,1478
2026-04-22,23:15:00,,1480
2026-04-22,23:18:00,,1479
2026-04-22,23:21:00,1477.78,1480
2026-04-22,23:24:00,1477.62,1479
2026-04-22,23:27:00,1477.52,1479
2026-04-22,23:30:00,1478.48,1480
2026-04-22,23:33:00,1478.48,1480
2026-04-22,23:36:00,1478.9,1478
2026-04-22,23:39:00,1478.21,1478
2026-04-22,23:42:00,1478.97,1479
2026-04-22,23:45:00,1478.52,1479
2026-04-22,23:48:00,1478.58,1478
2026-04-22,23:51:00,1479.18,1478
2026-04-22,23:54:00,1478.68,1479
2026-04-22,23:57:00,1479.76,1479
2026-04-23,0:00:00,1479.78,1478
2026-04-23,0:03:00,1479.39,1479
2026-04-23,0:06:00,1478.51,1478
2026-04-23,0:09:00,1478.88,1479
2026-04-23,0:12:00,1478.67,1478
2026-04-23,0:15:00,1479.37,1479
2026-04-23,0:18:00,1479.13,1478
2026-04-23,0:21:00,1479.04,1479
2026-04-23,0:24:00,1479.31,1477
2026-04-23,0:27:00,1478.26,1478
2026-04-23,0:30:00,1478.84,1478
2026-04-23,0:33:00,1478.53,1479
2026-04-23,0:36:00,1478.74,1479
2026-04-23,0:39:00,1479.2,1479
2026-04-23,0:42:00,1479.32,1479
2026-04-23,0:45:00,1479.47,1479
2026-04-23,0:48:00,1478.78,1479
2026-04-23,0:51:00,1480.29,1478
2026-04-23,0:54:00,1479.88,1478
2026-04-23,0:57:00,1480.19,1479
2026-04-23,1:00:00,1480.5,1478
2026-04-23,1:03:00,1478.98,1479
2026-04-23,1:06:00,1479.82,1479
2026-04-23,1:09:00,1479.99,1478
2026-04-23,1:12:00,1479.95,1479
2026-04-23,1:15:00,1479.73,1479
2026-04-23,1:18:00,1480.38,1478
2026-04-23,1:21:00,1479.46,1479
2026-04-23,1:24:00,1480.18,1479
2026-04-23,1:27:00,1479.18,1479
2026-04-23,1:30:00,1480.12,1479
2026-04-23,1:33:00,1480.37,1478
2026-04-23,1:36:00,1480.15,1478
2026-04-23,1:39:00,1480.15,1479
2026-04-23,1:42:00,1479.53,1479
2026-04-23,1:45:00,1480.11,1478
2026-04-23,1:48:00,1479.96,1478
2026-04-23,1:51:00,1479.94,1478
2026-04-23,1:54:00,1479.99,1478
2026-04-23,1:57:00,1479.69,1478
2026-04-23,2:00:00,1478.67,1478
2026-04-23,2:03:00,1479.53,1478
2026-04-23,2:06:00,1479.42,1479
2026-04-23,2:09:00,1478.16,1479
2026-04-23,2:12:00,1478.78,1478
2026-04-23,2:15:00,1479.67,1479
2026-04-23,2:18:00,1479.67,1478
2026-04-23,2:21:00,1479.68,1479
2026-04-23,2:24:00,1478.57,1478
2026-04-23,2:27:00,1479.67,1479
2026-04-23,2:30:00,1478.35,1478
2026-04-23,2:33:00,1477.92,1479
2026-04-23,2:36:00,1477.99,1478
2026-04-23,2:39:00,1478.66,1478
2026-04-23,2:42:00,1477.92,1479
2026-04-23,2:45:00,1479.09,1479
2026-04-23,2:48:00,1479.65,1479
2026-04-23,2:51:00,1479.65,1478
2026-04-23,2:54:00,1479.66,1478
2026-04-23,2:57:00,1479.66,1478
2026-04-23,3:00:00,1478.41,1478
2026-04-23,3:03:00,1478.39,1478
2026-04-23,3:06:00,1478.68,1478
2026-04-23,3:09:00,1478.18,1478
2026-04-23,3:12:00,1479.43,1478
2026-04-23,3:15:00,1478.89,1477
2026-04-23,3:18:00,1478.11,1477
2026-04-23,3:21:00,1479.17,1477
2026-04-23,3:24:00,1479.55,1477
2026-04-23,3:27:00,1478.78,1478
2026-04-23,3:30:00,1478.48,1478
2026-04-23,3:33:00,1478.66,1478
2026-04-23,3:36:00,1478.28,1477
2026-04-23,3:39:00,1478.1,1478
2026-04-23,3:42:00,1477.68,1478
2026-04-23,3:45:00,1477.98,1478
2026-04-23,3:48:00,1479.58,1477
2026-04-23,3:51:00,1478.7,1477
2026-04-23,3:54:00,1478.2,1478
2026-04-23,3:57:00,1478.26,1478
2026-04-23,4:00:00,1478.94,1478
2026-04-23,4:03:00,1479.66,1478
2026-04-23,4:06:00,1478.28,1478
2026-04-23,4:09:00,1478.23,1477
2026-04-23,4:12:00,1478.65,1478
2026-04-23,4:15:00,1479.52,1478
2026-04-23,4:18:00,1479.61,1478
2026-04-23,4:21:00,1477.9,1477
2026-04-23,4:24:00,1478.28,1478
2026-04-23,4:27:00,1478.15,1478
2026-04-23,4:30:00,1479.62,1478
2026-04-23,4:33:00,1479.6,1478
2026-04-23,4:36:00,1478.18,1479
2026-04-23,4:39:00,1478.14,1478
2026-04-23,4:42:00,1479.44,1478
2026-04-23,4:45:00,1479.55,1479
2026-04-23,4:48:00,1478.06,1479
2026-04-23,4:51:00,1478.13,1478
2026-04-23,4:54:00,1478.55,1478
2026-04-23,4:57:00,1479.05,1479
2026-04-23,5:00:00,1479.59,1479
2026-04-23,5:03:00,1479.65,1479
2026-04-23,5:06:00,1479.43,1478
2026-04-23,5:09:00,1479.65,1479
2026-04-23,5:12:00,1479.65,1479
2026-04-23,5:15:00,1479.64,1479
2026-04-23,5:18:00,1478.65,1480
2026-04-23,5:21:00,1479.58,1480
2026-04-23,5:24:00,1479.61,1480
2026-04-23,5:27:00,1479.6,1480
2026-04-23,5:30:00,1478.95,1480
2026-04-23,5:33:00,1479.47,1480
2026-04-23,5:36:00,1479.57,1479
2026-04-23,5:39:00,1479.58,1480
2026-04-23,5:42:00,1479.51,1480
2026-04-23,5:45:00,1479.45,1479
2026-04-23,5:48:00,1479.11,1480
2026-04-23,5:51:00,1478.48,1480
2026-04-23,5:54:00,1478.14,1480
2026-04-23,5:57:00,1478.32,1479
2026-04-23,6:00:00,1477.35,1479
2026-04-23,6:03:00,1477.39,1479
2026-04-23,6:06:00,1479.04,1480
2026-04-23,6:09:00,1479.61,1479
2026-04-23,6:12:00,1480.76,1479
2026-04-23,6:15:00,1480.48,1479
2026-04-23,6:18:00,1480.48,1480
2026-04-23,6:21:00,1480.09,1480
2026-04-23,6:24:00,,1479
2026-04-23,6:27:00,1480.07,1480
2026-04-23,6:30:00,1480.88,1479
2026-04-23,6:33:00,1480.88,1479
2026-04-23,6:36:00,1480.71,1480
2026-04-23,6:39:00,1480.2,1480
2026-04-23,6:42:00,1479.16,1479
2026-04-23,6:45:00,1479.16,1479
2026-04-23,6:48:00,1480.88,1480
2026-04-23,6:51:00,1479.48,1479
2026-04-23,6:54:00,1479.55,1480
2026-04-23,6:57:00,1480.73,1480
2026-04-23,7:00:00,1480.87,1480
2026-04-23,7:03:00,1480.74,1481
2026-04-23,7:06:00,1480.09,1481
2026-04-23,7:09:00,1479.9,1481
2026-04-23,7:12:00,1478.79,1480
2026-04-23,7:15:00,,1480
2026-04-23,7:18:00,1478.67,1481
2026-04-23,7:21:00,1478.76,1480
2026-04-23,7:24:00,1478.86,1481
2026-04-23,7:27:00,1478.81,1480
2026-04-23,7:30:00,,1481
2026-04-23,7:33:00,,1480
2026-04-23,7:36:00,,1481
2026-04-23,7:39:00,,1481
2026-04-23,7:42:00,,1481
2026-04-23,7:45:00,,1481
2026-04-23,7:48:00,,1481
2026-04-23,7:51:00,,1481
2026-04-23,7:54:00,,1482
2026-04-23,7:57:00,,1481
2026-04-23,8:00:00,,1481
2026-04-23,8:03:00,,1482
2026-04-23,8:06:00,,1481
2026-04-23,8:09:00,,1481
2026-04-23,8:12:00,,1481
2026-04-23,8:15:00,,1482
2026-04-23,8:18:00,,1481
2026-04-23,8:21:00,,1482
2026-04-23,8:24:00,,1482
2026-04-23,8:27:00,,1482
2026-04-23,8:30:00,,1481
2026-04-23,8:33:00,,1482
2026-04-23,8:36:00,,1482
2026-04-23,8:39:00,,1483
2026-04-23,8:42:00,,1483
2026-04-23,8:45:00,,1482
2026-04-23,8:48:00,,1482
2026-04-23,8:51:00,,1482
2026-04-23,8:54:00,,1482
2026-04-23,8:57:00,,1482
2026-04-23,9:00:00,1478.58,1481
2026-04-23,9:03:00,1478.18,1482
2026-04-23,9:06:00,1478.27,1482
2026-04-23,9:09:00,1479.78,1482
2026-04-23,9:12:00,1479.91,1483
2026-04-23,9:15:00,1481.58,1483
2026-04-23,9:18:00,1479.28,1484
2026-04-23,9:21:00,1479.18,1483
2026-04-23,9:24:00,1479.27,1483
2026-04-23,9:27:00,1477.48,1483
2026-04-23,9:30:00,1477.89,1483
2026-04-23,9:33:00,1477.78,1482
2026-04-23,9:36:00,1478.24,1483
2026-04-23,9:39:00,1478.17,1482
2026-04-23,9:42:00,1478.48,1483
2026-04-23,9:45:00,1478.68,1483
2026-04-23,9:48:00,1478.28,1484
2026-04-23,9:51:00,1478.48,1483
2026-04-23,9:54:00,1477.78,1483
2026-04-23,9:57:00,1477.78,1483
2026-04-23,10:00:00,1478.28,1483
2026-04-23,10:03:00,1478.32,1483
2026-04-23,10:06:00,1478.51,1482
2026-04-23,10:09:00,1478.68,1483
2026-04-23,10:12:00,1478.98,1483
2026-04-23,10:15:00,1478.26,1484
2026-04-23,10:18:00,1478.58,1484
2026-04-23,10:21:00,1478.74,1484
2026-04-23,10:24:00,,1483
2026-04-23,10:27:00,1478.88,1483
2026-04-23,10:30:00,1478.88,1483
2026-04-23,10:33:00,1478.98,1483
2026-04-23,10:36:00,1479.18,1482
2026-04-23,10:39:00,1478.58,1483
2026-04-23,10:42:00,1478.98,1483
2026-04-23,10:45:00,1479.13,1482
2026-04-23,10:48:00,1479.18,1482
2026-04-23,10:51:00,1479.42,1483
2026-04-23,10:54:00,1479.48,1482
2026-04-23,10:57:00,1479.58,1482
2026-04-23,11:00:00,1479.52,1483
2026-04-23,11:03:00,1479.64,1483
2026-04-23,11:06:00,1480.18,1483
2026-04-23,11:09:00,1480.68,1483
2026-04-23,11:12:00,1481.48,1483
2026-04-23,11:15:00,1480.81,1483
2026-04-23,11:18:00,1480.88,1483
2026-04-23,11:21:00,1481.08,1482
2026-04-23,11:24:00,1480.86,1484
2026-04-23,11:27:00,1481.88,1484
2026-04-23,11:30:00,1481.46,1485
2026-04-23,11:33:00,1481.28,1483
2026-04-23,11:36:00,1481.58,1485
2026-04-23,11:39:00,1481.28,1485
2026-04-23,11:42:00,1481.47,1485
2026-04-23,11:45:00,1481.81,1484
2026-04-23,11:48:00,1481.88,1485
2026-04-23,11:51:00,1481.68,1485
2026-04-23,11:54:00,1483.15,1485
2026-04-23,11:57:00,1483.48,1484
2026-04-23,12:00:00,1482.88,1485
2026-04-23,12:03:00,1482.85,1485
2026-04-23,12:06:00,1483.43,1485
2026-04-23,12:09:00,1483.72,1485
2026-04-23,12:12:00,1483.88,1485
2026-04-23,12:15:00,1483.98,1486
2026-04-23,12:18:00,1483.67,1486
2026-04-23,12:21:00,1483.38,1486
2026-04-23,12:24:00,1483.21,1486
2026-04-23,12:27:00,1483.13,1486
2026-04-23,12:30:00,1483.18,1486
2026-04-23,12:33:00,1483.36,1485
2026-04-23,12:36:00,1483.04,1486
2026-04-23,12:39:00,1483.38,1487
2026-04-23,12:42:00,1483.44,1487
2026-04-23,12:45:00,1483.17,1486
2026-04-23,12:48:00,1482.62,1485
2026-04-23,12:51:00,1482.97,1486
2026-04-23,12:54:00,1482.75,1485
2026-04-23,12:57:00,1483.15,1486
2026-04-23,13:00:00,1482.92,1486
2026-04-23,13:03:00,1482.88,1486
2026-04-23,13:06:00,1482.78,1486
2026-04-23,13:09:00,1482.18,1486
2026-04-23,13:12:00,1482.08,1486
2026-04-23,13:15:00,1481.57,1486
2026-04-23,13:18:00,1481.18,1486
2026-04-23,13:21:00,1481.18,1486
2026-04-23,13:24:00,1480.78,1486
2026-04-23,13:27:00,1480.73,1485
2026-04-23,13:30:00,1480.95,1485
2026-04-23,13:33:00,1480.98,1484
2026-04-23,13:36:00,1481.08,1485
2026-04-23,13:39:00,1480.68,1485
2026-04-23,13:42:00,1481.06,1484
2026-04-23,13:45:00,1480.88,1485
2026-04-23,13:48:00,1481.01,1485
2026-04-23,13:51:00,1480.88,1485
2026-04-23,13:54:00,1481.08,1485
2026-04-23,13:57:00,1480.78,1484
2026-04-23,14:00:00,1480.65,1485
2026-04-23,14:03:00,1480.17,1484
2026-04-23,14:06:00,1480.48,1485
2026-04-23,14:09:00,1480.55,1485
2026-04-23,14:12:00,1480.57,1485
2026-04-23,14:15:00,1480.77,1485
2026-04-23,14:18:00,1480.62,1485
2026-04-23,14:21:00,1480.8,1485
2026-04-23,14:24:00,1480.5,1485
2026-04-23,14:27:00,1480.38,1485
2026-04-23,14:30:00,1480.38,1486
2026-04-23,14:33:00,1480.32,1486
2026-04-23,14:36:00,1480.23,1485
2026-04-23,14:39:00,1480.56,1486
2026-04-23,14:42:00,1480.24,1484
2026-04-23,14:45:00,1479.28,1485
2026-04-23,14:48:00,1479.5,1485
2026-04-23,14:51:00,1480.21,1484
2026-04-23,14:54:00,1480.08,1485
2026-04-23,14:57:00,1480.4,1485
2026-04-23,15:00:00,1479.88,1484
2026-04-23,15:03:00,1480.08,1485
2026-04-23,15:06:00,1480.38,1485
2026-04-23,15:09:00,1481.38,1485
2026-04-23,15:12:00,1481.12,1485
2026-04-23,15:15:00,1480.38,1484
2026-04-23,15:18:00,1480.24,1484
2026-04-23,15:21:00,1479.74,1484
2026-04-23,15:24:00,1480.5,1485
2026-04-23,15:27:00,1480.78,1484
2026-04-23,15:30:00,1479.73,1485
2026-04-23,15:33:00,1480.46,1484
2026-04-23,15:36:00,1480.4,1484
2026-04-23,15:39:00,1480.17,1485
2026-04-23,15:42:00,1480.41,1484
2026-04-23,15:45:00,1479.88,1484
2026-04-23,15:48:00,1480.78,1484
2026-04-23,15:51:00,1480.88,1484
2026-04-23,15:54:00,1481.08,1484
2026-04-23,15:57:00,1481.88,1484
2026-04-23,16:00:00,1481.82,1484
2026-04-23,16:03:00,1481.33,1484
2026-04-23,16:06:00,1480.78,1484
2026-04-23,16:09:00,1480.78,1484
2026-04-23,16:12:00,1481.58,1484
2026-04-23,16:15:00,1481.48,1485
2026-04-23,16:18:00,1481.64,1484
2026-04-23,16:21:00,1482.2,1485
2026-04-23,16:24:00,1482.04,1485
2026-04-23,16:27:00,1482.08,1485
2026-04-23,16:30:00,1482.45,1484
2026-04-23,16:33:00,1482.01,1485
2026-04-23,16:36:00,1482.87,1484
2026-04-23,16:39:00,1482.95,1484
2026-04-23,16:42:00,1482.63,1485
2026-04-23,16:45:00,1481.36,1484
2026-04-23,16:48:00,1480.94,1485
2026-04-23,16:51:00,1481.39,1485
2026-04-23,16:54:00,1480.81,1485
2026-04-23,16:57:00,1480.96,1485
2026-04-23,17:00:00,1481.47,1485
2026-04-23,17:03:00,1480.83,1486
2026-04-23,17:06:00,1481.78,1485
2026-04-23,17:09:00,1481.57,1485
2026-04-23,17:12:00,1482.43,1486
2026-04-23,17:15:00,1482.63,1486
2026-04-23,17:18:00,1482.63,1485
2026-04-23,17:21:00,1482.58,1485
2026-04-23,17:24:00,1481.43,1486
2026-04-23,17:27:00,1481.17,1486
2026-04-23,17:30:00,1482.48,1485
2026-04-23,17:33:00,1481.76,1485
2026-04-23,17:36:00,1482.38,1485
2026-04-23,17:39:00,1482.1,1486
2026-04-23,17:42:00,1482.08,1486
2026-04-23,17:45:00,1481.42,1485
2026-04-23,17:48:00,1481.42,1485
2026-04-23,17:51:00,1481.33,1486
2026-04-23,17:54:00,1481.53,1486
2026-04-23,17:57:00,1480.68,1486
2026-04-23,18:00:00,1481.18,1486
2026-04-23,18:03:00,1481.58,1487
2026-04-23,18:06:00,1481.92,1487
2026-04-23,18:09:00,1481.18,1487
2026-04-23,18:12:00,1481.45,1487
2026-04-23,18:15:00,1480.48,1487
2026-04-23,18:18:00,1480.37,1487
2026-04-23,18:21:00,1479.38,1487
2026-04-23,18:24:00,1479.48,1487
2026-04-23,18:27:00,1479.58,1486
2026-04-23,18:30:00,1479.58,1486
2026-04-23,18:33:00,1479.57,1485
2026-04-23,18:36:00,1479.14,1486
2026-04-23,18:39:00,1479.27,1486
2026-04-23,18:42:00,1479.18,1486
2026-04-23,18:45:00,1479.21,1487
2026-04-23,18:48:00,1479.68,1487
2026-04-23,18:51:00,1479.61,1486
2026-04-23,18:54:00,1479.52,1485
2026-04-23,18:57:00,1479.75,1486
2026-04-23,19:00:00,1479.78,1486
2026-04-23,19:03:00,1481.41,1486
2026-04-23,19:06:00,1481.08,1487
2026-04-23,19:09:00,1481.19,1487
2026-04-23,19:12:00,1481.19,1488
2026-04-23,19:15:00,1482.1,1487
2026-04-23,19:18:00,1482.12,1487
2026-04-23,19:21:00,1482.28,1488
2026-04-23,19:24:00,1482.17,1487
2026-04-23,19:27:00,1482.76,1487
2026-04-23,19:30:00,1481.78,1486
2026-04-23,19:33:00,1482.55,1487
2026-04-23,19:36:00,1482.09,1488
2026-04-23,19:39:00,1482.3,1487
2026-04-23,19:42:00,1482.71,1487
2026-04-23,19:45:00,1482.47,1487
2026-04-23,19:48:00,1482.98,1487
2026-04-23,19:51:00,1482.78,1487
2026-04-23,19:54:00,1482.22,1487
2026-04-23,19:57:00,1482.69,1487
2026-04-23,20:00:00,1481.68,1486
2026-04-23,20:03:00,1482.38,1487
2026-04-23,20:06:00,1482.38,1487
2026-04-23,20:09:00,1481.94,1487
2026-04-23,20:12:00,1482.41,1487
2026-04-23,20:15:00,1482.38,1487
2026-04-23,20:18:00,1481.98,1487
2026-04-23,20:21:00,1482.4,1487
2026-04-23,20:24:00,1481.89,1487
2026-04-23,20:27:00,1481.87,1487
2026-04-23,20:30:00,1482.55,1487
2026-04-23,20:33:00,1482.35,1487
2026-04-23,20:36:00,1481.98,1488
2026-04-23,20:39:00,1482.2,1488
2026-04-23,20:42:00,1481.54,1488
2026-04-23,20:45:00,1480.83,1488
2026-04-23,20:48:00,1480.91,1487
2026-04-23,20:51:00,1480.18,1487
2026-04-23,20:54:00,1479.31,1486
2026-04-23,20:57:00,1479.44,1487
2026-04-23,21:00:00,1479.39,1486
2026-04-23,21:03:00,1480.18,1487
2026-04-23,21:06:00,1479.86,1487
2026-04-23,21:09:00,1479.46,1485
2026-04-23,21:12:00,1478.69,1486
2026-04-23,21:15:00,1479.65,1487
2026-04-23,21:18:00,1479.68,1486
2026-04-23,21:21:00,1480.72,1486
2026-04-23,21:24:00,1480.2,1486
2026-04-23,21:27:00,1480.45,1485
2026-04-23,21:30:00,1480.2,1486
2026-04-23,21:33:00,1479.88,1486
2026-04-23,21:36:00,1480.06,1486
2026-04-23,21:39:00,1480,1486
2026-04-23,21:42:00,1479.51,1486
2026-04-23,21:45:00,1480.98,1487
2026-04-23,21:48:00,1480.68,1487
2026-04-23,21:51:00,1480.98,1486
2026-04-23,21:54:00,1480.66,1487
2026-04-23,21:57:00,1480.41,1487
2026-04-23,22:00:00,1480.87,1487
2026-04-23,22:03:00,1481.08,1486
2026-04-23,22:06:00,,1487
2026-04-23,22:09:00,,1487
2026-04-23,22:12:00,,1487
2026-04-23,22:15:00,,1487
2026-04-23,22:18:00,,1487
2026-04-23,22:21:00,1480.76,1487
2026-04-23,22:24:00,1480.7,1487
2026-04-23,22:27:00,1480.41,1487
2026-04-23,22:30:00,1479.7,1487
2026-04-23,22:33:00,1480.56,1487
2026-04-23,22:36:00,1480.68,1486
2026-04-23,22:39:00,1480.18,1487
2026-04-23,22:42:00,1480.08,1486
2026-04-23,22:45:00,1479.94,1487
2026-04-23,22:48:00,1480.28,1487
2026-04-23,22:51:00,1479.48,1488
2026-04-23,22:54:00,1479.78,1486
2026-04-23,22:57:00,1480.03,1487
2026-04-23,23:00:00,1480.68,1486
2026-04-23,23:03:00,1479.78,1487
2026-04-23,23:06:00,1479.84,1486
2026-04-23,23:09:00,1479.68,1486
2026-04-23,23:12:00,1478.98,1487
2026-04-23,23:15:00,1478.1,1486
2026-04-23,23:18:00,1477.97,1486
2026-04-23,23:21:00,1478.05,1485
2026-04-23,23:24:00,1476.98,1486
2026-04-23,23:27:00,1477.01,1485
2026-04-23,23:30:00,1476.94,1485
2026-04-23,23:33:00,1477.38,1484
2026-04-23,23:36:00,1477.33,1485
2026-04-23,23:39:00,1477.68,1485
2026-04-23,23:42:00,1477.26,1484
2026-04-23,23:45:00,1477.46,1485
2026-04-23,23:48:00,1477.31,1484
2026-04-23,23:51:00,1477.31,1484
2026-04-23,23:54:00,1477.38,1485
2026-04-23,23:57:00,1477.58,1485
2026-04-24,0:00:00,1477.09,1484
2026-04-24,0:03:00,1477.32,1484
2026-04-24,0:06:00,1477.8,1484
2026-04-24,0:09:00,1477.88,1484
2026-04-24,0:12:00,1478.13,1484
2026-04-24,0:15:00,1476.9,1483
2026-04-24,0:18:00,1476.92,1484
2026-04-24,0:21:00,1476.72,1484
2026-04-24,0:24:00,1476.75,1484
2026-04-24,0:27:00,1477.08,1484
2026-04-24,0:30:00,1476.68,1484
2026-04-24,0:33:00,1477.19,1483
2026-04-24,0:36:00,1477.09,1484
2026-04-24,0:39:00,1477.23,1483
2026-04-24,0:42:00,1478.52,1485
2026-04-24,0:45:00,1479.53,1485
2026-04-24,0:48:00,1478.34,1484
2026-04-24,0:51:00,1478.45,1483
2026-04-24,0:54:00,1478.18,1484
2026-04-24,0:57:00,1478.28,1485
2026-04-24,1:00:00,1478.88,1483
2026-04-24,1:03:00,1479.32,1483
2026-04-24,1:06:00,1479.38,1484
2026-04-24,1:09:00,1479.63,1483
2026-04-24,1:12:00,1479.08,1484
2026-04-24,1:15:00,1479.59,1484
2026-04-24,1:18:00,1479.56,1484
2026-04-24,1:21:00,1478.88,1484
2026-04-24,1:24:00,1479.23,1484
2026-04-24,1:27:00,1479.26,1484
2026-04-24,1:30:00,1479.29,1484
2026-04-24,1:33:00,1479,1484
2026-04-24,1:36:00,1478.51,1483
2026-04-24,1:39:00,1479.26,1483
2026-04-24,1:42:00,1479.15,1484
2026-04-24,1:45:00,1478.65,1484
2026-04-24,1:48:00,1479.42,1484
2026-04-24,1:51:00,1479.42,1484
2026-04-24,1:54:00,1479.7,1484
2026-04-24,1:57:00,1479.48,1484
2026-04-24,2:00:00,1479.56,1485
2026-04-24,2:03:00,1480.82,1485
2026-04-24,2:06:00,1480.83,1484
2026-04-24,2:09:00,1483.6,1485
2026-04-24,2:12:00,1482.96,1486
2026-04-24,2:15:00,1483.81,1487
2026-04-24,2:18:00,1483.82,1486
2026-04-24,2:21:00,1484,1486
2026-04-24,2:24:00,1482.34,1487
2026-04-24,2:27:00,,1487
2026-04-24,2:30:00,,1487
2026-04-24,2:33:00,,1487
2026-04-24,2:36:00,,1488
2026-04-24,2:39:00,,1488
2026-04-24,2:42:00,,1488
2026-04-24,2:45:00,,1489
2026-04-24,2:48:00,,1489
2026-04-24,2:51:00,,1488
2026-04-24,2:54:00,,1488
2026-04-24,2:57:00,,1489
2026-04-24,3:00:00,,1488
2026-04-24,3:03:00,,1487
2026-04-24,3:06:00,,1488
2026-04-24,3:09:00,,1487
2026-04-24,3:12:00,,1487
2026-04-24,3:15:00,1479.69,1487
2026-04-24,3:18:00,1479.69,1486
2026-04-24,3:21:00,1482.22,1487
2026-04-24,3:24:00,1481.83,1487
2026-04-24,3:27:00,1481.61,1487
2026-04-24,3:30:00,1481.35,1487
2026-04-24,3:33:00,1481.73,1487
2026-04-24,3:36:00,1481.89,1487
2026-04-24,3:39:00,1482.21,1487
2026-04-24,3:42:00,1482.66,1487
2026-04-24,3:45:00,1483.01,1486
2026-04-24,3:48:00,1482.74,1487
2026-04-24,3:51:00,1482.91,1487
2026-04-24,3:54:00,1483,1487
2026-04-24,3:57:00,1483.09,1487
2026-04-24,4:00:00,1483.35,1488
2026-04-24,4:03:00,1483.7,1487
2026-04-24,4:06:00,1483.58,1487
2026-04-24,4:09:00,1483.66,1487
2026-04-24,4:12:00,1483.02,1487
2026-04-24,4:15:00,1483.04,1487
2026-04-24,4:18:00,1483.19,1487
2026-04-24,4:21:00,1483.28,1487
2026-04-24,4:24:00,1483.69,1487
2026-04-24,4:27:00,1483.53,1487
2026-04-24,4:30:00,1483.49,1488
2026-04-24,4:33:00,1483.94,1487
2026-04-24,4:36:00,1484.21,1488
2026-04-24,4:39:00,1483.93,1487
2026-04-24,4:42:00,1484.02,1488
2026-04-24,4:45:00,1484.51,1488
2026-04-24,4:48:00,1483.65,1488
2026-04-24,4:51:00,1483.71,1488
2026-04-24,4:54:00,1483.16,1488
2026-04-24,4:57:00,1483.08,1487
2026-04-24,5:00:00,1483.08,1488
2026-04-24,5:03:00,1483.03,1487
2026-04-24,5:06:00,1483.65,1488
2026-04-24,5:09:00,1483.54,1487
2026-04-24,5:12:00,1483.48,1487
2026-04-24,5:15:00,1483.25,1487
2026-04-24,5:18:00,1483.18,1487
2026-04-24,5:21:00,1483.37,1488
2026-04-24,5:24:00,1483.1,1487
2026-04-24,5:27:00,1483.44,1487
2026-04-24,5:30:00,1482.8,1487
2026-04-24,5:33:00,1483.1,1487
2026-04-24,5:36:00,1483.17,1487
2026-04-24,5:39:00,1483.05,1487
2026-04-24,5:42:00,1483.41,1486
2026-04-24,5:45:00,1483.04,1486
2026-04-24,5:48:00,1483.31,1487
2026-04-24,5:51:00,1483.59,1487
2026-04-24,5:54:00,1483.54,1486
2026-04-24,5:57:00,1481.6,1486
2026-04-24,6:00:00,1482.47,1486
2026-04-24,6:03:00,1482.28,1486
2026-04-24,6:06:00,1481.12,1487
2026-04-24,6:09:00,,1487
2026-04-24,6:12:00,1481.55,1486
2026-04-24,6:15:00,1481.26,1487
2026-04-24,6:18:00,,1486
2026-04-24,6:21:00,1479.99,1487
2026-04-24,6:24:00,1480.65,1487
2026-04-24,6:27:00,1479.99,1487
2026-04-24,6:30:00,1481.29,1487
2026-04-24,6:33:00,1479.97,1486
2026-04-24,6:36:00,1481.8,1486
2026-04-24,6:39:00,1479.84,1485
2026-04-24,6:42:00,1480.43,1486
2026-04-24,6:45:00,,1486
2026-04-24,6:48:00,,1485
2026-04-24,6:51:00,1480.22,1485
2026-04-24,6:54:00,1480.27,1485
2026-04-24,6:57:00,1479.83,1486
2026-04-24,7:00:00,1479.83,1486
2026-04-24,7:03:00,,1486
2026-04-24,7:06:00,1480.63,1486
2026-04-24,7:09:00,1480.73,1486
2026-04-24,7:12:00,1480.42,1486
2026-04-24,7:15:00,1480.42,1486
2026-04-24,7:18:00,1479.88,1486
2026-04-24,7:21:00,1479.98,1486
2026-04-24,7:24:00,1480.16,1486
2026-04-24,7:27:00,1481.33,1486
2026-04-24,7:30:00,,1486
2026-04-24,7:33:00,,1486
2026-04-24,7:36:00,,1486
2026-04-24,7:39:00,,1485
2026-04-24,7:42:00,,1485
2026-04-24,7:45:00,,1487
2026-04-24,7:48:00,,1487
2026-04-24,7:51:00,,1487
2026-04-24,7:54:00,,1487
2026-04-24,7:57:00,,1487
2026-04-24,8:00:00,,1487
2026-04-24,8:03:00,,1487
2026-04-24,8:06:00,,1486
2026-04-24,8:09:00,,1486
2026-04-24,8:12:00,,1487
2026-04-24,8:15:00,,1487
2026-04-24,8:18:00,,1486
2026-04-24,8:21:00,,1487
2026-04-24,8:24:00,,1486
2026-04-24,8:27:00,,1486
2026-04-24,8:30:00,,1487
2026-04-24,8:33:00,,1486
2026-04-24,8:36:00,,1486
2026-04-24,8:39:00,,1487
2026-04-24,8:42:00,,1487
2026-04-24,8:45:00,,1486
2026-04-24,8:48:00,,1486
2026-04-24,8:51:00,,1487
2026-04-24,8:54:00,,1487
2026-04-24,8:57:00,,1487
2026-04-24,9:00:00,1481.82,1487
2026-04-24,9:03:00,1482.68,1487
2026-04-24,9:06:00,1482.17,1487
2026-04-24,9:09:00,1482.58,1486
2026-04-24,9:12:00,1482.08,1487
2026-04-24,9:15:00,1483.08,1487
2026-04-24,9:18:00,1483.68,1487
2026-04-24,9:21:00,1483.38,1487
2026-04-24,9:24:00,1482.31,1487
2026-04-24,9:27:00,1482.48,1487
2026-04-24,9:30:00,1482.33,1487
2026-04-24,9:33:00,1482.53,1487
2026-04-24,9:36:00,1482.48,1488
2026-04-24,9:39:00,1482.77,1487
2026-04-24,9:42:00,1482.81,1487
2026-04-24,9:45:00,1482.78,1487
2026-04-24,9:48:00,1482.48,1487
2026-04-24,9:51:00,1482.04,1487
2026-04-24,9:54:00,1482.58,1488
2026-04-24,9:57:00,1482.38,1486
2026-04-24,10:00:00,1482.88,1488
2026-04-24,10:03:00,1482.38,1487
2026-04-24,10:06:00,1481.68,1488
2026-04-24,10:09:00,1480.88,1488
2026-04-24,10:12:00,1481.84,1487
2026-04-24,10:15:00,1481.58,1486
2026-04-24,10:18:00,1481.75,1488
2026-04-24,10:21:00,1482.18,1488
2026-04-24,10:24:00,1482.14,1487
2026-04-24,10:27:00,1482.48,1488
2026-04-24,10:30:00,1483.38,1488
2026-04-24,10:33:00,1482.98,1487
2026-04-24,10:36:00,1482.78,1487
2026-04-24,10:39:00,1482.75,1488
2026-04-24,10:42:00,1483.08,1487
2026-04-24,10:45:00,1482.88,1488
2026-04-24,10:48:00,1482.48,1487
2026-04-24,10:51:00,1481.99,1487
2026-04-24,10:54:00,1482.08,1487
2026-04-24,10:57:00,1480.95,1487
2026-04-24,11:00:00,1481.88,1487
2026-04-24,11:03:00,1481.38,1487
2026-04-24,11:06:00,1481.73,1487
2026-04-24,11:09:00,1481.63,1486
2026-04-24,11:12:00,1481.66,1487
2026-04-24,11:15:00,1481.56,1487
2026-04-24,11:18:00,1482.08,1487
2026-04-24,11:21:00,1482.38,1487
2026-04-24,11:24:00,1482.28,1486
2026-04-24,11:27:00,1482.28,1487
2026-04-24,11:30:00,1481.82,1486
2026-04-24,11:33:00,1481.91,1486
2026-04-24,11:36:00,1482.38,1486
2026-04-24,11:39:00,1481.97,1487
2026-04-24,11:42:00,1482.28,1486
2026-04-24,11:45:00,1482.75,1485
2026-04-24,11:48:00,1482.58,1487
2026-04-24,11:51:00,1482.99,1487
2026-04-24,11:54:00,1483.38,1487
2026-04-24,11:57:00,1483.08,1486
2026-04-24,12:00:00,1483.28,1487
2026-04-24,12:03:00,1483.83,1486
2026-04-24,12:06:00,1483.68,1486
2026-04-24,12:09:00,1483.48,1487
2026-04-24,12:12:00,1483.69,1487
2026-04-24,12:15:00,1483.59,1487
2026-04-24,12:18:00,1483.5,1487
2026-04-24,12:21:00,1483.07,1488
2026-04-24,12:24:00,1482.85,1489
2026-04-24,12:27:00,1483.38,1489
2026-04-24,12:30:00,1483.88,1490
2026-04-24,12:33:00,1483.69,1490
2026-04-24,12:36:00,1483.08,1489
2026-04-24,12:39:00,1483.08,1490
2026-04-24,12:42:00,1483.48,1489
2026-04-24,12:45:00,1483.18,1488
2026-04-24,12:48:00,1482.95,1488
2026-04-24,12:51:00,1482.98,1488
2026-04-24,12:54:00,1482.64,1489
2026-04-24,12:57:00,1482.41,1489
2026-04-24,13:00:00,1482.58,1489
2026-04-24,13:03:00,1482.28,1489
2026-04-24,13:06:00,1482.48,1489
2026-04-24,13:09:00,1482.18,1489
2026-04-24,13:12:00,1481.92,1490
2026-04-24,13:15:00,1482.28,1489
2026-04-24,13:18:00,1481.98,1489
2026-04-24,13:21:00,1482.16,1488
2026-04-24,13:24:00,1482.13,1490
2026-04-24,13:27:00,1482.58,1489
2026-04-24,13:30:00,1482.35,1489
2026-04-24,13:33:00,1482.23,1489
2026-04-24,13:36:00,1482.15,1490
2026-04-24,13:39:00,1481.77,1489
2026-04-24,13:42:00,1482.47,1489
2026-04-24,13:45:00,1482.07,1489
2026-04-24,13:48:00,1482.42,1489
2026-04-24,13:51:00,1482.38,1489
2026-04-24,13:54:00,1482.43,1488
2026-04-24,13:57:00,1482.43,1489
2026-04-24,14:00:00,1482.38,1488
2026-04-24,14:03:00,1482.35,1489
2026-04-24,14:06:00,1482.31,1489
2026-04-24,14:09:00,1482.53,1489
2026-04-24,14:12:00,1482.47,1489
2026-04-24,14:15:00,1482.41,1490
2026-04-24,14:18:00,1482.28,1490
2026-04-24,14:21:00,1482.18,1489
2026-04-24,14:24:00,1481.73,1489
2026-04-24,14:27:00,1481.58,1489
2026-04-24,14:30:00,1481.48,1489
2026-04-24,14:33:00,1481.31,1489
2026-04-24,14:36:00,1481.58,1489
2026-04-24,14:39:00,1481.28,1488
2026-04-24,14:42:00,1481.4,1489
2026-04-24,14:45:00,1481.46,1488
2026-04-24,14:48:00,1481.29,1489
2026-04-24,14:51:00,1481.21,1489
2026-04-24,14:54:00,1481.21,1489
2026-04-24,14:57:00,1481.28,1488
2026-04-24,15:00:00,1481.98,1488
2026-04-24,15:03:00,1481.98,1488
2026-04-24,15:06:00,1482.08,1488
2026-04-24,15:09:00,1482.95,1487
2026-04-24,15:12:00,1483.1,1487
2026-04-24,15:15:00,1483.45,1487
2026-04-24,15:18:00,1483.54,1489
2026-04-24,15:21:00,1483.58,1489
2026-04-24,15:24:00,1483.58,1489
2026-04-24,15:27:00,1483.88,1488
2026-04-24,15:30:00,1483.68,1488
2026-04-24,15:33:00,1483.58,1488
2026-04-24,15:36:00,1483.49,1488
2026-04-24,15:39:00,1483.28,1489
2026-04-24,15:42:00,1483.38,1488
2026-04-24,15:45:00,1483.87,1488
2026-04-24,15:48:00,1484.78,1488
2026-04-24,15:51:00,1484.48,1488
2026-04-24,15:54:00,1484.28,1489
2026-04-24,15:57:00,1485.48,1489
2026-04-24,16:00:00,1484.99,1489
2026-04-24,16:03:00,1484.16,1489
2026-04-24,16:06:00,1483.68,1489
2026-04-24,16:09:00,1483.42,1488
2026-04-24,16:12:00,1483.48,1488
2026-04-24,16:15:00,1483.28,1489
2026-04-24,16:18:00,1483.08,1488
2026-04-24,16:21:00,1483.53,1489
2026-04-24,16:24:00,1483.28,1488
2026-04-24,16:27:00,1483.19,1488
2026-04-24,16:30:00,1483.03,1489
2026-04-24,16:33:00,1483.1,1489
2026-04-24,16:36:00,1483.34,1489
2026-04-24,16:39:00,1482.88,1489
2026-04-24,16:42:00,1482.01,1489
2026-04-24,16:45:00,1482.38,1489
2026-04-24,16:48:00,1483.21,1489
2026-04-24,16:51:00,1483.17,1489
2026-04-24,16:54:00,1483.1,1488
2026-04-24,16:57:00,1482.42,1489
2026-04-24,17:00:00,1483.15,1488
2026-04-24,17:03:00,1483,1489
2026-04-24,17:06:00,1483.43,1489
2026-04-24,17:09:00,1483.38,1489
2026-04-24,17:12:00,1482.92,1489
2026-04-24,17:15:00,1483,1488
2026-04-24,17:18:00,1482.57,1489
2026-04-24,17:21:00,1482.42,1489
2026-04-24,17:24:00,1482.71,1488
2026-04-24,17:27:00,1483.3,1487
2026-04-24,17:30:00,1483,1488
2026-04-24,17:33:00,1482.88,1488
2026-04-24,17:36:00,1483.25,1488
2026-04-24,17:39:00,1482.58,1488
2026-04-24,17:42:00,1483.4,1487
2026-04-24,17:45:00,1483.34,1488
2026-04-24,17:48:00,1483.33,1488
2026-04-24,17:51:00,1483.55,1488
2026-04-24,17:54:00,1483.76,1488
2026-04-24,17:57:00,1483.03,1488
2026-04-24,18:00:00,1483.04,1487
2026-04-24,18:03:00,1482.26,1488
2026-04-24,18:06:00,1482.98,1489
2026-04-24,18:09:00,1483.53,1490
2026-04-24,18:12:00,1483.27,1489
2026-04-24,18:15:00,1482.28,1490
2026-04-24,18:18:00,1483.17,1490
2026-04-24,18:21:00,1483.15,1490
2026-04-24,18:24:00,1483.58,1489
2026-04-24,18:27:00,1483.54,1490
2026-04-24,18:30:00,1483.38,1490
2026-04-24,18:33:00,1483.52,1490
2026-04-24,18:36:00,1483.08,1489
2026-04-24,18:39:00,1482.08,1489
2026-04-24,18:42:00,1483,1489
2026-04-24,18:45:00,1483.46,1489
2026-04-24,18:48:00,1482.86,1489
2026-04-24,18:51:00,1483.28,1489
2026-04-24,18:54:00,1483.56,1489
2026-04-24,18:57:00,1483.26,1489
2026-04-24,19:00:00,1482.65,1490
2026-04-24,19:03:00,1483.14,1490
2026-04-24,19:06:00,1483.6,1490
2026-04-24,19:09:00,1482.99,1490
2026-04-24,19:12:00,1483.61,1490
2026-04-24,19:15:00,1483.21,1489
2026-04-24,19:18:00,1483.41,1489
2026-04-24,19:21:00,1482.94,1490
2026-04-24,19:24:00,1483.12,1489
2026-04-24,19:27:00,1483.11,1490
2026-04-24,19:30:00,1483.12,1488
2026-04-24,19:33:00,1482.7,1489
2026-04-24,19:36:00,1482.92,1488
2026-04-24,19:39:00,1482.68,1488
2026-04-24,19:42:00,1482.48,1488
2026-04-24,19:45:00,1482.73,1488
2026-04-24,19:48:00,1482.04,1489
2026-04-24,19:51:00,1482.18,1488
2026-04-24,19:54:00,1482.31,1488
2026-04-24,19:57:00,1482.41,1489
2026-04-24,20:00:00,1482.33,1487
2026-04-24,20:03:00,1481.38,1487
2026-04-24,20:06:00,1480.08,1487
2026-04-24,20:09:00,1480.08,1487
2026-04-24,20:12:00,1480.25,1486
2026-04-24,20:15:00,1479.78,1487
2026-04-24,20:18:00,1480.4,1487
2026-04-24,20:21:00,1477.78,1487
2026-04-24,20:24:00,1478.25,1487
2026-04-24,20:27:00,1477.59,1487
2026-04-24,20:30:00,1478.01,1487
2026-04-24,20:33:00,1478.47,1487
2026-04-24,20:36:00,1478.48,1486
2026-04-24,20:39:00,1478.29,1487
2026-04-24,20:42:00,1478.52,1486
2026-04-24,20:45:00,1478.03,1486
2026-04-24,20:48:00,1477.02,1486
2026-04-24,20:51:00,1477.6,1486
2026-04-24,20:54:00,1477.61,1486
2026-04-24,20:57:00,1476.92,1486
2026-04-24,21:00:00,1475.88,1485
2026-04-24,21:03:00,1475.71,1485
2026-04-24,21:06:00,1476.8,1486
2026-04-24,21:09:00,1476.43,1485
2026-04-24,21:12:00,1476.18,1485
2026-04-24,21:15:00,1476.84,1485
2026-04-24,21:18:00,1476.66,1485
2026-04-24,21:21:00,1476.67,1485
2026-04-24,21:24:00,1476.84,1486
2026-04-24,21:27:00,1477.46,1485
2026-04-24,21:30:00,1477.52,1485
2026-04-24,21:33:00,1477.87,1486
2026-04-24,21:36:00,1477.58,1486
2026-04-24,21:39:00,1477.21,1485
2026-04-24,21:42:00,1477.58,1485
2026-04-24,21:45:00,1477.97,1486
2026-04-24,21:48:00,1478.75,1485
2026-04-24,21:51:00,1479.71,1486
2026-04-24,21:54:00,1479.29,1486
2026-04-24,21:57:00,1478.72,1485
2026-04-24,22:00:00,1478.44,1485
2026-04-24,22:03:00,1478.21,1486
2026-04-24,22:06:00,1478.04,1486
2026-04-24,22:09:00,1477.47,1486
2026-04-24,22:12:00,1478.19,1485
2026-04-24,22:15:00,1477.98,1486
2026-04-24,22:18:00,1477.77,1486
2026-04-24,22:21:00,1478.44,1487
2026-04-24,22:24:00,1480.35,1487
2026-04-24,22:27:00,1480.45,1487
2026-04-24,22:30:00,1480.88,1487
2026-04-24,22:33:00,1480.7,1487
2026-04-24,22:36:00,1479.48,1487
2026-04-24,22:39:00,1477.58,1487
2026-04-24,22:42:00,1479.81,1486
2026-04-24,22:45:00,1480.01,1488
2026-04-24,22:48:00,1479.57,1488
2026-04-24,22:51:00,1479.49,1488
2026-04-24,22:54:00,1479.97,1487
2026-04-24,22:57:00,1479.05,1488
2026-04-24,23:00:00,1478.68,1488
2026-04-24,23:03:00,1477.68,1487
2026-04-24,23:06:00,1479.27,1488
2026-04-24,23:09:00,1478,1487
2026-04-24,23:12:00,1478.03,1488
2026-04-24,23:15:00,1478.24,1488
2026-04-24,23:18:00,1478.68,1488
2026-04-24,23:21:00,1479.26,1488
2026-04-24,23:24:00,1479.94,1489
2026-04-24,23:27:00,1478.98,1489
2026-04-24,23:30:00,1478.98,1488
2026-04-24,23:33:00,1479.03,1488
2026-04-24,23:36:00,1478.28,1488
2026-04-24,23:39:00,1479.09,1488
2026-04-24,23:42:00,1478.89,1487
2026-04-24,23:45:00,1479.64,1488
2026-04-24,23:48:00,1479.57,1487
2026-04-24,23:51:00,1479.58,1487
2026-04-24,23:54:00,1479.72,1488
2026-04-24,23:57:00,1479.4,1487
2026-04-25,0:00:00,1479.23,1488
2026-04-25,0:03:00,1478.81,1488
2026-04-25,0:06:00,1477.98,1489
2026-04-25,0:09:00,1479,1489
2026-04-25,0:12:00,1479.03,1489
2026-04-25,0:15:00,1479.04,1488
2026-04-25,0:18:00,1478.7,1488
2026-04-25,0:21:00,1477.68,1489
2026-04-25,0:24:00,1478.64,1487
2026-04-25,0:27:00,1478.21,1487
2026-04-25,0:30:00,1478.43,1487
2026-04-25,0:33:00,1478.49,1489
2026-04-25,0:36:00,1478.38,1488
2026-04-25,0:39:00,1478.53,1489
2026-04-25,0:42:00,1476.78,1487
2026-04-25,0:45:00,1475.66,1488
2026-04-25,0:48:00,1475.08,1486
2026-04-25,0:51:00,1476.26,1487
2026-04-25,0:54:00,1475.58,1487
2026-04-25,0:57:00,1476.88,1486
2026-04-25,1:00:00,1476.63,1486
2026-04-25,1:03:00,1475.78,1487
2026-04-25,1:06:00,1476.08,1486
2026-04-25,1:09:00,1476.58,1486
2026-04-25,1:12:00,1476.61,1486
2026-04-25,1:15:00,1476.11,1487
2026-04-25,1:18:00,1476.4,1487
2026-04-25,1:21:00,1476.38,1487
2026-04-25,1:24:00,1476.36,1486
2026-04-25,1:27:00,1476.17,1487
2026-04-25,1:30:00,1476.07,1487
2026-04-25,1:33:00,1476.5,1487
2026-04-25,1:36:00,1475.96,1487
2026-04-25,1:39:00,1476.18,1487
2026-04-25,1:42:00,1476.69,1487
2026-04-25,1:45:00,1476.21,1486
2026-04-25,1:48:00,1476.2,1486
2026-04-25,1:51:00,1476.08,1487
2026-04-25,1:54:00,1476.72,1486
2026-04-25,1:57:00,1475.67,1487
2026-04-25,2:00:00,1474.95,1486
2026-04-25,2:03:00,1474.64,1487
2026-04-25,2:06:00,1475.85,1487
2026-04-25,2:09:00,1475.73,1487
2026-04-25,2:12:00,1476.09,1486
2026-04-25,2:15:00,1475.54,1487
2026-04-25,2:18:00,1475.87,1487
2026-04-25,2:21:00,1476.07,1487
2026-04-25,2:24:00,1475.35,1487
2026-04-25,2:27:00,1476.03,1487
2026-04-25,2:30:00,1476.1,1487
2026-04-25,2:33:00,1475.74,1487
2026-04-25,2:36:00,1476.2,1487
2026-04-25,2:39:00,1475.23,1487
2026-04-25,2:42:00,1476.16,1486
2026-04-25,2:45:00,1476.27,1487
2026-04-25,2:48:00,1475.88,1486
2026-04-25,2:51:00,1476.26,1486
2026-04-25,2:54:00,1475.95,1486
2026-04-25,2:57:00,1475.44,1485
2026-04-25,3:00:00,1475.51,1486
2026-04-25,3:03:00,1476.3,1486
2026-04-25,3:06:00,1476.33,1486
2026-04-25,3:09:00,1476.32,1486
2026-04-25,3:12:00,1476.2,1486
2026-04-25,3:15:00,1476.11,1487
2026-04-25,3:18:00,1475.99,1487
2026-04-25,3:21:00,1476.14,1487
2026-04-25,3:24:00,1475.62,1487
2026-04-25,3:27:00,1476.29,1487
2026-04-25,3:30:00,1476.01,1487
2026-04-25,3:33:00,1476.24,1487
2026-04-25,3:36:00,1475.54,1487
2026-04-25,3:39:00,1476.04,1487
2026-04-25,3:42:00,1476.18,1487
2026-04-25,3:45:00,1475.53,1486
2026-04-25,3:48:00,1476.17,1486
2026-04-25,3:51:00,1475.88,1486
2026-04-25,3:54:00,1476,1485
2026-04-25,3:57:00,1476.04,1486
2026-04-25,4:00:00,1475.07,1486
2026-04-25,4:03:00,1476.11,1486
2026-04-25,4:06:00,1475.64,1486
2026-04-25,4:09:00,1475.53,1486
2026-04-25,4:12:00,1476.14,1486
2026-04-25,4:15:00,1475.97,1486
2026-04-25,4:18:00,1475.74,1487
2026-04-25,4:21:00,1475.83,1486
2026-04-25,4:24:00,1476.09,1487
2026-04-25,4:27:00,1476.12,1487
2026-04-25,4:30:00,1476.05,1487
2026-04-25,4:33:00,1476.13,1487
2026-04-25,4:36:00,1476.17,1486
2026-04-25,4:39:00,1476.12,1486
2026-04-25,4:42:00,1476.13,1487
2026-04-25,4:45:00,1476.16,1487
2026-04-25,4:48:00,1475.77,1486
2026-04-25,4:51:00,1476.05,1487
2026-04-25,4:54:00,1474.82,1487
2026-04-25,4:57:00,1476.04,1487
2026-04-25,5:00:00,1474.99,1487
2026-04-25,5:03:00,1475.03,1486
2026-04-25,5:06:00,1476.18,1486
2026-04-25,5:09:00,1476.05,1487
2026-04-25,5:12:00,1476.25,1487
2026-04-25,5:15:00,1476.07,1486
2026-04-25,5:18:00,1476.06,1487
2026-04-25,5:21:00,1475.49,1486
2026-04-25,5:24:00,1476.15,1487
2026-04-25,5:27:00,1476.33,1487
2026-04-25,5:30:00,1476.09,1487
2026-04-25,5:33:00,1476.21,1487
2026-04-25,5:36:00,1476.36,1487
2026-04-25,5:39:00,1475.84,1487
2026-04-25,5:42:00,1475.83,1487
2026-04-25,5:45:00,1474.81,1486
2026-04-25,5:48:00,1476.31,1487
2026-04-25,5:51:00,1476.3,1487
2026-04-25,5:54:00,1476.04,1485
2026-04-25,5:57:00,1476.32,1485
2026-04-25,6:00:00,,1487
2026-04-25,6:03:00,,1485
2026-04-25,6:06:00,,1486
2026-04-25,6:09:00,,1485
2026-04-25,6:12:00,,1486
2026-04-25,6:15:00,,1486
2026-04-25,6:18:00,,1485
2026-04-25,6:21:00,,1485
2026-04-25,6:24:00,,1486
2026-04-25,6:27:00,,1486
2026-04-25,6:30:00,,1487
2026-04-25,6:33:00,,1485
2026-04-25,6:36:00,,1486
2026-04-25,6:39:00,,1486
2026-04-25,6:42:00,,1485
2026-04-25,6:45:00,,1487
2026-04-25,6:48:00,,1485
2026-04-25,6:51:00,,1486
2026-04-25,6:54:00,,1486
2026-04-25,6:57:00,,1486
2026-04-25,7:00:00,,1485
2026-04-25,7:03:00,,1487
2026-04-25,7:06:00,,1486
2026-04-25,7:09:00,,1487
2026-04-25,7:12:00,,1487
2026-04-25,7:15:00,,1486
2026-04-25,7:18:00,,1486
2026-04-25,7:21:00,,1487
2026-04-25,7:24:00,,1487
2026-04-25,7:27:00,,1487
2026-04-25,7:30:00,,1487
2026-04-25,7:33:00,,1487
2026-04-25,7:36:00,,1488
2026-04-25,7:39:00,,1488
2026-04-25,7:42:00,,1488
2026-04-25,7:45:00,,1488
2026-04-25,7:48:00,,1487
2026-04-25,7:51:00,,1488
2026-04-25,7:54:00,,1487
2026-04-25,7:57:00,,1488
2026-04-25,8:00:00,,1488
2026-04-25,8:03:00,,1488
2026-04-25,8:06:00,,1489
2026-04-25,8:09:00,,1488
2026-04-25,8:12:00,,1488
2026-04-25,8:15:00,,1488
2026-04-25,8:18:00,,1488
2026-04-25,8:21:00,,1489
2026-04-25,8:24:00,,1489
2026-04-25,8:27:00,,1488
2026-04-25,8:30:00,,1488
2026-04-25,8:33:00,,1488
2026-04-25,8:36:00,,1488
2026-04-25,8:39:00,,1488
2026-04-25,8:42:00,,1489
2026-04-25,8:45:00,,1489
2026-04-25,8:48:00,,1488
2026-04-25,8:51:00,,1488
2026-04-25,8:54:00,,1489
2026-04-25,8:57:00,,1488
2026-04-25,9:00:00,,1489
2026-04-25,9:03:00,,1489
2026-04-25,9:06:00,,1489
2026-04-25,9:09:00,,1489
2026-04-25,9:12:00,,1489
2026-04-25,9:15:00,,1489
2026-04-25,9:18:00,,1488
2026-04-25,9:21:00,,1489
2026-04-25,9:24:00,,1489
2026-04-25,9:27:00,,1489
2026-04-25,9:30:00,,1488
2026-04-25,9:33:00,,1489
2026-04-25,9:36:00,,1489
2026-04-25,9:39:00,,1488
2026-04-25,9:42:00,,1488
2026-04-25,9:45:00,,1489
2026-04-25,9:48:00,,1488
2026-04-25,9:51:00,,1489
2026-04-25,9:54:00,,1490
2026-04-25,9:57:00,,1489
2026-04-25,10:00:00,,1489
2026-04-25,10:03:00,,1488
2026-04-25,10:06:00,,1490
2026-04-25,10:09:00,,1489
2026-04-25,10:12:00,,1488
2026-04-25,10:15:00,,1489
2026-04-25,10:18:00,,1489
2026-04-25,10:21:00,,1489
2026-04-25,10:24:00,,1489
2026-04-25,10:27:00,,1489
2026-04-25,10:30:00,,1488
2026-04-25,10:33:00,,1489
2026-04-25,10:36:00,,1488
2026-04-25,10:39:00,,1488
2026-04-25,10:42:00,,1489
2026-04-25,10:45:00,,1489
2026-04-25,10:48:00,,1489
2026-04-25,10:51:00,,1488
2026-04-25,10:54:00,,1488
2026-04-25,10:57:00,,1488
2026-04-25,11:00:00,,1488
2026-04-25,11:03:00,,1488
2026-04-25,11:06:00,,1488
2026-04-25,11:09:00,,1487
2026-04-25,11:12:00,,1488
2026-04-25,11:15:00,,1488
2026-04-25,11:18:00,,1488
2026-04-25,11:21:00,,1488
2026-04-25,11:24:00,,1487
2026-04-25,11:27:00,,1488
2026-04-25,11:30:00,,1487
2026-04-25,11:33:00,,1488
2026-04-25,11:36:00,,1488
2026-04-25,11:39:00,,1488
2026-04-25,11:42:00,,1487
2026-04-25,11:45:00,,1488
2026-04-25,11:48:00,,1488
2026-04-25,11:51:00,,1487
2026-04-25,11:54:00,,1487
2026-04-25,11:57:00,,1488
2026-04-25,12:00:00,,1488
2026-04-25,12:03:00,,1487
2026-04-25,12:06:00,,1487
2026-04-25,12:09:00,,1488
2026-04-25,12:12:00,,1488
2026-04-25,12:15:00,,1488
2026-04-25,12:18:00,,1487
2026-04-25,12:21:00,,1487
2026-04-25,12:24:00,,1488
2026-04-25,12:27:00,,1488
2026-04-25,12:30:00,,1488
2026-04-25,12:33:00,,1487
2026-04-25,12:36:00,,1487
2026-04-25,12:39:00,,1488
2026-04-25,12:42:00,,1488
2026-04-25,12:45:00,,1487
2026-04-25,12:48:00,,1487
2026-04-25,12:51:00,,1487
2026-04-25,12:54:00,,1488
2026-04-25,12:57:00,,1487
2026-04-25,13:00:00,,1488
2026-04-25,13:03:00,,1488
2026-04-25,13:06:00,,1487
2026-04-25,13:09:00,,1488
2026-04-25,13:12:00,,1488
2026-04-25,13:15:00,,1487
2026-04-25,13:18:00,,1487
2026-04-25,13:21:00,,1488
2026-04-25,13:24:00,,1488
2026-04-25,13:27:00,,1488
2026-04-25,13:30:00,,1488
2026-04-25,13:33:00,,1488
2026-04-25,13:36:00,,1487
2026-04-25,13:39:00,,1487
2026-04-25,13:42:00,,1487
2026-04-25,13:45:00,,1487
2026-04-25,13:48:00,,1487
2026-04-25,13:51:00,,1488
2026-04-25,13:54:00,,1488
2026-04-25,13:57:00,,1487
2026-04-25,14:00:00,,1488
2026-04-25,14:03:00,,1488
2026-04-25,14:06:00,,1488
2026-04-25,14:09:00,,1488
2026-04-25,14:12:00,,1488
2026-04-25,14:15:00,,1488
2026-04-25,14:18:00,,1488
2026-04-25,14:21:00,,1489
2026-04-25,14:24:00,,1489
2026-04-25,14:27:00,,1488
2026-04-25,14:30:00,,1488
2026-04-25,14:33:00,,1489
2026-04-25,14:36:00,,1488
2026-04-25,14:39:00,,1488
2026-04-25,14:42:00,,1489
2026-04-25,14:45:00,,1489
2026-04-25,14:48:00,,1488
2026-04-25,14:51:00,,1488
2026-04-25,14:54:00,,1488
2026-04-25,14:57:00,,1489
2026-04-25,15:00:00,,1488
2026-04-25,15:03:00,,1489
2026-04-25,15:06:00,,1488
2026-04-25,15:09:00,,1488
2026-04-25,15:12:00,,1489
2026-04-25,15:15:00,,1489
2026-04-25,15:18:00,,1489
2026-04-25,15:21:00,,1488
2026-04-25,15:24:00,,1488
2026-04-25,15:27:00,,1488
2026-04-25,15:30:00,,1488
2026-04-25,15:33:00,,1489
2026-04-25,15:36:00,,1488
2026-04-25,15:39:00,,1487
2026-04-25,15:42:00,,1487
2026-04-25,15:45:00,,1488
2026-04-25,15:48:00,,1487
2026-04-25,15:51:00,,1488
2026-04-25,15:54:00,,1488
2026-04-25,15:57:00,,1487
2026-04-25,16:00:00,,1487
2026-04-25,16:03:00,,1487
2026-04-25,16:06:00,,1487
2026-04-25,16:09:00,,1488
2026-04-25,16:12:00,,1487
2026-04-25,16:15:00,,1487
2026-04-25,16:18:00,,1487
2026-04-25,16:21:00,,1487
2026-04-25,16:24:00,,1488
2026-04-25,16:27:00,,1488
2026-04-25,16:30:00,,1487
2026-04-25,16:33:00,,1487
2026-04-25,16:36:00,,1487
2026-04-25,16:39:00,,1488
2026-04-25,16:42:00,,1487
2026-04-25,16:45:00,,1488
2026-04-25,16:48:00,,1487
2026-04-25,16:51:00,,1487
2026-04-25,16:54:00,,1487
2026-04-25,16:57:00,,1488
2026-04-25,17:00:00,,1488
2026-04-25,17:03:00,,1487
2026-04-25,17:06:00,,1488
2026-04-25,17:09:00,,1488
2026-04-25,17:12:00,,1487
2026-04-25,17:15:00,,1488
2026-04-25,17:18:00,,1487
2026-04-25,17:21:00,,1488
2026-04-25,17:24:00,,1488
2026-04-25,17:27:00,,1488
2026-04-25,17:30:00,,1487
2026-04-25,17:33:00,,1487
2026-04-25,17:36:00,,1488
2026-04-25,17:39:00,,1487
2026-04-25,17:42:00,,1488
2026-04-25,17:45:00,,1487
2026-04-25,17:48:00,,1487
2026-04-25,17:51:00,,1488
2026-04-25,17:54:00,,1488
2026-04-25,17:57:00,,1488
2026-04-25,18:00:00,,1487
2026-04-25,18:03:00,,1488
2026-04-25,18:06:00,,1488
2026-04-25,18:09:00,,1488
2026-04-25,18:12:00,,1487
2026-04-25,18:15:00,,1487
2026-04-25,18:18:00,,1487
2026-04-25,18:21:00,,1487
2026-04-25,18:24:00,,1488
2026-04-25,18:27:00,,1488
2026-04-25,18:30:00,,1487
2026-04-25,18:33:00,,1488
2026-04-25,18:36:00,,1488
2026-04-25,18:39:00,,1488
2026-04-25,18:42:00,,1487
2026-04-25,18:45:00,,1488
2026-04-25,18:48:00,,1488
2026-04-25,18:51:00,,1487
2026-04-25,18:54:00,,1488
2026-04-25,18:57:00,,1487
2026-04-25,19:00:00,,1488
2026-04-25,19:03:00,,1488
2026-04-25,19:06:00,,1488
2026-04-25,19:09:00,,1488
2026-04-25,19:12:00,,1488
2026-04-25,19:15:00,,1488
2026-04-25,19:18:00,,1488
2026-04-25,19:21:00,,1488
2026-04-25,19:24:00,,1488
2026-04-25,19:27:00,,1488
2026-04-25,19:30:00,,1488
2026-04-25,19:33:00,,1488
2026-04-25,19:36:00,,1488
2026-04-25,19:39:00,,1489
2026-04-25,19:42:00,,1489
2026-04-25,19:45:00,,1489
2026-04-25,19:48:00,,1489
2026-04-25,19:51:00,,1489
2026-04-25,19:54:00,,1488
2026-04-25,19:57:00,,1489
2026-04-25,20:00:00,,1489
2026-04-25,20:03:00,,1489
2026-04-25,20:06:00,,1489
2026-04-25,20:09:00,,1488
2026-04-25,20:12:00,,1488
2026-04-25,20:15:00,,1489
2026-04-25,20:18:00,,1489
2026-04-25,20:21:00,,1489
2026-04-25,20:24:00,,1489
2026-04-25,20:27:00,,1489
2026-04-25,20:30:00,,1489
2026-04-25,20:33:00,,1490
2026-04-25,20:36:00,,1490
2026-04-25,20:39:00,,1490
2026-04-25,20:42:00,,1489
2026-04-25,20:45:00,,1490
2026-04-25,20:48:00,,1490
2026-04-25,20:51:00,,1489
2026-04-25,20:54:00,,1490
2026-04-25,20:57:00,,1490
2026-04-25,21:00:00,,1490
2026-04-25,21:03:00,,1490
2026-04-25,21:06:00,,1489
2026-04-25,21:09:00,,1489
2026-04-25,21:12:00,,1490
2026-04-25,21:15:00,,1490
2026-04-25,21:18:00,,1489
2026-04-25,21:21:00,,1490
2026-04-25,21:24:00,,1490
2026-04-25,21:27:00,,1491
2026-04-25,21:30:00,,1491
2026-04-25,21:33:00,,1491
2026-04-25,21:36:00,,1490
2026-04-25,21:39:00,,1491
2026-04-25,21:42:00,,1491
2026-04-25,21:45:00,,1492
2026-04-25,21:48:00,,1492
2026-04-25,21:51:00,,1492
2026-04-25,21:54:00,,1492
2026-04-25,21:57:00,,1492
2026-04-25,22:00:00,,1492
2026-04-25,22:03:00,,1492
2026-04-25,22:06:00,,1491
2026-04-25,22:09:00,,1491
2026-04-25,22:12:00,,1490
2026-04-25,22:15:00,,1490
2026-04-25,22:18:00,,1490
2026-04-25,22:21:00,,1490
2026-04-25,22:24:00,,1490
2026-04-25,22:27:00,,1491
2026-04-25,22:30:00,,1490
2026-04-25,22:33:00,,1491
2026-04-25,22:36:00,,1491
2026-04-25,22:39:00,,1490
2026-04-25,22:42:00,,1490
2026-04-25,22:45:00,,1490
2026-04-25,22:48:00,,1490
2026-04-25,22:51:00,,1490
2026-04-25,22:54:00,,1491
2026-04-25,22:57:00,,1491
2026-04-25,23:00:00,,1491
2026-04-25,23:03:00,,1492
2026-04-25,23:06:00,,1492
2026-04-25,23:09:00,,1492
2026-04-25,23:12:00,,1491
2026-04-25,23:15:00,,1492
2026-04-25,23:18:00,,1492
2026-04-25,23:21:00,,1491
2026-04-25,23:24:00,,1491
2026-04-25,23:27:00,,1491
2026-04-25,23:30:00,,1492
2026-04-25,23:33:00,,1491
2026-04-25,23:36:00,,1492
2026-04-25,23:39:00,,1492
2026-04-25,23:42:00,,1492
2026-04-25,23:45:00,,1491
2026-04-25,23:48:00,,1492
2026-04-25,23:51:00,,1492
2026-04-25,23:54:00,,1491
2026-04-25,23:57:00,,1492
2026-04-26,0:00:00,,1492
2026-04-26,0:03:00,,1491
2026-04-26,0:06:00,,1491
2026-04-26,0:09:00,,1490
2026-04-26,0:12:00,,1491
2026-04-26,0:15:00,,1490
2026-04-26,0:18:00,,1491
2026-04-26,0:21:00,,1490
2026-04-26,0:24:00,,1490
2026-04-26,0:27:00,,1491
2026-04-26,0:30:00,,1491
2026-04-26,0:33:00,,1490
2026-04-26,0:36:00,,1490
2026-04-26,0:39:00,,1491
2026-04-26,0:42:00,,1491
2026-04-26,0:45:00,,1490
2026-04-26,0:48:00,,1491
2026-04-26,0:51:00,,1492
2026-04-26,0:54:00,,1492
2026-04-26,0:57:00,,1492
2026-04-26,1:00:00,,1491
2026-04-26,1:03:00,,1492
2026-04-26,1:06:00,,1492
2026-04-26,1:09:00,,1491
2026-04-26,1:12:00,,1492
2026-04-26,1:15:00,,1492
2026-04-26,1:18:00,,1491
2026-04-26,1:21:00,,1491
2026-04-26,1:24:00,,1492
2026-04-26,1:27:00,,1492
2026-04-26,1:30:00,,1491
2026-04-26,1:33:00,,1492
2026-04-26,1:36:00,,1493
2026-04-26,1:39:00,,1492
2026-04-26,1:42:00,,1492
2026-04-26,1:45:00,,1492
2026-04-26,1:48:00,,1491
2026-04-26,1:51:00,,1491
2026-04-26,1:54:00,,1491
2026-04-26,1:57:00,,1492
2026-04-26,2:00:00,,1491
2026-04-26,2:03:00,,1491
2026-04-26,2:06:00,,1491
2026-04-26,2:09:00,,1490
2026-04-26,2:12:00,,1490
2026-04-26,2:15:00,,1491
2026-04-26,2:18:00,,1490
2026-04-26,2:21:00,,1491
2026-04-26,2:24:00,,1491
2026-04-26,2:27:00,,1491
2026-04-26,2:30:00,,1491
2026-04-26,2:33:00,,1491
2026-04-26,2:36:00,,1490
2026-04-26,2:39:00,,1490
2026-04-26,2:42:00,,1490
2026-04-26,2:45:00,,1491
2026-04-26,2:48:00,,1490
2026-04-26,2:51:00,,1491
2026-04-26,2:54:00,,1490
2026-04-26,2:57:00,,1491
2026-04-26,3:00:00,,1490
2026-04-26,3:03:00,,1491
2026-04-26,3:06:00,,1490
2026-04-26,3:09:00,,1491
2026-04-26,3:12:00,,1491
2026-04-26,3:15:00,,1491
2026-04-26,3:18:00,,1491
2026-04-26,3:21:00,,1490
2026-04-26,3:24:00,,1490
2026-04-26,3:27:00,,1491
2026-04-26,3:30:00,,1491
2026-04-26,3:33:00,,1490
2026-04-26,3:36:00,,1490
2026-04-26,3:39:00,,1490
2026-04-26,3:42:00,,1490
2026-04-26,3:45:00,,1491
2026-04-26,3:48:00,,1490
2026-04-26,3:51:00,,1490
2026-04-26,3:54:00,,1490
2026-04-26,3:57:00,,1491
2026-04-26,4:00:00,,1491
2026-04-26,4:03:00,,1491
2026-04-26,4:06:00,,1491
2026-04-26,4:09:00,,1490
2026-04-26,4:12:00,,1490
2026-04-26,4:15:00,,1490
2026-04-26,4:18:00,,1491
2026-04-26,4:21:00,,1490
2026-04-26,4:24:00,,1491
2026-04-26,4:27:00,,1491
2026-04-26,4:30:00,,1491
2026-04-26,4:33:00,,1491
2026-04-26,4:36:00,,1491
2026-04-26,4:39:00,,1491
2026-04-26,4:42:00,,1491
2026-04-26,4:45:00,,1491
2026-04-26,4:48:00,,1490
2026-04-26,4:51:00,,1490
2026-04-26,4:54:00,,1491
2026-04-26,4:57:00,,1491
2026-04-26,5:00:00,,1491
2026-04-26,5:03:00,,1491
2026-04-26,5:06:00,,1491
2026-04-26,5:09:00,,1492
2026-04-26,5:12:00,,1491
2026-04-26,5:15:00,,1491
2026-04-26,5:18:00,,1491
2026-04-26,5:21:00,,1491
2026-04-26,5:24:00,,1491
2026-04-26,5:27:00,,1491
2026-04-26,5:30:00,,1492
2026-04-26,5:33:00,,1492
2026-04-26,5:36:00,,1491
2026-04-26,5:39:00,,1491
2026-04-26,5:42:00,,1491
2026-04-26,5:45:00,,1491
2026-04-26,5:48:00,,1491
2026-04-26,5:51:00,,1491
2026-04-26,5:54:00,,1491
2026-04-26,5:57:00,,1492
2026-04-26,6:00:00,,1491
2026-04-26,6:03:00,,1491
2026-04-26,6:06:00,,1491
2026-04-26,6:09:00,,1491
2026-04-26,6:12:00,,1491
2026-04-26,6:15:00,,1492
2026-04-26,6:18:00,,1491
2026-04-26,6:21:00,,1491
2026-04-26,6:24:00,,1491
2026-04-26,6:27:00,,1492
2026-04-26,6:30:00,,1491
2026-04-26,6:33:00,,1491
2026-04-26,6:36:00,,1491
2026-04-26,6:39:00,,1491
2026-04-26,6:42:00,,1491
2026-04-26,6:45:00,,1492
2026-04-26,6:48:00,,1491
2026-04-26,6:51:00,,1491
2026-04-26,6:54:00,,1491
2026-04-26,6:57:00,,1492
2026-04-26,7:00:00,,1491
2026-04-26,7:03:00,,1492
2026-04-26,7:06:00,,1492
2026-04-26,7:09:00,,1492
2026-04-26,7:12:00,,1491
2026-04-26,7:15:00,,1492
2026-04-26,7:18:00,,1491
2026-04-26,7:21:00,,1491
2026-04-26,7:24:00,,1491
2026-04-26,7:27:00,,1492
2026-04-26,7:30:00,,1491
2026-04-26,7:33:00,,1491
2026-04-26,7:36:00,,1491
2026-04-26,7:39:00,,1491
2026-04-26,7:42:00,,1491
2026-04-26,7:45:00,,1491
2026-04-26,7:48:00,,1491
2026-04-26,7:51:00,,1491
2026-04-26,7:54:00,,1490
2026-04-26,7:57:00,,1491
2026-04-26,8:00:00,,1491
2026-04-26,8:03:00,,1490
2026-04-26,8:06:00,,1490
2026-04-26,8:09:00,,1491
2026-04-26,8:12:00,,1491
2026-04-26,8:15:00,,1491
2026-04-26,8:18:00,,1490
2026-04-26,8:21:00,,1491
2026-04-26,8:24:00,,1491
2026-04-26,8:27:00,,1491
2026-04-26,8:30:00,,1490
2026-04-26,8:33:00,,1490
2026-04-26,8:36:00,,1490
2026-04-26,8:39:00,,1491
2026-04-26,8:42:00,,1491
2026-04-26,8:45:00,,1491
2026-04-26,8:48:00,,1491
2026-04-26,8:51:00,,1490
2026-04-26,8:54:00,,1491
2026-04-26,8:57:00,,1491
2026-04-26,9:00:00,,1491
2026-04-26,9:03:00,,1491
2026-04-26,9:06:00,,1492
2026-04-26,9:09:00,,1492
2026-04-26,9:12:00,,1492
2026-04-26,9:15:00,,1492
2026-04-26,9:18:00,,1493
2026-04-26,9:21:00,,1492
2026-04-26,9:24:00,,1492
2026-04-26,9:27:00,,1493
2026-04-26,9:30:00,,1493
2026-04-26,9:33:00,,1493
2026-04-26,9:36:00,,1493
2026-04-26,9:39:00,,1493
2026-04-26,9:42:00,,1492
2026-04-26,9:45:00,,1492
2026-04-26,9:48:00,,1493
2026-04-26,9:51:00,,1492
2026-04-26,9:54:00,,1492
2026-04-26,9:57:00,,1492
2026-04-26,10:00:00,,1492
2026-04-26,10:03:00,,1492
2026-04-26,10:06:00,,1492
2026-04-26,10:09:00,,1491
2026-04-26,10:12:00,,1492
2026-04-26,10:15:00,,1492
2026-04-26,10:18:00,,1492
2026-04-26,10:21:00,,1491
2026-04-26,10:24:00,,1492
2026-04-26,10:27:00,,1490
2026-04-26,10:30:00,,1490
2026-04-26,10:33:00,,1490
2026-04-26,10:36:00,,1489
2026-04-26,10:39:00,,1489
2026-04-26,10:42:00,,1489
2026-04-26,10:45:00,,1489
2026-04-26,10:48:00,,1489
2026-04-26,10:51:00,,1489
2026-04-26,10:54:00,,1489
2026-04-26,10:57:00,,1490
2026-04-26,11:00:00,,1490
2026-04-26,11:03:00,,1489
2026-04-26,11:06:00,,1489
2026-04-26,11:09:00,,1488
2026-04-26,11:12:00,,1488
2026-04-26,11:15:00,,1489
2026-04-26,11:18:00,,1489
2026-04-26,11:21:00,,1489
2026-04-26,11:24:00,,1488
2026-04-26,11:27:00,,1489
2026-04-26,11:30:00,,1488
2026-04-26,11:33:00,,1489
2026-04-26,11:36:00,,1489
2026-04-26,11:39:00,,1489
2026-04-26,11:42:00,,1489
2026-04-26,11:45:00,,1489
2026-04-26,11:48:00,,1489
2026-04-26,11:51:00,,1488
2026-04-26,11:54:00,,1489
2026-04-26,11:57:00,,1490
2026-04-26,12:00:00,,1490
2026-04-26,12:03:00,,1490
2026-04-26,12:06:00,,1489
2026-04-26,12:09:00,,1489
2026-04-26,12:12:00,,1488
2026-04-26,12:15:00,,1489
2026-04-26,12:18:00,,1489
2026-04-26,12:21:00,,1489
2026-04-26,12:24:00,,1490
2026-04-26,12:27:00,,1490
2026-04-26,12:30:00,,1490
2026-04-26,12:33:00,,1490
2026-04-26,12:36:00,,1490
2026-04-26,12:39:00,,1490
2026-04-26,12:42:00,,1489
2026-04-26,12:45:00,,1489
2026-04-26,12:48:00,,1490
2026-04-26,12:51:00,,1490
2026-04-26,12:54:00,,1490
2026-04-26,12:57:00,,1490
2026-04-26,13:00:00,,1490
2026-04-26,13:03:00,,1489
2026-04-26,13:06:00,,1489
2026-04-26,13:09:00,,1489
2026-04-26,13:12:00,,1489
2026-04-26,13:15:00,,1489
2026-04-26,13:18:00,,1489
2026-04-26,13:21:00,,1489
2026-04-26,13:24:00,,1488
2026-04-26,13:27:00,,1489
2026-04-26,13:30:00,,1488
2026-04-26,13:33:00,,1489
2026-04-26,13:36:00,,1489
2026-04-26,13:39:00,,1489
2026-04-26,13:42:00,,1489
2026-04-26,13:45:00,,1488
2026-04-26,13:48:00,,1489
2026-04-26,13:51:00,,1488
2026-04-26,13:54:00,,1489
2026-04-26,13:57:00,,1489
2026-04-26,14:00:00,,1488
2026-04-26,14:03:00,,1489
2026-04-26,14:06:00,,1489
2026-04-26,14:09:00,,1488
2026-04-26,14:12:00,,1488
2026-04-26,14:15:00,,1488
2026-04-26,14:18:00,,1488
2026-04-26,14:21:00,,1488
2026-04-26,14:24:00,,1488
2026-04-26,14:27:00,,1488
2026-04-26,14:30:00,,1488
2026-04-26,14:33:00,,1488
2026-04-26,14:36:00,,1488
2026-04-26,14:39:00,,1488
2026-04-26,14:42:00,,1488
2026-04-26,14:45:00,,1487
2026-04-26,14:48:00,,1488
2026-04-26,14:51:00,,1487
2026-04-26,14:54:00,,1487
2026-04-26,14:57:00,,1488
2026-04-26,15:00:00,,1488
2026-04-26,15:03:00,,1488
2026-04-26,15:06:00,,1488
2026-04-26,15:09:00,,1488
2026-04-26,15:12:00,,1488
2026-04-26,15:15:00,,1487
2026-04-26,15:18:00,,1487
2026-04-26,15:21:00,,1488
2026-04-26,15:24:00,,1487
2026-04-26,15:27:00,,1488
2026-04-26,15:30:00,,1488
2026-04-26,15:33:00,,1488
2026-04-26,15:36:00,,1488
2026-04-26,15:39:00,,1488
2026-04-26,15:42:00,,1488
2026-04-26,15:45:00,,1488
2026-04-26,15:48:00,,1488
2026-04-26,15:51:00,,1487
2026-04-26,15:54:00,,1488
2026-04-26,15:57:00,,1488
2026-04-26,16:00:00,,1487
2026-04-26,16:03:00,,1487
2026-04-26,16:06:00,,1488
2026-04-26,16:09:00,,1487
2026-04-26,16:12:00,,1487
2026-04-26,16:15:00,,1488
2026-04-26,16:18:00,,1487
2026-04-26,16:21:00,,1487
2026-04-26,16:24:00,,1488
2026-04-26,16:27:00,,1488
2026-04-26,16:30:00,,1488
2026-04-26,16:33:00,,1488
2026-04-26,16:36:00,,1487
2026-04-26,16:39:00,,1487
2026-04-26,16:42:00,,1488
2026-04-26,16:45:00,,1488
2026-04-26,16:48:00,,1487
2026-04-26,16:51:00,,1487
2026-04-26,16:54:00,,1488
2026-04-26,16:57:00,,1487
2026-04-26,17:00:00,,1487
2026-04-26,17:03:00,,1487
2026-04-26,17:06:00,,1487
2026-04-26,17:09:00,,1487
2026-04-26,17:12:00,,1487
2026-04-26,17:15:00,,1487
2026-04-26,17:18:00,,1488
2026-04-26,17:21:00,,1488
2026-04-26,17:24:00,,1487
2026-04-26,17:27:00,,1487
2026-04-26,17:30:00,,1487
2026-04-26,17:33:00,,1488
2026-04-26,17:36:00,,1487
2026-04-26,17:39:00,,1487
2026-04-26,17:42:00,,1487
2026-04-26,17:45:00,,1487
2026-04-26,17:48:00,,1487
2026-04-26,17:51:00,,1487
2026-04-26,17:54:00,,1488
2026-04-26,17:57:00,,1488
2026-04-26,18:00:00,,1487
2026-04-26,18:03:00,,1487
2026-04-26,18:06:00,,1488
2026-04-26,18:09:00,,1488
2026-04-26,18:12:00,,1488
2026-04-26,18:15:00,,1487
2026-04-26,18:18:00,,1488
2026-04-26,18:21:00,,1487
2026-04-26,18:24:00,,1487
2026-04-26,18:27:00,,1487
2026-04-26,18:30:00,,1488
2026-04-26,18:33:00,,1487
2026-04-26,18:36:00,,1488
2026-04-26,18:39:00,,1488
2026-04-26,18:42:00,,1487
2026-04-26,18:45:00,,1488
2026-04-26,18:48:00,,1487
2026-04-26,18:51:00,,1487
2026-04-26,18:54:00,,1487
2026-04-26,18:57:00,,1488
2026-04-26,19:00:00,,1487
2026-04-26,19:03:00,,1487
2026-04-26,19:06:00,,1488
2026-04-26,19:09:00,,1487
2026-04-26,19:12:00,,1487
2026-04-26,19:15:00,,1488
2026-04-26,19:18:00,,1487
2026-04-26,19:21:00,,1487
2026-04-26,19:24:00,,1487
2026-04-26,19:27:00,,1487
2026-04-26,19:30:00,,1486
2026-04-26,19:33:00,,1486
2026-04-26,19:36:00,,1487
2026-04-26,19:39:00,,1487
2026-04-26,19:42:00,,1486
2026-04-26,19:45:00,,1487
2026-04-26,19:48:00,,1486
2026-04-26,19:51:00,,1486
2026-04-26,19:54:00,,1486
2026-04-26,19:57:00,,1487
2026-04-26,20:00:00,,1486
2026-04-26,20:03:00,,1486
2026-04-26,20:06:00,,1487
2026-04-26,20:09:00,,1486
2026-04-26,20:12:00,,1487
2026-04-26,20:15:00,,1486
2026-04-26,20:18:00,,1486
2026-04-26,20:21:00,,1487
2026-04-26,20:24:00,,1487
2026-04-26,20:27:00,,1487
2026-04-26,20:30:00,,1487
2026-04-26,20:33:00,,1487
2026-04-26,20:36:00,,1486
2026-04-26,20:39:00,,1486
2026-04-26,20:42:00,,1487
2026-04-26,20:45:00,,1487
2026-04-26,20:48:00,,1486
2026-04-26,20:51:00,,1486
2026-04-26,20:54:00,,1486
2026-04-26,20:57:00,,1486
2026-04-26,21:00:00,,1487
2026-04-26,21:03:00,,1487
2026-04-26,21:06:00,,1487
2026-04-26,21:09:00,,1487
2026-04-26,21:12:00,,1487
2026-04-26,21:15:00,,1487
2026-04-26,21:18:00,,1487
2026-04-26,21:21:00,,1487
2026-04-26,21:24:00,,1487
2026-04-26,21:27:00,,1487
2026-04-26,21:30:00,,1486
2026-04-26,21:33:00,,1486
2026-04-26,21:36:00,,1486
2026-04-26,21:39:00,,1487
2026-04-26,21:42:00,,1486
2026-04-26,21:45:00,,1487
2026-04-26,21:48:00,,1487
2026-04-26,21:51:00,,1487
2026-04-26,21:54:00,,1488
2026-04-26,21:57:00,,1487
2026-04-26,22:00:00,,1487
2026-04-26,22:03:00,,1487
2026-04-26,22:06:00,,1487
2026-04-26,22:09:00,,1486
2026-04-26,22:12:00,,1487
2026-04-26,22:15:00,,1487
2026-04-26,22:18:00,,1486
2026-04-26,22:21:00,,1486
2026-04-26,22:24:00,,1486
2026-04-26,22:27:00,,1487
2026-04-26,22:30:00,,1487
2026-04-26,22:33:00,,1486
2026-04-26,22:36:00,,1487
2026-04-26,22:39:00,,1487
2026-04-26,22:42:00,,1486
2026-04-26,22:45:00,,1486
2026-04-26,22:48:00,,1486
2026-04-26,22:51:00,,1487
2026-04-26,22:54:00,,1486
2026-04-26,22:57:00,,1487
2026-04-26,23:00:00,,1487
2026-04-26,23:03:00,,1486
2026-04-26,23:06:00,,1486
2026-04-26,23:09:00,,1486
2026-04-26,23:12:00,,1486
2026-04-26,23:15:00,,1487
2026-04-26,23:18:00,,1485
2026-04-26,23:21:00,,1486
2026-04-26,23:24:00,,1485
2026-04-26,23:27:00,,1486
2026-04-26,23:30:00,,1486
2026-04-26,23:33:00,,1486
2026-04-26,23:36:00,,1486
2026-04-26,23:39:00,,1485
2026-04-26,23:42:00,,1486
2026-04-26,23:45:00,,1486
2026-04-26,23:48:00,,1486
2026-04-26,23:51:00,,1486
2026-04-26,23:54:00,,1486
2026-04-26,23:57:00,,1486
2026-04-27,0:00:00,,1486
2026-04-27,0:03:00,,1485
2026-04-27,0:06:00,,1486
2026-04-27,0:09:00,,1486
2026-04-27,0:12:00,,1486
2026-04-27,0:15:00,,1486
2026-04-27,0:18:00,,1486
2026-04-27,0:21:00,,1485
2026-04-27,0:24:00,,1486
2026-04-27,0:27:00,,1486
2026-04-27,0:30:00,,1486
2026-04-27,0:33:00,,1486
2026-04-27,0:36:00,,1486
2026-04-27,0:39:00,,1485
2026-04-27,0:42:00,,1486
2026-04-27,0:45:00,,1485
2026-04-27,0:48:00,,1486
2026-04-27,0:51:00,,1485
2026-04-27,0:54:00,,1485
2026-04-27,0:57:00,,1485
2026-04-27,1:00:00,,1485
2026-04-27,1:03:00,,1485
2026-04-27,1:06:00,,1485
2026-04-27,1:09:00,,1485
2026-04-27,1:12:00,,1485
2026-04-27,1:15:00,,1485
2026-04-27,1:18:00,,1485
2026-04-27,1:21:00,,1485
2026-04-27,1:24:00,,1485
2026-04-27,1:27:00,,1485
2026-04-27,1:30:00,,1485
2026-04-27,1:33:00,,1485
2026-04-27,1:36:00,,1485
2026-04-27,1:39:00,,1485
2026-04-27,1:42:00,,1485
2026-04-27,1:45:00,,1485
2026-04-27,1:48:00,,1485
2026-04-27,1:51:00,,1485
2026-04-27,1:54:00,,1485
2026-04-27,1:57:00,,1485
2026-04-27,2:00:00,,1485
2026-04-27,2:03:00,,1485
2026-04-27,2:06:00,,1485
2026-04-27,2:09:00,,1485
2026-04-27,2:12:00,,1485
2026-04-27,2:15:00,,1485
2026-04-27,2:18:00,,1485
2026-04-27,2:21:00,,1485
2026-04-27,2:24:00,,1485
2026-04-27,2:27:00,,1485
2026-04-27,2:30:00,,1485
2026-04-27,2:33:00,,1485
2026-04-27,2:36:00,,1485
2026-04-27,2:39:00,,1485
2026-04-27,2:42:00,,1485
2026-04-27,2:45:00,,1485
2026-04-27,2:48:00,,1485
2026-04-27,2:51:00,,1485
2026-04-27,2:54:00,,1485
2026-04-27,2:57:00,,1485
2026-04-27,3:00:00,,1485
2026-04-27,3:03:00,,1485
2026-04-27,3:06:00,,1485
2026-04-27,3:09:00,,1485
2026-04-27,3:12:00,,1485
2026-04-27,3:15:00,,1485
2026-04-27,3:18:00,,1485
2026-04-27,3:21:00,,1485
2026-04-27,3:24:00,,1485
2026-04-27,3:27:00,,1485
2026-04-27,3:30:00,,1485
2026-04-27,3:33:00,,1485
2026-04-27,3:36:00,,1485
2026-04-27,3:39:00,,1485
2026-04-27,3:42:00,,1485
2026-04-27,3:45:00,,1485
2026-04-27,3:48:00,,1485
2026-04-27,3:51:00,,1485
2026-04-27,3:54:00,,1485
2026-04-27,3:57:00,,1485
2026-04-27,4:00:00,,1485
2026-04-27,4:03:00,,1485
2026-04-27,4:06:00,,1485
2026-04-27,4:09:00,,1485
2026-04-27,4:12:00,,1485
2026-04-27,4:15:00,,1485
2026-04-27,4:18:00,,1485
2026-04-27,4:21:00,,1485
2026-04-27,4:24:00,,1485
2026-04-27,4:27:00,,1485
2026-04-27,4:30:00,,1485
2026-04-27,4:33:00,,1485
2026-04-27,4:36:00,,1485
2026-04-27,4:39:00,,1485
2026-04-27,4:42:00,,1485
2026-04-27,4:45:00,,1485
2026-04-27,4:48:00,,1485
2026-04-27,4:51:00,,1485
2026-04-27,4:54:00,,1485
2026-04-27,4:57:00,,1485
2026-04-27,5:00:00,,1485
2026-04-27,5:03:00,,1485
2026-04-27,5:06:00,,1485
2026-04-27,5:09:00,,1485
2026-04-27,5:12:00,,1485
2026-04-27,5:15:00,,1485
2026-04-27,5:18:00,,1485
2026-04-27,5:21:00,,1485
2026-04-27,5:24:00,,1485
2026-04-27,5:27:00,,1485
2026-04-27,5:30:00,,1484
2026-04-27,5:33:00,,1484
2026-04-27,5:36:00,,1484
2026-04-27,5:39:00,,1484
2026-04-27,5:42:00,,1484
2026-04-27,5:45:00,,1485
2026-04-27,5:48:00,,1484
2026-04-27,5:51:00,,1484
2026-04-27,5:54:00,,1484
2026-04-27,5:57:00,,1484
2026-04-27,6:00:00,,1485
2026-04-27,6:03:00,,1485
2026-04-27,6:06:00,,1485
2026-04-27,6:09:00,,1485
2026-04-27,6:12:00,,1484
2026-04-27,6:15:00,,1485
2026-04-27,6:18:00,,1484
2026-04-27,6:21:00,,1485
2026-04-27,6:24:00,,1484
2026-04-27,6:27:00,,1484
2026-04-27,6:30:00,,1485
2026-04-27,6:33:00,,1486
2026-04-27,6:36:00,,1486
2026-04-27,6:39:00,,1485
2026-04-27,6:42:00,,1486
2026-04-27,6:45:00,,1485
2026-04-27,6:48:00,,1485
2026-04-27,6:51:00,,1486
2026-04-27,6:54:00,,1485
2026-04-27,6:57:00,,1486
2026-04-27,7:00:00,1475.59,1484
2026-04-27,7:03:00,,1484
2026-04-27,7:06:00,,1485
2026-04-27,7:09:00,,1484
2026-04-27,7:12:00,,1484
2026-04-27,7:15:00,,1483
2026-04-27,7:18:00,,1484
2026-04-27,7:21:00,,1483
2026-04-27,7:24:00,,1483
2026-04-27,7:27:00,,1484
2026-04-27,7:30:00,,1484
2026-04-27,7:33:00,,1485
2026-04-27,7:36:00,,1485
2026-04-27,7:39:00,,1484
2026-04-27,7:42:00,,1484
2026-04-27,7:45:00,,1485
2026-04-27,7:48:00,,1485
2026-04-27,7:51:00,,1484
2026-04-27,7:54:00,,1485
2026-04-27,7:57:00,,1484
2026-04-27,8:00:00,,1485
2026-04-27,8:03:00,,1484
2026-04-27,8:06:00,,1485
2026-04-27,8:09:00,,1484
2026-04-27,8:12:00,,1484
2026-04-27,8:15:00,,1485
2026-04-27,8:18:00,,1484
2026-04-27,8:21:00,,1484
2026-04-27,8:24:00,,1485
2026-04-27,8:27:00,,1484
2026-04-27,8:30:00,,1484
2026-04-27,8:33:00,,1484
2026-04-27,8:36:00,,1485
2026-04-27,8:39:00,,1484
2026-04-27,8:42:00,,1485
2026-04-27,8:45:00,,1484
2026-04-27,8:48:00,,1484
2026-04-27,8:51:00,,1485
2026-04-27,8:54:00,,1485
2026-04-27,8:57:00,,1485
2026-04-27,9:00:00,1476.13,1484
2026-04-27,9:03:00,1476.18,1485
2026-04-27,9:06:00,1476.41,1484
2026-04-27,9:09:00,1476.78,1485
2026-04-27,9:12:00,1476.35,1485
2026-04-27,9:15:00,1476.68,1485
2026-04-27,9:18:00,1476.78,1484
2026-04-27,9:21:00,1476.39,1484
2026-04-27,9:24:00,1477.18,1485
2026-04-27,9:27:00,1476.98,1485
2026-04-27,9:30:00,1477.29,1486
2026-04-27,9:33:00,1477.88,1485
2026-04-27,9:36:00,1477.18,1485
2026-04-27,9:39:00,1476.64,1484
2026-04-27,9:42:00,1476.4,1484
2026-04-27,9:45:00,1476.08,1484
2026-04-27,9:48:00,1476.58,1484
2026-04-27,9:51:00,1476.58,1483
2026-04-27,9:54:00,1476.68,1483
2026-04-27,9:57:00,1476.87,1483
2026-04-27,10:00:00,1474.58,1483
2026-04-27,10:03:00,1475.18,1483
2026-04-27,10:06:00,1476.08,1482
2026-04-27,10:09:00,1475.51,1482
2026-04-27,10:12:00,1475.78,1482
2026-04-27,10:15:00,1474.98,1483
2026-04-27,10:18:00,1474.8,1483
2026-04-27,10:21:00,1475.14,1483
2026-04-27,10:24:00,1473.58,1482
2026-04-27,10:27:00,1474.18,1483
2026-04-27,10:30:00,1474.57,1483
2026-04-27,10:33:00,1473.68,1482
2026-04-27,10:36:00,1474.58,1483
2026-04-27,10:39:00,1474.28,1482
2026-04-27,10:42:00,1474.28,1482
2026-04-27,10:45:00,1474.2,1482
2026-04-27,10:48:00,1473.98,1482
2026-04-27,10:51:00,1474.02,1482
2026-04-27,10:54:00,1474.28,1483
2026-04-27,10:57:00,1473.78,1482
2026-04-27,11:00:00,1473,1482
2026-04-27,11:03:00,1474.18,1482
2026-04-27,11:06:00,1473.53,1482
2026-04-27,11:09:00,1473.97,1482
2026-04-27,11:12:00,1473.48,1482
2026-04-27,11:15:00,1473.08,1482
2026-04-27,11:18:00,1473.38,1482
2026-04-27,11:21:00,1472.75,1482
2026-04-27,11:24:00,1472.58,1482
2026-04-27,11:27:00,1472.18,1482
2026-04-27,11:30:00,1471.08,1483
2026-04-27,11:33:00,1471.18,1482
2026-04-27,11:36:00,1469.68,1482
2026-04-27,11:39:00,1470.63,1482
2026-04-27,11:42:00,1471.08,1482
2026-04-27,11:45:00,1470.24,1481
2026-04-27,11:48:00,1469.72,1481
2026-04-27,11:51:00,1469.88,1480
2026-04-27,11:54:00,1470.38,1480
2026-04-27,11:57:00,1469.98,1481
2026-04-27,12:00:00,1470.18,1480
2026-04-27,12:03:00,1469.78,1480
2026-04-27,12:06:00,1469.78,1481
2026-04-27,12:09:00,1469.78,1481
2026-04-27,12:12:00,1470.28,1479
2026-04-27,12:15:00,1471.03,1479
2026-04-27,12:18:00,1470.38,1479
2026-04-27,12:21:00,1470.15,1479
2026-04-27,12:24:00,1470.68,1480
2026-04-27,12:27:00,1470.04,1479
2026-04-27,12:30:00,1470.6,1479
2026-04-27,12:33:00,1469.94,1480
2026-04-27,12:36:00,1470.4,1480
2026-04-27,12:39:00,1470.08,1479
2026-04-27,12:42:00,1469.48,1479
2026-04-27,12:45:00,1469.63,1480
2026-04-27,12:48:00,1470.51,1479
2026-04-27,12:51:00,1470.18,1480
2026-04-27,12:54:00,1469.98,1480
2026-04-27,12:57:00,1470.18,1480
2026-04-27,13:00:00,1470.38,1479
2026-04-27,13:03:00,1470.58,1479
2026-04-27,13:06:00,1470.48,1479
2026-04-27,13:09:00,1470.58,1479
2026-04-27,13:12:00,1470.51,1480
2026-04-27,13:15:00,1470.38,1479
2026-04-27,13:18:00,1470.34,1479
2026-04-27,13:21:00,1470.73,1480
2026-04-27,13:24:00,1470.96,1480
2026-04-27,13:27:00,1471.18,1479
2026-04-27,13:30:00,1471.01,1480
2026-04-27,13:33:00,1470.93,1480
2026-04-27,13:36:00,1470.38,1480
2026-04-27,13:39:00,1470.58,1480
2026-04-27,13:42:00,1470.84,1479
2026-04-27,13:45:00,1470.17,1480
2026-04-27,13:48:00,1470.88,1479
2026-04-27,13:51:00,1470.78,1480
2026-04-27,13:54:00,1470.88,1480
2026-04-27,13:57:00,1470.88,1480
2026-04-27,14:00:00,1470.98,1479
2026-04-27,14:03:00,1470.7,1479
2026-04-27,14:06:00,1470.75,1480
2026-04-27,14:09:00,1470.24,1480
2026-04-27,14:12:00,1470.76,1480
2026-04-27,14:15:00,1470.78,1483
2026-04-27,14:18:00,1470.88,1484
2026-04-27,14:21:00,1471.1,1484
2026-04-27,14:24:00,1470.88,1484
2026-04-27,14:27:00,1470.71,1483
2026-04-27,14:30:00,1471.39,1484
2026-04-27,14:33:00,1471.78,1484
2026-04-27,14:36:00,1472.18,1485
2026-04-27,14:39:00,1471.58,1485
2026-04-27,14:42:00,1471.88,1486
2026-04-27,14:45:00,1471.48,1485
2026-04-27,14:48:00,1471.58,1486
2026-04-27,14:51:00,1470.79,1486
2026-04-27,14:54:00,1471.44,1485
2026-04-27,14:57:00,1471.78,1486
2026-04-27,15:00:00,1472.08,1486
2026-04-27,15:03:00,1472.28,1486
2026-04-27,15:06:00,1472.38,1486
2026-04-27,15:09:00,1471.68,1486
2026-04-27,15:12:00,1471.37,1485
2026-04-27,15:15:00,1472.34,1485
2026-04-27,15:18:00,1472.47,1484
2026-04-27,15:21:00,1472,1485
2026-04-27,15:24:00,1471.98,1484
2026-04-27,15:27:00,1472.28,1486
2026-04-27,15:30:00,1472.08,1487
2026-04-27,15:33:00,1471.28,1486
2026-04-27,15:36:00,1471.11,1487
2026-04-27,15:39:00,1471.58,1488
2026-04-27,15:42:00,1471.38,1488
2026-04-27,15:45:00,1472.08,1487
2026-04-27,15:48:00,1471.83,1487
2026-04-27,15:51:00,1471.86,1487
2026-04-27,15:54:00,1470.77,1486
2026-04-27,15:57:00,1471.08,1487
2026-04-27,16:00:00,1471.14,1486
2026-04-27,16:03:00,1470.68,1487
2026-04-27,16:06:00,1471.37,1488
2026-04-27,16:09:00,1471.18,1487
2026-04-27,16:12:00,1471.18,1488
2026-04-27,16:15:00,1471.71,1487
2026-04-27,16:18:00,1472.02,1487
2026-04-27,16:21:00,1472.08,1487
2026-04-27,16:24:00,1471.72,1488
2026-04-27,16:27:00,1472,1487
2026-04-27,16:30:00,1470.28,1487
2026-04-27,16:33:00,1471.3,1487
2026-04-27,16:36:00,1471.18,1486
2026-04-27,16:39:00,1470.64,1486
2026-04-27,16:42:00,1471.5,1486
2026-04-27,16:45:00,1471.46,1486
2026-04-27,16:48:00,1470.71,1486
2026-04-27,16:51:00,1471.27,1486
2026-04-27,16:54:00,1470.61,1486
2026-04-27,16:57:00,1470.28,1486
2026-04-27,17:00:00,1470.49,1487
2026-04-27,17:03:00,1470.38,1486
2026-04-27,17:06:00,1469.51,1487
2026-04-27,17:09:00,1470.03,1485
2026-04-27,17:12:00,1470.3,1486
2026-04-27,17:15:00,1470.31,1485
2026-04-27,17:18:00,1470.38,1485
2026-04-27,17:21:00,1470.08,1486
2026-04-27,17:24:00,1470.08,1487
2026-04-27,17:27:00,1470.3,1487
2026-04-27,17:30:00,1470.42,1486
2026-04-27,17:33:00,1470.58,1487
2026-04-27,17:36:00,1470.39,1486
2026-04-27,17:39:00,1470.51,1486
2026-04-27,17:42:00,1469.68,1487
2026-04-27,17:45:00,1470.13,1487
2026-04-27,17:48:00,1469.98,1486
2026-04-27,17:51:00,1469.69,1485
2026-04-27,17:54:00,1470,1485
2026-04-27,17:57:00,1470.03,1486
2026-04-27,18:00:00,1469.58,1485
2026-04-27,18:03:00,1469.71,1485
2026-04-27,18:06:00,1469.48,1485
2026-04-27,18:09:00,1468.99,1485
2026-04-27,18:12:00,1469.07,1485
2026-04-27,18:15:00,1469.73,1485
2026-04-27,18:18:00,1470.68,1485
2026-04-27,18:21:00,1470.09,1485
2026-04-27,18:24:00,1470.01,1485
2026-04-27,18:27:00,1469.94,1486
2026-04-27,18:30:00,1470.04,1485
2026-04-27,18:33:00,1471.18,1485
2026-04-27,18:36:00,1471.78,1485
2026-04-27,18:39:00,1471.32,1485
2026-04-27,18:42:00,1471.73,1485
2026-04-27,18:45:00,1471.38,1485
2026-04-27,18:48:00,1471.08,1485
2026-04-27,18:51:00,1470.27,1484
2026-04-27,18:54:00,1470.38,1484
2026-04-27,18:57:00,1470.88,1485
2026-04-27,19:00:00,1470.46,1485
2026-04-27,19:03:00,1470.74,1485
2026-04-27,19:06:00,1470.55,1485
2026-04-27,19:09:00,1470.71,1486
2026-04-27,19:12:00,1470.7,1485
2026-04-27,19:15:00,1471,1485
2026-04-27,19:18:00,1470.26,1485
2026-04-27,19:21:00,1469.58,1486
2026-04-27,19:24:00,1470.07,1486
2026-04-27,19:27:00,1469.85,1486
2026-04-27,19:30:00,1470.08,1486
2026-04-27,19:33:00,1470.08,1486
2026-04-27,19:36:00,1469.89,1485
2026-04-27,19:39:00,1469.68,1485
2026-04-27,19:42:00,1469.72,1486
2026-04-27,19:45:00,1469.87,1485
2026-04-27,19:48:00,1469.78,1484
2026-04-27,19:51:00,1469.37,1485
2026-04-27,19:54:00,1469.88,1485
2026-04-27,19:57:00,1469.86,1486
2026-04-27,20:00:00,1469.05,1486
2026-04-27,20:03:00,1469.6,1486
2026-04-27,20:06:00,1469.65,1486
2026-04-27,20:09:00,1469.94,1486
2026-04-27,20:12:00,1470.31,1486
2026-04-27,20:15:00,1470.38,1486
2026-04-27,20:18:00,1470.48,1486
2026-04-27,20:21:00,1469.75,1486
2026-04-27,20:24:00,1469.68,1487
2026-04-27,20:27:00,1470.06,1487
2026-04-27,20:30:00,1469.94,1487
2026-04-27,20:33:00,1470.28,1487
2026-04-27,20:36:00,1470.51,1486
2026-04-27,20:39:00,1471.38,1486
2026-04-27,20:42:00,1470.79,1486
2026-04-27,20:45:00,1471.48,1486
2026-04-27,20:48:00,1471.38,1487
2026-04-27,20:51:00,1471.66,1487
2026-04-27,20:54:00,1471.64,1486
2026-04-27,20:57:00,1471.58,1487
2026-04-27,21:00:00,1470.68,1486
2026-04-27,21:03:00,1470.88,1486
2026-04-27,21:06:00,1471.11,1487
2026-04-27,21:09:00,1470.18,1487
2026-04-27,21:12:00,1471,1486
2026-04-27,21:15:00,1469.65,1486
2026-04-27,21:18:00,1469.81,1487
2026-04-27,21:21:00,1471.25,1486
2026-04-27,21:24:00,1471.06,1487
2026-04-27,21:27:00,1471.18,1487
2026-04-27,21:30:00,1471,1486
2026-04-27,21:33:00,1471.07,1486
2026-04-27,21:36:00,1471.4,1487
2026-04-27,21:39:00,1471.08,1487
2026-04-27,21:42:00,1471,1486
2026-04-27,21:45:00,1471.46,1487
2026-04-27,21:48:00,1471.22,1486
2026-04-27,21:51:00,1471.1,1486
2026-04-27,21:54:00,1470.82,1487
2026-04-27,21:57:00,1471.52,1487
2026-04-27,22:00:00,1471.77,1486
2026-04-27,22:03:00,1471.14,1487
2026-04-27,22:06:00,1470.93,1487
2026-04-27,22:09:00,1470.81,1486
2026-04-27,22:12:00,1471.12,1487
2026-04-27,22:15:00,1470.78,1486
2026-04-27,22:18:00,1471.03,1486
2026-04-27,22:21:00,1471.08,1487
2026-04-27,22:24:00,1471.43,1487
2026-04-27,22:27:00,1471.48,1487
2026-04-27,22:30:00,1471.45,1487
2026-04-27,22:33:00,1471.25,1487
2026-04-27,22:36:00,1471.38,1485
2026-04-27,22:39:00,1471.73,1486
2026-04-27,22:42:00,1471.78,1487
2026-04-27,22:45:00,1472.78,1488
2026-04-27,22:48:00,1472.6,1488
2026-04-27,22:51:00,1472.62,1488
2026-04-27,22:54:00,1472.58,1488
2026-04-27,22:57:00,1471.78,1488
2026-04-27,23:00:00,1471.88,1487
2026-04-27,23:03:00,1471.83,1487
2026-04-27,23:06:00,1471.12,1487
2026-04-27,23:09:00,1470.98,1486
2026-04-27,23:12:00,1471.9,1486
2026-04-27,23:15:00,1471.24,1487
2026-04-27,23:18:00,1471.2,1488
2026-04-27,23:21:00,1471.46,1487
2026-04-27,23:24:00,1471.98,1488
2026-04-27,23:27:00,1471.82,1487
2026-04-27,23:30:00,1472.32,1487
2026-04-27,23:33:00,1471.75,1487
2026-04-27,23:36:00,1471.08,1486
2026-04-27,23:39:00,1471,1487
2026-04-27,23:42:00,1470.48,1487
2026-04-27,23:45:00,1471.57,1486
2026-04-27,23:48:00,1470.91,1486
2026-04-27,23:51:00,1471.48,1487
2026-04-27,23:54:00,1472.95,1486
2026-04-27,23:57:00,1472.21,1487
2026-04-28,0:00:00,1472.17,1486
2026-04-28,0:03:00,1472.35,1488
2026-04-28,0:06:00,1472.11,1488
2026-04-28,0:09:00,1472.57,1489
2026-04-28,0:12:00,1472.59,1489
2026-04-28,0:15:00,1472.28,1490
2026-04-28,0:18:00,1472.51,1491
2026-04-28,0:21:00,1472.47,1493
2026-04-28,0:24:00,1472.66,1493
2026-04-28,0:27:00,1472.58,1491
2026-04-28,0:30:00,1473.03,1492
2026-04-28,0:33:00,1472.85,1490
2026-04-28,0:36:00,1472.91,1491
2026-04-28,0:39:00,1472.84,1491
2026-04-28,0:42:00,1472.78,1491
2026-04-28,0:45:00,1472.95,1492
2026-04-28,0:48:00,1473.09,1492
2026-04-28,0:51:00,1472.85,1492
2026-04-28,0:54:00,1473.07,1492
2026-04-28,0:57:00,1473.19,1491
2026-04-28,1:00:00,1473.15,1492
2026-04-28,1:03:00,1473.31,1491
2026-04-28,1:06:00,1472.92,1490
2026-04-28,1:09:00,1472.48,1491
2026-04-28,1:12:00,1472.91,1491
2026-04-28,1:15:00,1472.86,1489
2026-04-28,1:18:00,1472.28,1490
2026-04-28,1:21:00,1473.22,1490
2026-04-28,1:24:00,1472.66,1490
2026-04-28,1:27:00,1473.26,1490
2026-04-28,1:30:00,1473.05,1489
2026-04-28,1:33:00,1472.99,1490
2026-04-28,1:36:00,1472.78,1490
2026-04-28,1:39:00,1473.2,1491
2026-04-28,1:42:00,1473.35,1489
2026-04-28,1:45:00,1472.98,1489
2026-04-28,1:48:00,1473.36,1489
2026-04-28,1:51:00,1473.36,1490
2026-04-28,1:54:00,1473.58,1490
2026-04-28,1:57:00,1473.57,1490
2026-04-28,2:00:00,1473.94,1490
2026-04-28,2:03:00,1473.62,1489
2026-04-28,2:06:00,1473.59,1489
2026-04-28,2:09:00,1473.58,1489
2026-04-28,2:12:00,1473.53,1489
2026-04-28,2:15:00,1473.66,1488
2026-04-28,2:18:00,1473.67,1489
2026-04-28,2:21:00,1473.61,1489
2026-04-28,2:24:00,1473.58,1489
2026-04-28,2:27:00,1473.64,1489
2026-04-28,2:30:00,1473.55,1489
2026-04-28,2:33:00,1473.53,1489
2026-04-28,2:36:00,1473.23,1489
2026-04-28,2:39:00,1473.56,1489
2026-04-28,2:42:00,1474.01,1490
2026-04-28,2:45:00,1473.84,1490
2026-04-28,2:48:00,1473.56,1491
2026-04-28,2:51:00,1473.96,1490
2026-04-28,2:54:00,1473.55,1491
2026-04-28,2:57:00,1473.58,1491
2026-04-28,3:00:00,1473.59,1491
2026-04-28,3:03:00,1473.61,1491
2026-04-28,3:06:00,1474.05,1491
2026-04-28,3:09:00,1473.5,1491
2026-04-28,3:12:00,1473.86,1492
2026-04-28,3:15:00,1473.51,1491
2026-04-28,3:18:00,1473.94,1491
2026-04-28,3:21:00,1473.51,1491
2026-04-28,3:24:00,1473.66,1492
2026-04-28,3:27:00,1474.05,1492
2026-04-28,3:30:00,1473.63,1492
2026-04-28,3:33:00,1473.7,1492
2026-04-28,3:36:00,1473.61,1492
2026-04-28,3:39:00,1474.37,1491
2026-04-28,3:42:00,1474.23,1491
2026-04-28,3:45:00,1473.7,1492
2026-04-28,3:48:00,1473.7,1491
2026-04-28,3:51:00,1473.71,1491
2026-04-28,3:54:00,1473.69,1491
2026-04-28,3:57:00,1474.75,1492
2026-04-28,4:00:00,1474.25,1492
2026-04-28,4:03:00,1473.72,1492
2026-04-28,4:06:00,1474.36,1492
2026-04-28,4:09:00,1474.59,1492
2026-04-28,4:12:00,1473.65,1491
2026-04-28,4:15:00,1473.61,1492
2026-04-28,4:18:00,1474.53,1491
2026-04-28,4:21:00,1473.63,1492
2026-04-28,4:24:00,1473.63,1492
2026-04-28,4:27:00,1474.2,1493
2026-04-28,4:30:00,1473.52,1493
2026-04-28,4:33:00,1474.07,1492
2026-04-28,4:36:00,1474.43,1491
2026-04-28,4:39:00,1473.65,1492
2026-04-28,4:42:00,1474.44,1492
2026-04-28,4:45:00,1474.12,1492
2026-04-28,4:48:00,1473.55,1492
2026-04-28,4:51:00,1473.6,1492
2026-04-28,4:54:00,1473.65,1491
2026-04-28,4:57:00,1474.52,1492
2026-04-28,5:00:00,1474.04,1492
2026-04-28,5:03:00,1473.64,1491
2026-04-28,5:06:00,1474.26,1491
2026-04-28,5:09:00,1474.15,1491
2026-04-28,5:12:00,1473.67,1491
2026-04-28,5:15:00,1473.59,1491
2026-04-28,5:18:00,1474.14,1491
2026-04-28,5:21:00,1474.16,1490
2026-04-28,5:24:00,1473.67,1491
2026-04-28,5:27:00,1473.98,1491
2026-04-28,5:30:00,1473.72,1490
2026-04-28,5:33:00,1474.52,1491
2026-04-28,5:36:00,1474.18,1491
2026-04-28,5:39:00,1473.61,1491
2026-04-28,5:42:00,1473.54,1490
2026-04-28,5:45:00,1473.58,1491
2026-04-28,5:48:00,1473.58,1491
2026-04-28,5:51:00,1473.59,1491
2026-04-28,5:54:00,1473.6,1491
2026-04-28,5:57:00,1473.6,1491
2026-04-28,6:00:00,1473.92,1491
2026-04-28,6:03:00,1474.29,1491
2026-04-28,6:06:00,1474.3,1491
2026-04-28,6:09:00,1473.98,1491
2026-04-28,6:12:00,1473.98,1491
2026-04-28,6:15:00,,1491
2026-04-28,6:18:00,,1492
2026-04-28,6:21:00,,1491
2026-04-28,6:24:00,,1491
2026-04-28,6:27:00,,1491
2026-04-28,6:30:00,,1490
2026-04-28,6:33:00,,1491
2026-04-28,6:36:00,,1491
2026-04-28,6:39:00,,1491
2026-04-28,6:42:00,,1492
2026-04-28,6:45:00,,1492
2026-04-28,6:48:00,,1491
2026-04-28,6:51:00,,1492
2026-04-28,6:54:00,,1492
2026-04-28,6:57:00,1473.98,1492
2026-04-28,7:00:00,1473.98,1492
2026-04-28,7:03:00,1473.98,1492
2026-04-28,7:06:00,,1492
2026-04-28,7:09:00,1473.86,1492
2026-04-28,7:12:00,1473.95,1492
2026-04-28,7:15:00,,1492
2026-04-28,7:18:00,1473.94,1492
2026-04-28,7:21:00,,1492
2026-04-28,7:24:00,,1492
2026-04-28,7:27:00,1473.89,1492
2026-04-28,7:30:00,,1492
2026-04-28,7:33:00,,1492
2026-04-28,7:36:00,,1492
2026-04-28,7:39:00,,1492
2026-04-28,7:42:00,,1492
2026-04-28,7:45:00,,1492
2026-04-28,7:48:00,,1492
2026-04-28,7:51:00,,1492
2026-04-28,7:54:00,,1492
2026-04-28,7:57:00,,1492
2026-04-28,8:00:00,,1492
2026-04-28,8:03:00,,1492
2026-04-28,8:06:00,,1492
2026-04-28,8:09:00,,1492
2026-04-28,8:12:00,,1492
2026-04-28,8:15:00,,1492
2026-04-28,8:18:00,,1492
2026-04-28,8:21:00,,1492
2026-04-28,8:24:00,,1492
2026-04-28,8:27:00,,1492
2026-04-28,8:30:00,,1492
2026-04-28,8:33:00,,1492
2026-04-28,8:36:00,,1492
2026-04-28,8:39:00,1473.89,1492
2026-04-28,8:42:00,,1492
2026-04-28,8:45:00,,1492
2026-04-28,8:48:00,,1492
2026-04-28,8:51:00,1473.89,1492
2026-04-28,8:54:00,,1492
2026-04-28,8:57:00,,1492
2026-04-28,9:00:00,1474.18,1492
2026-04-28,9:03:00,1474.58,1492
2026-04-28,9:06:00,1473.96,1492
2026-04-28,9:09:00,1473.68,1492
2026-04-28,9:12:00,1474.08,1492
2026-04-28,9:15:00,1473.58,1492
2026-04-28,9:18:00,1473.08,1492
2026-04-28,9:21:00,1472.28,1492
2026-04-28,9:24:00,1472.8,1492
2026-04-28,9:27:00,1472.78,1492
2026-04-28,9:30:00,1473.48,1492
2026-04-28,9:33:00,1473.47,1492
2026-04-28,9:36:00,1473.28,1492
2026-04-28,9:39:00,1473.28,1492
2026-04-28,9:42:00,1473.38,1492
2026-04-28,9:45:00,1473.03,1492
2026-04-28,9:48:00,1473.18,1492
2026-04-28,9:51:00,1473.26,1492
2026-04-28,9:54:00,1473.06,1492
2026-04-28,9:57:00,1472.98,1492
2026-04-28,10:00:00,1473.28,1492
2026-04-28,10:03:00,1473.18,1492
2026-04-28,10:06:00,1473.53,1492
2026-04-28,10:09:00,1473.38,1492
2026-04-28,10:12:00,1473.78,1492
2026-04-28,10:15:00,1473.78,1492
2026-04-28,10:18:00,1474.08,1492
2026-04-28,10:21:00,1474.08,1492
2026-04-28,10:24:00,1473.38,1492
2026-04-28,10:27:00,1472.84,1492
2026-04-28,10:30:00,1473.27,1492
2026-04-28,10:33:00,1473.58,1492
2026-04-28,10:36:00,1473.28,1492
2026-04-28,10:39:00,1472.25,1492
2026-04-28,10:42:00,1472.68,1492
2026-04-28,10:45:00,1472.52,1492
2026-04-28,10:48:00,1473.3,1492
2026-04-28,10:51:00,1474.08,1492
2026-04-28,10:54:00,1473.78,1492
2026-04-28,10:57:00,1474.28,1492
2026-04-28,11:00:00,1474.04,1492
2026-04-28,11:03:00,1473.98,1492
2026-04-28,11:06:00,1473.78,1492
2026-04-28,11:09:00,1473.79,1492
2026-04-28,11:12:00,1474.34,1492
2026-04-28,11:15:00,1474.08,1492
2026-04-28,11:18:00,1474.15,1492
2026-04-28,11:21:00,1474.18,1492
2026-04-28,11:24:00,1473.92,1492
2026-04-28,11:27:00,1474.38,1492
2026-04-28,11:30:00,1474.58,1492
2026-04-28,11:33:00,1474.37,1492
2026-04-28,11:36:00,1474.31,1492
2026-04-28,11:39:00,1474.34,1492
2026-04-28,11:42:00,1474.67,1492
2026-04-28,11:45:00,1474.04,1492
2026-04-28,11:48:00,1474.3,1492
2026-04-28,11:51:00,1474.02,1492
2026-04-28,11:54:00,1474.46,1492
2026-04-28,11:57:00,1473.88,1492
2026-04-28,12:00:00,1473.97,1492
2026-04-28,12:03:00,1472.77,1492
2026-04-28,12:06:00,1472.95,1492
2026-04-28,12:09:00,1473.39,1492
2026-04-28,12:12:00,1473.62,1492
2026-04-28,12:15:00,1473.69,1492
2026-04-28,12:18:00,1472.63,1492
2026-04-28,12:21:00,1473.07,1492
2026-04-28,12:24:00,1473.18,1492
2026-04-28,12:27:00,1472.78,1492
2026-04-28,12:30:00,1472.68,1492
2026-04-28,12:33:00,1472.6,1492
2026-04-28,12:36:00,1472.27,1492
2026-04-28,12:39:00,1472.48,1492
2026-04-28,12:42:00,1472.79,1492
2026-04-28,12:45:00,1472.69,1492
2026-04-28,12:48:00,1472.98,1492
2026-04-28,12:51:00,1472.88,1492
2026-04-28,12:54:00,1472.78,1492
2026-04-28,12:57:00,1472.66,1492
2026-04-28,13:00:00,1472.52,1492
2026-04-28,13:03:00,1472.6,1492
2026-04-28,13:06:00,1472.31,1492
2026-04-28,13:09:00,1472.38,1492
2026-04-28,13:12:00,1471.98,1492
2026-04-28,13:15:00,1472.48,1492
2026-04-28,13:18:00,1472.18,1492
2026-04-28,13:21:00,1472.04,1492
2026-04-28,13:24:00,1472.08,1492
2026-04-28,13:27:00,1472.08,1492
2026-04-28,13:30:00,1472.08,1492
2026-04-28,13:33:00,1472.15,1492
2026-04-28,13:36:00,1472.3,1492
2026-04-28,13:39:00,1472.29,1492
2026-04-28,13:42:00,1471.88,1492
2026-04-28,13:45:00,1472.08,1492
2026-04-28,13:48:00,1471.98,1492
2026-04-28,13:51:00,1472.18,1492
2026-04-28,13:54:00,1472.81,1492
2026-04-28,13:57:00,1472.48,1492
2026-04-28,14:00:00,1472.22,1492
2026-04-28,14:03:00,1472.78,1492
2026-04-28,14:06:00,1472.78,1492
2026-04-28,14:09:00,1472.39,1492
2026-04-28,14:12:00,1472.26,1492
2026-04-28,14:15:00,1472.48,1492
2026-04-28,14:18:00,1472.88,1492
2026-04-28,14:21:00,1471.88,1492
2026-04-28,14:24:00,1472.14,1492
2026-04-28,14:27:00,1472.19,1492
2026-04-28,14:30:00,1471.99,1492
2026-04-28,14:33:00,1472.06,1492
2026-04-28,14:36:00,1472.88,1492
2026-04-28,14:39:00,1472.58,1492
2026-04-28,14:42:00,1472.68,1492
2026-04-28,14:45:00,1472.98,1492
2026-04-28,14:48:00,1473.08,1492
2026-04-28,14:51:00,1472.55,1492
2026-04-28,14:54:00,1472.55,1492
2026-04-28,14:57:00,1472.93,1492
2026-04-28,15:00:00,1472.86,1492
2026-04-28,15:03:00,1472.58,1492
2026-04-28,15:06:00,1472.43,1492
2026-04-28,15:09:00,1472.98,1492
2026-04-28,15:12:00,1473.28,1492
2026-04-28,15:15:00,1473.38,1492
2026-04-28,15:18:00,1473.38,1492
2026-04-28,15:21:00,1473.9,1492
2026-04-28,15:24:00,1473.6,1492
2026-04-28,15:27:00,1472.78,1492
2026-04-28,15:30:00,1473.18,1492
2026-04-28,15:33:00,1473.18,1492
2026-04-28,15:36:00,1473.78,1492
2026-04-28,15:39:00,1473.38,1492
2026-04-28,15:42:00,1473.88,1492
2026-04-28,15:45:00,1473.68,1492
2026-04-28,15:48:00,1473.88,1492
2026-04-28,15:51:00,1474.08,1492
2026-04-28,15:54:00,1474.89,1492
2026-04-28,15:57:00,1475.08,1492
2026-04-28,16:00:00,1474.61,1492
2026-04-28,16:03:00,1474.34,1492
2026-04-28,16:06:00,1474.08,1492
2026-04-28,16:09:00,1473.58,1492
2026-04-28,16:12:00,1474.35,1492
2026-04-28,16:15:00,1473.75,1492
2026-04-28,16:18:00,1473.91,1492
2026-04-28,16:21:00,1473.68,1492
2026-04-28,16:24:00,1474.09,1492
2026-04-28,16:27:00,1474.18,1492
2026-04-28,16:30:00,1473.68,1492
2026-04-28,16:33:00,1474.08,1492
2026-04-28,16:36:00,1474.17,1492
2026-04-28,16:39:00,1474.08,1492
2026-04-28,16:42:00,1473.82,1492
2026-04-28,16:45:00,1473.74,1492
2026-04-28,16:48:00,1473.63,1492
2026-04-28,16:51:00,1473.68,1492
2026-04-28,16:54:00,1473.6,1492
2026-04-28,16:57:00,1473.28,1492
2026-04-28,17:00:00,1473.98,1492
2026-04-28,17:03:00,1474.18,1492
2026-04-28,17:06:00,1473.48,1492
2026-04-28,17:09:00,1473.88,1492
2026-04-28,17:12:00,1474.26,1492
2026-04-28,17:15:00,1473.18,1492
2026-04-28,17:18:00,1473.33,1492
2026-04-28,17:21:00,1473.15,1492
2026-04-28,17:24:00,1473.32,1492
2026-04-28,17:27:00,1473.18,1492
2026-04-28,17:30:00,1472.98,1492
2026-04-28,17:33:00,1473.35,1492
2026-04-28,17:36:00,1473.26,1492
2026-04-28,17:39:00,1473.18,1492
2026-04-28,17:42:00,1473.08,1492
2026-04-28,17:45:00,1472.52,1492
2026-04-28,17:48:00,1473.25,1492
2026-04-28,17:51:00,1472.79,1492
2026-04-28,17:54:00,1472.08,1492
2026-04-28,17:57:00,1472.93,1492
2026-04-28,18:00:00,1472.9,1492
2026-04-28,18:03:00,1473.01,1492
2026-04-28,18:06:00,1473.1,1492
2026-04-28,18:09:00,1473.25,1492
2026-04-28,18:12:00,1472.68,1492
2026-04-28,18:15:00,1473.18,1492
2026-04-28,18:18:00,1473.68,1492
2026-04-28,18:21:00,1473.86,1492
2026-04-28,18:24:00,1473.88,1492
2026-04-28,18:27:00,1473.37,1492
2026-04-28,18:30:00,1473.89,1492
2026-04-28,18:33:00,1474.22,1492
2026-04-28,18:36:00,1474.24,1492
2026-04-28,18:39:00,1475.02,1492
2026-04-28,18:42:00,1474.31,1492
2026-04-28,18:45:00,1474.68,1492
2026-04-28,18:48:00,1474.31,1492
2026-04-28,18:51:00,1474.58,1492
2026-04-28,18:54:00,1474.57,1492
2026-04-28,18:57:00,1474.02,1492
2026-04-28,19:00:00,1473.78,1492
2026-04-28,19:03:00,1474.68,1492
2026-04-28,19:06:00,1474.47,1492
2026-04-28,19:09:00,1474.68,1492
2026-04-28,19:12:00,1474.55,1492
2026-04-28,19:15:00,1475.08,1492
2026-04-28,19:18:00,1474.43,1492
2026-04-28,19:21:00,1474.88,1492
2026-04-28,19:24:00,1474.88,1492
2026-04-28,19:27:00,1474.51,1492
2026-04-28,19:30:00,1474.83,1492
2026-04-28,19:33:00,1474.27,1492
2026-04-28,19:36:00,1474.3,1492
2026-04-28,19:39:00,1474.53,1492
2026-04-28,19:42:00,1474.56,1492
2026-04-28,19:45:00,1474.89,1492
2026-04-28,19:48:00,1474.66,1492
2026-04-28,19:51:00,1474.74,1492
2026-04-28,19:54:00,1475,1492
2026-04-28,19:57:00,1474.28,1492
2026-04-28,20:00:00,1474.43,1492
2026-04-28,20:03:00,1474.48,1492
2026-04-28,20:06:00,1473.9,1492
2026-04-28,20:09:00,1474.48,1492
2026-04-28,20:12:00,1474.6,1492
2026-04-28,20:15:00,1474.93,1492
2026-04-28,20:18:00,1474.9,1492
2026-04-28,20:21:00,1474.78,1492
2026-04-28,20:24:00,1474.81,1492
2026-04-28,20:27:00,1475.36,1492
2026-04-28,20:30:00,1475.2,1492
2026-04-28,20:33:00,1476.09,1492
2026-04-28,20:36:00,1474.98,1492
2026-04-28,20:39:00,1475.98,1492
2026-04-28,20:42:00,1477.07,1492
2026-04-28,20:45:00,1477.31,1492
2026-04-28,20:48:00,1475.08,1492
2026-04-28,20:51:00,1477.86,1492
2026-04-28,20:54:00,1478.29,1492
2026-04-28,20:57:00,1478.21,1492
2026-04-28,21:00:00,1477.74,1492
2026-04-28,21:03:00,1476.9,1492
2026-04-28,21:06:00,1477.15,1492
2026-04-28,21:09:00,1477.95,1492
2026-04-28,21:12:00,1477.35,1492
2026-04-28,21:15:00,1477.25,1492
2026-04-28,21:18:00,1476.04,1492
2026-04-28,21:21:00,1477.15,1492
2026-04-28,21:24:00,1476.63,1492
2026-04-28,21:27:00,1476.45,1492
2026-04-28,21:30:00,1473.78,1492
2026-04-28,21:33:00,1475.78,1492
2026-04-28,21:36:00,1473.68,1492
2026-04-28,21:39:00,1476.01,1492
2026-04-28,21:42:00,1473.58,1492
2026-04-28,21:45:00,1475.02,1492
2026-04-28,21:48:00,1474.38,1492
2026-04-28,21:51:00,1474.53,1492
2026-04-28,21:54:00,1474.36,1492
2026-04-28,21:57:00,1474.43,1492
2026-04-28,22:00:00,1474.48,1492
2026-04-28,22:03:00,1474.84,1492
2026-04-28,22:06:00,1474.82,1492
2026-04-28,22:09:00,1475.11,1492
2026-04-28,22:12:00,1474.87,1492
2026-04-28,22:15:00,1475.71,1492
2026-04-28,22:18:00,1473.98,1492
2026-04-28,22:21:00,1475.47,1492
2026-04-28,22:24:00,1475.34,1492
2026-04-28,22:27:00,1473.58,1492
2026-04-28,22:30:00,1475.41,1492
2026-04-28,22:33:00,1474.04,1492
2026-04-28,22:36:00,1473.92,1492
2026-04-28,22:39:00,1473.87,1492
2026-04-28,22:42:00,1474.06,1492
2026-04-28,22:45:00,1473.98,1492
2026-04-28,22:48:00,1473.44,1492
2026-04-28,22:51:00,1474.76,1492
2026-04-28,22:54:00,1474.36,1492
2026-04-28,22:57:00,1474.03,1492
2026-04-28,23:00:00,1475.56,1492
2026-04-28,23:03:00,1475,1492
2026-04-28,23:06:00,1474.59,1492
2026-04-28,23:09:00,1474.89,1492
2026-04-28,23:12:00,1474.75,1492
2026-04-28,23:15:00,1475.01,1492
2026-04-28,23:18:00,1474.18,1492
2026-04-28,23:21:00,1474.94,1492
2026-04-28,23:24:00,1475.07,1492
2026-04-28,23:27:00,1474.48,1492
2026-04-28,23:30:00,1474.05,1492
2026-04-28,23:33:00,1475.15,1492
2026-04-28,23:36:00,1474.87,1492
2026-04-28,23:39:00,1474.85,1492
2026-04-28,23:42:00,1474.57,1492
2026-04-28,23:45:00,1475.49,1492
2026-04-28,23:48:00,1475.38,1492
2026-04-28,23:51:00,1474.61,1492
2026-04-28,23:54:00,1474.71,1492
2026-04-28,23:57:00,1474.4,1492
2026-04-29,0:00:00,1473.47,1492
2026-04-29,0:03:00,1472.78,1492
2026-04-29,0:06:00,1473.48,1492
2026-04-29,0:09:00,1474.18,1492
2026-04-29,0:12:00,1474.08,1492
2026-04-29,0:15:00,1473.43,1492
2026-04-29,0:18:00,1473.39,1492
2026-04-29,0:21:00,1473.95,1492
2026-04-29,0:24:00,1473.03,1492
2026-04-29,0:27:00,1472.85,1492
2026-04-29,0:30:00,1473.28,1492
2026-04-29,0:33:00,1472.88,1492
2026-04-29,0:36:00,1472.65,1492
2026-04-29,0:39:00,1472.28,1486
2026-04-29,0:42:00,1472.6,1487
2026-04-29,0:45:00,1470.88,1487
2026-04-29,0:48:00,1472.81,1487
2026-04-29,0:51:00,1472.7,1486
2026-04-29,0:54:00,1472.46,1486
2026-04-29,0:57:00,1472.35,1487
2026-04-29,1:00:00,1472.37,1486
2026-04-29,1:03:00,1472.52,1487
2026-04-29,1:06:00,1471.73,1486
2026-04-29,1:09:00,1472.56,1487
2026-04-29,1:12:00,1471.88,1487
2026-04-29,1:15:00,1472.3,1487
2026-04-29,1:18:00,1472.48,1487
2026-04-29,1:21:00,1472.68,1486
2026-04-29,1:24:00,1472.94,1486
2026-04-29,1:27:00,1472.55,1486
2026-04-29,1:30:00,1472.96,1485
2026-04-29,1:33:00,1473.08,1486
2026-04-29,1:36:00,1472.85,1486
2026-04-29,1:39:00,1472.85,1486
2026-04-29,1:42:00,1472.52,1486
2026-04-29,1:45:00,1472.47,1485
2026-04-29,1:48:00,1472.71,1485
2026-04-29,1:51:00,1472.56,1485
2026-04-29,1:54:00,1472.3,1485
2026-04-29,1:57:00,1472.68,1485
2026-04-29,2:00:00,1471.78,1485
2026-04-29,2:03:00,1472.22,1485
2026-04-29,2:06:00,1472.75,1485
2026-04-29,2:09:00,1472.51,1485
2026-04-29,2:12:00,1472.7,1486
2026-04-29,2:15:00,1472.57,1485
2026-04-29,2:18:00,1472.74,1485
2026-04-29,2:21:00,1472.92,1485
2026-04-29,2:24:00,1472.85,1485
2026-04-29,2:27:00,1472.84,1484
2026-04-29,2:30:00,1472.61,1484
2026-04-29,2:33:00,1472.67,1485
2026-04-29,2:36:00,1472.66,1484
2026-04-29,2:39:00,1472.02,1485
2026-04-29,2:42:00,1472.45,1485
2026-04-29,2:45:00,1472.49,1484
2026-04-29,2:48:00,1472.7,1484
2026-04-29,2:51:00,1472.68,1484
2026-04-29,2:54:00,1471.93,1484
2026-04-29,2:57:00,1471.68,1485
2026-04-29,3:00:00,1472.66,1485
2026-04-29,3:03:00,1471.9,1485
2026-04-29,3:06:00,,1484
2026-04-29,3:09:00,,1485
2026-04-29,3:12:00,1472.58,1485
2026-04-29,3:15:00,1472.55,1485
2026-04-29,3:18:00,1472.07,1484
2026-04-29,3:21:00,1471.98,1485
2026-04-29,3:24:00,1472.79,1484
2026-04-29,3:27:00,1472.71,1485
2026-04-29,3:30:00,1472.74,1485
2026-04-29,3:33:00,1472.78,1485
2026-04-29,3:36:00,1471.84,1484
2026-04-29,3:39:00,1471.82,1484
2026-04-29,3:42:00,1471.35,1484
2026-04-29,3:45:00,1471.69,1485
2026-04-29,3:48:00,,1485
2026-04-29,3:51:00,,1484
2026-04-29,3:54:00,,1485
2026-04-29,3:57:00,,1485
2026-04-29,4:00:00,,1484
2026-04-29,4:03:00,,1485
2026-04-29,4:06:00,,1485
2026-04-29,4:09:00,,1485
2026-04-29,4:12:00,1472.76,1485
2026-04-29,4:15:00,1472.75,1484
2026-04-29,4:18:00,1472.66,1485
2026-04-29,4:21:00,1472.79,1484
2026-04-29,4:24:00,1472.46,1485
2026-04-29,4:27:00,1472.69,1485
2026-04-29,4:30:00,1472.58,1484
2026-04-29,4:33:00,1472.48,1484
2026-04-29,4:36:00,1472.75,1485
2026-04-29,4:39:00,1472.68,1484
2026-04-29,4:42:00,1472.8,1485
2026-04-29,4:45:00,1472.76,1485
2026-04-29,4:48:00,1472.74,1485
2026-04-29,4:51:00,1472.87,1484
2026-04-29,4:54:00,1472.73,1485
2026-04-29,4:57:00,1472.73,1485
2026-04-29,5:00:00,1472.71,1485
2026-04-29,5:03:00,1472.71,1485
2026-04-29,5:06:00,1472.82,1485
2026-04-29,5:09:00,1472.81,1485
2026-04-29,5:12:00,1472.71,1485
2026-04-29,5:15:00,1472.77,1485
2026-04-29,5:18:00,1472.82,1485
2026-04-29,5:21:00,1472.69,1485
2026-04-29,5:24:00,1472.58,1484
2026-04-29,5:27:00,1472.76,1485
2026-04-29,5:30:00,1472.78,1485
2026-04-29,5:33:00,1472.78,1485
2026-04-29,5:36:00,1472.55,1485
2026-04-29,5:39:00,1472.79,1486
2026-04-29,5:42:00,1472.68,1486
2026-04-29,5:45:00,1472.79,1485
2026-04-29,5:48:00,1472.79,1484
2026-04-29,5:51:00,1472.62,1485
2026-04-29,5:54:00,1472.64,1485
2026-04-29,5:57:00,1472.63,1485
2026-04-29,6:00:00,1472.58,1485
2026-04-29,6:03:00,1472.7,1486
2026-04-29,6:06:00,1473,1485
2026-04-29,6:09:00,1472.97,1485
2026-04-29,6:12:00,1472.78,1485
2026-04-29,6:15:00,1472.97,1485
2026-04-29,6:18:00,1472.93,1486
2026-04-29,6:21:00,1472.82,1486
2026-04-29,6:24:00,1473.25,1486
2026-04-29,6:27:00,1472.83,1486
2026-04-29,6:30:00,1472.93,1486
2026-04-29,6:33:00,1473.47,1486
2026-04-29,6:36:00,1472.88,1486
2026-04-29,6:39:00,,1486
2026-04-29,6:42:00,,1487
2026-04-29,6:45:00,,1487
2026-04-29,6:48:00,,1486
2026-04-29,6:51:00,,1487
2026-04-29,6:54:00,,1487
2026-04-29,6:57:00,,1486
2026-04-29,7:00:00,,1487
2026-04-29,7:03:00,,1487
2026-04-29,7:06:00,,1486
2026-04-29,7:09:00,,1486
2026-04-29,7:12:00,,1487
2026-04-29,7:15:00,,1487
2026-04-29,7:18:00,,1487
2026-04-29,7:21:00,,1486
2026-04-29,7:24:00,,1487
2026-04-29,7:27:00,,1487
2026-04-29,7:30:00,,1486
2026-04-29,7:33:00,,1486
2026-04-29,7:36:00,,1486
2026-04-29,7:39:00,,1487
2026-04-29,7:42:00,,1486
2026-04-29,7:45:00,,1486
2026-04-29,7:48:00,,1487
2026-04-29,7:51:00,,1486
2026-04-29,7:54:00,,1486
2026-04-29,7:57:00,,1487
2026-04-29,8:00:00,,1487
2026-04-29,8:03:00,,1486
2026-04-29,8:06:00,,1487
2026-04-29,8:09:00,,1486
2026-04-29,8:12:00,,1486
2026-04-29,8:15:00,,1486
2026-04-29,8:18:00,,1486
2026-04-29,8:21:00,,1485
2026-04-29,8:24:00,,1486
2026-04-29,8:27:00,,1486
2026-04-29,8:30:00,,1486
2026-04-29,8:33:00,,1486
2026-04-29,8:36:00,,1486
2026-04-29,8:39:00,,1485
2026-04-29,8:42:00,,1486
2026-04-29,8:45:00,,1485
2026-04-29,8:48:00,,1486
2026-04-29,8:51:00,,1486
2026-04-29,8:54:00,,1485
2026-04-29,8:57:00,,1485
2026-04-29,9:00:00,,1485
2026-04-29,9:03:00,,1485
2026-04-29,9:06:00,1472.48,1485
2026-04-29,9:09:00,1472.72,1486
2026-04-29,9:12:00,1472.1,1486
2026-04-29,9:15:00,1472.48,1485
2026-04-29,9:18:00,1472.78,1486
2026-04-29,9:21:00,1472.68,1486
2026-04-29,9:24:00,1472.98,1486
2026-04-29,9:27:00,1472.77,1486
2026-04-29,9:30:00,1473.33,1486
2026-04-29,9:33:00,1473.38,1486
2026-04-29,9:36:00,1473.04,1486
2026-04-29,9:39:00,1473.09,1485
2026-04-29,9:42:00,1473.08,1485
2026-04-29,9:45:00,1473.57,1485
2026-04-29,9:48:00,1473.28,1485
2026-04-29,9:51:00,1473.48,1485
2026-04-29,9:54:00,1473.3,1485
2026-04-29,9:57:00,1473.15,1486
2026-04-29,10:00:00,1474.06,1485
2026-04-29,10:03:00,1474.29,1486
2026-04-29,10:06:00,1475.19,1487
2026-04-29,10:09:00,1475.28,1487
2026-04-29,10:12:00,1475.18,1487
2026-04-29,10:15:00,1474.94,1486
2026-04-29,10:18:00,1475.76,1486
2026-04-29,10:21:00,1476.18,1487
2026-04-29,10:24:00,1475.76,1488
2026-04-29,10:27:00,1475.58,1488
2026-04-29,10:30:00,1475.38,1487
2026-04-29,10:33:00,1475.48,1487
2026-04-29,10:36:00,1475.58,1487
2026-04-29,10:39:00,1475.38,1486
2026-04-29,10:42:00,1475.18,1486
2026-04-29,10:45:00,1475.58,1487
2026-04-29,10:48:00,1475.79,1486
2026-04-29,10:51:00,1475.27,1486
2026-04-29,10:54:00,1475.88,1487
2026-04-29,10:57:00,1475.88,1487
2026-04-29,11:00:00,1475.68,1487
2026-04-29,11:03:00,1475.68,1487
2026-04-29,11:06:00,1475.54,1487
2026-04-29,11:09:00,1475.54,1486
2026-04-29,11:12:00,1476.17,1486
2026-04-29,11:15:00,1475.45,1487
2026-04-29,11:18:00,1475.37,1487
2026-04-29,11:21:00,1475.88,1486
2026-04-29,11:24:00,1475.58,1487
2026-04-29,11:27:00,1476.69,1487
2026-04-29,11:30:00,1476.84,1486
2026-04-29,11:33:00,1477.08,1486
2026-04-29,11:36:00,1476.46,1486
2026-04-29,11:39:00,1476.45,1486
2026-04-29,11:42:00,1476.58,1487
2026-04-29,11:45:00,1475.71,1487
2026-04-29,11:48:00,1476.28,1486
2026-04-29,11:51:00,1476.32,1486
2026-04-29,11:54:00,1476.46,1487
2026-04-29,11:57:00,1476.48,1486
2026-04-29,12:00:00,1475.66,1486
2026-04-29,12:03:00,1475.26,1486
2026-04-29,12:06:00,1475.38,1486
2026-04-29,12:09:00,1475.79,1487
2026-04-29,12:12:00,1475.17,1486
2026-04-29,12:15:00,1475.59,1487
2026-04-29,12:18:00,1475.11,1486
2026-04-29,12:21:00,1475.59,1486
2026-04-29,12:24:00,1475.38,1486
2026-04-29,12:27:00,1475.71,1487
2026-04-29,12:30:00,1475.65,1486
2026-04-29,12:33:00,1475.98,1486
2026-04-29,12:36:00,1475.98,1487
2026-04-29,12:39:00,1475.73,1486
2026-04-29,12:42:00,1476.24,1486
2026-04-29,12:45:00,1476.22,1486
2026-04-29,12:48:00,1475.84,1485
2026-04-29,12:51:00,1476.52,1486
2026-04-29,12:54:00,1476.18,1486
2026-04-29,12:57:00,1475.91,1486
2026-04-29,13:00:00,1476.13,1485
2026-04-29,13:03:00,1476.34,1486
2026-04-29,13:06:00,1476.38,1485
2026-04-29,13:09:00,1476.76,1486
2026-04-29,13:12:00,1476.48,1485
2026-04-29,13:15:00,1476.11,1485
2026-04-29,13:18:00,1476.65,1486
2026-04-29,13:21:00,1476.43,1486
2026-04-29,13:24:00,1476.68,1485
2026-04-29,13:27:00,1476.53,1485
2026-04-29,13:30:00,1476.58,1485
2026-04-29,13:33:00,1476.41,1485
2026-04-29,13:36:00,1476.15,1485
2026-04-29,13:39:00,1475.97,1485
2026-04-29,13:42:00,1475.54,1485
2026-04-29,13:45:00,1476.18,1485
2026-04-29,13:48:00,1476.47,1485
2026-04-29,13:51:00,1476.48,1486
2026-04-29,13:54:00,1476.98,1485
2026-04-29,13:57:00,1476.72,1485
2026-04-29,14:00:00,1477.08,1484
2026-04-29,14:03:00,1477.28,1484
2026-04-29,14:06:00,1477.15,1485
2026-04-29,14:09:00,1477.28,1486
2026-04-29,14:12:00,1477.28,1485
2026-04-29,14:15:00,1477.08,1485
2026-04-29,14:18:00,1477.02,1485
2026-04-29,14:21:00,1477.15,1486
2026-04-29,14:24:00,1476.88,1485
2026-04-29,14:27:00,1476.78,1486
2026-04-29,14:30:00,1476.84,1485
2026-04-29,14:33:00,1476.98,1485
2026-04-29,14:36:00,1477.03,1485
2026-04-29,14:39:00,1477.04,1484
2026-04-29,14:42:00,1476.47,1484
2026-04-29,14:45:00,1476.48,1485
2026-04-29,14:48:00,1476.79,1484
2026-04-29,14:51:00,1476.87,1484
2026-04-29,14:54:00,1476.88,1485
2026-04-29,14:57:00,1477.28,1485
2026-04-29,15:00:00,1476.68,1485
2026-04-29,15:03:00,1476.85,1484
2026-04-29,15:06:00,1477.98,1484
2026-04-29,15:09:00,1478.38,1485
2026-04-29,15:12:00,1478.48,1485
2026-04-29,15:15:00,1478.28,1484
2026-04-29,15:18:00,1478.84,1484
2026-04-29,15:21:00,1478.45,1485
2026-04-29,15:24:00,1477.77,1484
2026-04-29,15:27:00,1478.48,1485
2026-04-29,15:30:00,1477.98,1485
2026-04-29,15:33:00,1478.08,1485
2026-04-29,15:36:00,1477.28,1485
2026-04-29,15:39:00,1477.18,1485
2026-04-29,15:42:00,1478.31,1484
2026-04-29,15:45:00,1476.87,1485
2026-04-29,15:48:00,1477.5,1485
2026-04-29,15:51:00,1477.16,1485
2026-04-29,15:54:00,1477.38,1485
2026-04-29,15:57:00,1477.6,1485
2026-04-29,16:00:00,1477.83,1484
2026-04-29,16:03:00,1477.58,1485
2026-04-29,16:06:00,1477.3,1485
2026-04-29,16:09:00,1477.44,1484
2026-04-29,16:12:00,1477.23,1485
2026-04-29,16:15:00,1477.61,1484
2026-04-29,16:18:00,1476.88,1485
2026-04-29,16:21:00,1477.38,1486
2026-04-29,16:24:00,1477.61,1485
2026-04-29,16:27:00,1477.84,1485
2026-04-29,16:30:00,1477.69,1485
2026-04-29,16:33:00,1477.73,1485
2026-04-29,16:36:00,1477.66,1485
2026-04-29,16:39:00,1477.88,1484
2026-04-29,16:42:00,1477.79,1485
2026-04-29,16:45:00,1478.02,1485
2026-04-29,16:48:00,1477.83,1484
2026-04-29,16:51:00,1478.16,1485
2026-04-29,16:54:00,1478.18,1485
2026-04-29,16:57:00,1477.98,1485
2026-04-29,17:00:00,1477.78,1484
2026-04-29,17:03:00,1478.68,1485
2026-04-29,17:06:00,1478.49,1485
2026-04-29,17:09:00,1478.78,1484
2026-04-29,17:12:00,1478.54,1484
2026-04-29,17:15:00,1478.08,1485
2026-04-29,17:18:00,1477.78,1485
2026-04-29,17:21:00,1478.11,1485
2026-04-29,17:24:00,1478.13,1485
2026-04-29,17:27:00,1478.51,1485
2026-04-29,17:30:00,1478.78,1485
2026-04-29,17:33:00,1478.37,1486
2026-04-29,17:36:00,1478.78,1485
2026-04-29,17:39:00,1478.63,1486
2026-04-29,17:42:00,1478.7,1485
2026-04-29,17:45:00,1478.68,1486
2026-04-29,17:48:00,1479.21,1486
2026-04-29,17:51:00,1479.18,1485
2026-04-29,17:54:00,1478.82,1485
2026-04-29,17:57:00,1478.8,1486
2026-04-29,18:00:00,1479.09,1486
2026-04-29,18:03:00,1479.18,1485
2026-04-29,18:06:00,1479.47,1486
2026-04-29,18:09:00,1479.06,1485
2026-04-29,18:12:00,1479.03,1485
2026-04-29,18:15:00,1478.62,1485
2026-04-29,18:18:00,1479.02,1485
2026-04-29,18:21:00,1479.06,1486
2026-04-29,18:24:00,1479.09,1486
2026-04-29,18:27:00,1479.48,1486
2026-04-29,18:30:00,1479.13,1486
2026-04-29,18:33:00,1479.48,1486
2026-04-29,18:36:00,1479.1,1486
2026-04-29,18:39:00,1480.28,1486
2026-04-29,18:42:00,1480,1486
2026-04-29,18:45:00,1480.58,1486
2026-04-29,18:48:00,1479.54,1486
2026-04-29,18:51:00,1479.3,1485
2026-04-29,18:54:00,1479.45,1486
2026-04-29,18:57:00,1479.45,1485
2026-04-29,19:00:00,1479.58,1484
2026-04-29,19:03:00,1479.07,1485
2026-04-29,19:06:00,1479.58,1485
2026-04-29,19:09:00,1479.5,1484
2026-04-29,19:12:00,1479.05,1484
2026-04-29,19:15:00,1479.46,1484
2026-04-29,19:18:00,1479.08,1485
2026-04-29,19:21:00,1479.13,1485
2026-04-29,19:24:00,1478.65,1484
2026-04-29,19:27:00,1479.4,1485
2026-04-29,19:30:00,1478.98,1485
2026-04-29,19:33:00,1478.63,1484
2026-04-29,19:36:00,1478.5,1485
2026-04-29,19:39:00,1478.82,1485
2026-04-29,19:42:00,1478.79,1484
2026-04-29,19:45:00,1479.05,1485
2026-04-29,19:48:00,1479.21,1485
2026-04-29,19:51:00,1478.55,1485
2026-04-29,19:54:00,1479.08,1484
2026-04-29,19:57:00,1478.27,1485
2026-04-29,20:00:00,1478.67,1485
2026-04-29,20:03:00,1478.53,1485
2026-04-29,20:06:00,1478.09,1484
2026-04-29,20:09:00,1478.31,1485
2026-04-29,20:12:00,1475.58,1485
2026-04-29,20:15:00,1478.59,1485
2026-04-29,20:18:00,1478.6,1485
2026-04-29,20:21:00,1478.11,1485
2026-04-29,20:24:00,1478.69,1484
2026-04-29,20:27:00,1478.56,1485
2026-04-29,20:30:00,1478.11,1485
2026-04-29,20:33:00,1475.68,1485
2026-04-29,20:36:00,1478.41,1485
2026-04-29,20:39:00,1478.32,1485
2026-04-29,20:42:00,1478.38,1485
2026-04-29,20:45:00,1477.91,1485
2026-04-29,20:48:00,1477.81,1485
2026-04-29,20:51:00,1478.5,1485
2026-04-29,20:54:00,1478.31,1484
2026-04-29,20:57:00,1477.58,1485
2026-04-29,21:00:00,1478.11,1485
2026-04-29,21:03:00,1478.18,1485
2026-04-29,21:06:00,1478.08,1485
2026-04-29,21:09:00,1478.07,1486
2026-04-29,21:12:00,1478.18,1486
2026-04-29,21:15:00,1477.96,1485
2026-04-29,21:18:00,1478.13,1485
2026-04-29,21:21:00,1478.18,1486
2026-04-29,21:24:00,1478.23,1485
2026-04-29,21:27:00,1478.19,1485
2026-04-29,21:30:00,1478.48,1486
2026-04-29,21:33:00,1478.38,1486
2026-04-29,21:36:00,1478.75,1485
2026-04-29,21:39:00,1478.58,1485
2026-04-29,21:42:00,1479.18,1486
2026-04-29,21:45:00,1479.98,1486
2026-04-29,21:48:00,1480.38,1485
2026-04-29,21:51:00,1480.16,1486
2026-04-29,21:54:00,1480.29,1486
2026-04-29,21:57:00,1480.25,1486
2026-04-29,22:00:00,1479.91,1485
2026-04-29,22:03:00,1480.38,1486
2026-04-29,22:06:00,1480.33,1485
2026-04-29,22:09:00,1480.08,1485
2026-04-29,22:12:00,1480.03,1486
2026-04-29,22:15:00,1480.54,1486
2026-04-29,22:18:00,1482.18,1486
2026-04-29,22:21:00,1482.38,1487
2026-04-29,22:24:00,,1487
2026-04-29,22:27:00,,1487
2026-04-29,22:30:00,,1487
2026-04-29,22:33:00,,1488
2026-04-29,22:36:00,,1489
2026-04-29,22:39:00,,1488
2026-04-29,22:42:00,,1489
2026-04-29,22:45:00,,1489
2026-04-29,22:48:00,,1489
2026-04-29,22:51:00,,1489
2026-04-29,22:54:00,,1489
2026-04-29,22:57:00,,1489
2026-04-29,23:00:00,,1489
2026-04-29,23:03:00,,1489
2026-04-29,23:06:00,,1489
2026-04-29,23:09:00,,1490
2026-04-29,23:12:00,,1489
2026-04-29,23:15:00,,1489
2026-04-29,23:18:00,,1490
2026-04-29,23:21:00,,1489
2026-04-29,23:24:00,,1489
2026-04-29,23:27:00,1484.1,1490
2026-04-29,23:30:00,1484.32,1489
2026-04-29,23:33:00,1483.58,1489
2026-04-29,23:36:00,1483.92,1489
2026-04-29,23:39:00,1484.05,1489
2026-04-29,23:42:00,1483.28,1489
2026-04-29,23:45:00,1485.37,1489
2026-04-29,23:48:00,1484.2,1489
2026-04-29,23:51:00,1483.5,1489
2026-04-29,23:54:00,1483.52,1489
2026-04-29,23:57:00,1483.98,1489
2026-04-30,0:00:00,1484.36,1489
2026-04-30,0:03:00,1484.24,1490
2026-04-30,0:06:00,1484.18,1490
2026-04-30,0:09:00,1485.08,1489
2026-04-30,0:12:00,1484.63,1490
2026-04-30,0:15:00,1484.94,1491
2026-04-30,0:18:00,1484.95,1490
2026-04-30,0:21:00,1485.28,1490
2026-04-30,0:24:00,1485.11,1491
2026-04-30,0:27:00,1485.24,1490
2026-04-30,0:30:00,1485.09,1490
2026-04-30,0:33:00,1485.52,1490
2026-04-30,0:36:00,1485.02,1491
2026-04-30,0:39:00,1485.22,1492
2026-04-30,0:42:00,1485.08,1492
2026-04-30,0:45:00,1485.42,1492
2026-04-30,0:48:00,1485.1,1492
2026-04-30,0:51:00,1487.58,1492
2026-04-30,0:54:00,1487.44,1493
2026-04-30,0:57:00,1487.01,1493
2026-04-30,1:00:00,1486.18,1493
2026-04-30,1:03:00,1486.22,1492
2026-04-30,1:06:00,1485.97,1492
2026-04-30,1:09:00,1486.18,1491
2026-04-30,1:12:00,1486.43,1492
2026-04-30,1:15:00,1486.28,1492
2026-04-30,1:18:00,1487.32,1492
2026-04-30,1:21:00,1487.12,1492
2026-04-30,1:24:00,1486.4,1491
2026-04-30,1:27:00,1485.58,1492
2026-04-30,1:30:00,1486.4,1492
2026-04-30,1:33:00,1486.85,1492
2026-04-30,1:36:00,1487.08,1492
2026-04-30,1:39:00,1486.52,1492
2026-04-30,1:42:00,1486.79,1492
2026-04-30,1:45:00,1486.82,1492
2026-04-30,1:48:00,1487.67,1493
2026-04-30,1:51:00,1488.25,1492
2026-04-30,1:54:00,1487.88,1492
2026-04-30,1:57:00,1488,1492
2026-04-30,2:00:00,1488.09,1493
2026-04-30,2:03:00,1488.21,1492
2026-04-30,2:06:00,1488.35,1493
2026-04-30,2:09:00,1488.47,1493
2026-04-30,2:12:00,1488.95,1493
2026-04-30,2:15:00,1488.25,1493
2026-04-30,2:18:00,1488.19,1492
2026-04-30,2:21:00,1488.26,1493
2026-04-30,2:24:00,1488.48,1493
2026-04-30,2:27:00,1488.59,1493
2026-04-30,2:30:00,1487.34,1493
2026-04-30,2:33:00,1488.04,1492
2026-04-30,2:36:00,1488.17,1493
2026-04-30,2:39:00,1488.05,1493
2026-04-30,2:42:00,1488.27,1493
2026-04-30,2:45:00,1487.94,1492
2026-04-30,2:48:00,1487.58,1492
2026-04-30,2:51:00,1487.77,1492
2026-04-30,2:54:00,1488.06,1491
2026-04-30,2:57:00,1487.5,1492
2026-04-30,3:00:00,1488.1,1493
2026-04-30,3:03:00,1488.8,1493
2026-04-30,3:06:00,1488.95,1495
2026-04-30,3:09:00,1489.26,1498
2026-04-30,3:12:00,1488.48,1497
2026-04-30,3:15:00,1488.56,1498
2026-04-30,3:18:00,1488.3,1497
2026-04-30,3:21:00,1488.35,1497
2026-04-30,3:24:00,1488.31,1497
2026-04-30,3:27:00,1488.97,1497
2026-04-30,3:30:00,1490.03,1497
2026-04-30,3:33:00,1489.8,1498
2026-04-30,3:36:00,1491.52,1497
2026-04-30,3:39:00,1491.33,1498
2026-04-30,3:42:00,1492.19,1497
2026-04-30,3:45:00,1491.33,1497
2026-04-30,3:48:00,1490.46,1497
2026-04-30,3:51:00,1490.19,1497
2026-04-30,3:54:00,1489.78,1496
2026-04-30,3:57:00,1490.01,1496
2026-04-30,4:00:00,1489.46,1497
2026-04-30,4:03:00,1490.22,1497
2026-04-30,4:06:00,1489.97,1497
2026-04-30,4:09:00,1489.69,1497
2026-04-30,4:12:00,1489.34,1496
2026-04-30,4:15:00,1488.25,1497
2026-04-30,4:18:00,1488.75,1497
2026-04-30,4:21:00,1488.79,1497
2026-04-30,4:24:00,1488.61,1496
2026-04-30,4:27:00,1488.4,1496
2026-04-30,4:30:00,1489.8,1498
2026-04-30,4:33:00,1488.27,1498
2026-04-30,4:36:00,1489.05,1498
2026-04-30,4:39:00,1489.91,1497
2026-04-30,4:42:00,1490.32,1498
2026-04-30,4:45:00,1489.94,1497
2026-04-30,4:48:00,1488.3,1498
2026-04-30,4:51:00,1488.33,1498
2026-04-30,4:54:00,1488.53,1498
2026-04-30,4:57:00,1489.63,1498
2026-04-30,5:00:00,1488.46,1498
2026-04-30,5:03:00,1488.49,1498
2026-04-30,5:06:00,1488.58,1497
2026-04-30,5:09:00,1489.67,1497
2026-04-30,5:12:00,1490.64,1498
2026-04-30,5:15:00,1490.18,1497
2026-04-30,5:18:00,1489.65,1498
2026-04-30,5:21:00,1489.86,1497
2026-04-30,5:24:00,1488.25,1497
2026-04-30,5:27:00,1488.61,1498
2026-04-30,5:30:00,1488.54,1497
2026-04-30,5:33:00,1488.62,1497
2026-04-30,5:36:00,1488.97,1498
2026-04-30,5:39:00,1489.35,1498
2026-04-30,5:42:00,1489.81,1497
2026-04-30,5:45:00,1488.49,1498
2026-04-30,5:48:00,1488.44,1498
2026-04-30,5:51:00,1489.6,1497
2026-04-30,5:54:00,1489.66,1497
2026-04-30,5:57:00,1488.43,1498
2026-04-30,6:00:00,1488.66,1498
2026-04-30,6:03:00,1488.52,1498
2026-04-30,6:06:00,1488.65,1498
2026-04-30,6:09:00,1488.22,1498
2026-04-30,6:12:00,1488.61,1498
2026-04-30,6:15:00,,1497
2026-04-30,6:18:00,1488.2,1497
2026-04-30,6:21:00,1488.42,1497
2026-04-30,6:24:00,1488.54,1497
2026-04-30,6:27:00,1488.67,1498
2026-04-30,6:30:00,1488.49,1497
2026-04-30,6:33:00,1488.59,1497
2026-04-30,6:36:00,1488.5,1497
2026-04-30,6:39:00,,1497
2026-04-30,6:42:00,,1498
2026-04-30,6:45:00,,1496
2026-04-30,6:48:00,,1497
2026-04-30,6:51:00,1488.55,1496
2026-04-30,6:54:00,1488.54,1498
2026-04-30,6:57:00,1488.55,1497
2026-04-30,7:00:00,1488.99,1497
2026-04-30,7:03:00,1488.99,1498
2026-04-30,7:06:00,1488.84,1497
2026-04-30,7:09:00,,1498
2026-04-30,7:12:00,1488.27,1498
2026-04-30,7:15:00,,1498
2026-04-30,7:18:00,1488.28,1498
2026-04-30,7:21:00,,1497
2026-04-30,7:24:00,,1497
2026-04-30,7:27:00,,1498
2026-04-30,7:30:00,,1498
2026-04-30,7:33:00,,1498
2026-04-30,7:36:00,,1498
2026-04-30,7:39:00,1488.28,1498
2026-04-30,7:42:00,,1498
2026-04-30,7:45:00,,1497
2026-04-30,7:48:00,,1498
2026-04-30,7:51:00,,1497
2026-04-30,7:54:00,,1497
2026-04-30,7:57:00,,1497
2026-04-30,8:00:00,,1497
2026-04-30,8:03:00,,1496
2026-04-30,8:06:00,,1497
2026-04-30,8:09:00,,1496
2026-04-30,8:12:00,,1497
2026-04-30,8:15:00,,1496
2026-04-30,8:18:00,,1496
2026-04-30,8:21:00,,1496
2026-04-30,8:24:00,,1496
2026-04-30,8:27:00,,1497
2026-04-30,8:30:00,,1496
2026-04-30,8:33:00,,1497
2026-04-30,8:36:00,,1496
2026-04-30,8:39:00,,1496
2026-04-30,8:42:00,,1496
2026-04-30,8:45:00,,1495
2026-04-30,8:48:00,,1495
2026-04-30,8:51:00,,1495
2026-04-30,8:54:00,,1496
2026-04-30,8:57:00,,1496
2026-04-30,9:00:00,1485.18,1495
2026-04-30,9:03:00,1485.68,1494
2026-04-30,9:06:00,1484.64,1495
2026-04-30,9:09:00,1484.88,1495
2026-04-30,9:12:00,1483.58,1495
2026-04-30,9:15:00,1484.63,1495
2026-04-30,9:18:00,1484.68,1495
2026-04-30,9:21:00,1484.61,1494
2026-04-30,9:24:00,1483.36,1492
2026-04-30,9:27:00,1484.78,1493
2026-04-30,9:30:00,1484.58,1493
2026-04-30,9:33:00,1484.48,1492
2026-04-30,9:36:00,1485,1492
2026-04-30,9:39:00,1484.77,1492
2026-04-30,9:42:00,1484.98,1493
2026-04-30,9:45:00,1484.98,1492
2026-04-30,9:48:00,1485.08,1492
2026-04-30,9:51:00,1485.28,1492
2026-04-30,9:54:00,1485.58,1492
2026-04-30,9:57:00,1484.98,1491
2026-04-30,10:00:00,1485.25,1491
2026-04-30,10:03:00,1485.48,1492
2026-04-30,10:06:00,1485.18,1491
2026-04-30,10:09:00,1485.58,1492
2026-04-30,10:12:00,1485.54,1492
2026-04-30,10:15:00,1485.43,1491
2026-04-30,10:18:00,1485.48,1492
2026-04-30,10:21:00,1485.28,1492
2026-04-30,10:24:00,1485.36,1491
2026-04-30,10:27:00,1485.78,1492
2026-04-30,10:30:00,1485.45,1491
2026-04-30,10:33:00,1486.38,1492
2026-04-30,10:36:00,1486.68,1491
2026-04-30,10:39:00,1486.58,1491
2026-04-30,10:42:00,1486.19,1491
2026-04-30,10:45:00,1486.98,1491
2026-04-30,10:48:00,1487.2,1491
2026-04-30,10:51:00,1486.68,1491
2026-04-30,10:54:00,1486.43,1491
2026-04-30,10:57:00,1485.78,1492
2026-04-30,11:00:00,1486.58,1491
2026-04-30,11:03:00,1486.26,1491
2026-04-30,11:06:00,1486.23,1491
2026-04-30,11:09:00,1486.27,1492
2026-04-30,11:12:00,1486.34,1492
2026-04-30,11:15:00,1486.18,1492
2026-04-30,11:18:00,1486.2,1491
2026-04-30,11:21:00,1486.08,1491
2026-04-30,11:24:00,1486.62,1492
2026-04-30,11:27:00,1486.68,1492
2026-04-30,11:30:00,1486.68,1493
2026-04-30,11:33:00,1486.58,1493
2026-04-30,11:36:00,1486.5,1493
2026-04-30,11:39:00,1485.88,1492
2026-04-30,11:42:00,1485.78,1492
2026-04-30,11:45:00,1486.08,1493
2026-04-30,11:48:00,1486.14,1492
2026-04-30,11:51:00,1486.5,1492
2026-04-30,11:54:00,1486.39,1492
2026-04-30,11:57:00,1486.38,1492
2026-04-30,12:00:00,1485.43,1492
2026-04-30,12:03:00,1484.68,1492
2026-04-30,12:06:00,1484.38,1491
2026-04-30,12:09:00,1485.08,1492
2026-04-30,12:12:00,1485.38,1492
2026-04-30,12:15:00,1485.73,1492
2026-04-30,12:18:00,1485.58,1492
2026-04-30,12:21:00,1484.98,1492
2026-04-30,12:24:00,1484.4,1492
2026-04-30,12:27:00,1484.6,1492
2026-04-30,12:30:00,1484.38,1491
2026-04-30,12:33:00,1483.88,1491
2026-04-30,12:36:00,1483.78,1492
2026-04-30,12:39:00,1483.78,1491
2026-04-30,12:42:00,1484.45,1492
2026-04-30,12:45:00,1483.78,1491
2026-04-30,12:48:00,1483.78,1491
2026-04-30,12:51:00,1483.98,1491
2026-04-30,12:54:00,1484.51,1491
2026-04-30,12:57:00,1484.41,1491
2026-04-30,13:00:00,1484.38,1491
2026-04-30,13:03:00,1484.63,1492
2026-04-30,13:06:00,1484.58,1492
2026-04-30,13:09:00,1484.58,1492
2026-04-30,13:12:00,1484.98,1492
2026-04-30,13:15:00,1485.28,1492
2026-04-30,13:18:00,1485.58,1492
2026-04-30,13:21:00,1485.58,1491
2026-04-30,13:24:00,1485.08,1491
2026-04-30,13:27:00,1485.1,1492
2026-04-30,13:30:00,1485.41,1491
2026-04-30,13:33:00,1485.57,1492
2026-04-30,13:36:00,1485.71,1491
2026-04-30,13:39:00,1485.81,1491
2026-04-30,13:42:00,1485.62,1492
2026-04-30,13:45:00,1485.35,1491
2026-04-30,13:48:00,1485.08,1492
2026-04-30,13:51:00,1484.78,1492
2026-04-30,13:54:00,1485.28,1491
2026-04-30,13:57:00,1485.08,1492
2026-04-30,14:00:00,1484.78,1491
2026-04-30,14:03:00,1484.78,1491
2026-04-30,14:06:00,1484.42,1492
2026-04-30,14:09:00,1484.58,1491
2026-04-30,14:12:00,1484.78,1491
2026-04-30,14:15:00,1485.08,1492
2026-04-30,14:18:00,1485.18,1492
2026-04-30,14:21:00,1485.12,1491
2026-04-30,14:24:00,1485.12,1492
2026-04-30,14:27:00,1484.68,1492
2026-04-30,14:30:00,1484.58,1491
2026-04-30,14:33:00,1483.78,1490
2026-04-30,14:36:00,1483.08,1490
2026-04-30,14:39:00,1482.96,1490
2026-04-30,14:42:00,1483.28,1490
2026-04-30,14:45:00,1483.08,1491
2026-04-30,14:48:00,1482.88,1491
2026-04-30,14:51:00,1482.41,1490
2026-04-30,14:54:00,1482.64,1491
2026-04-30,14:57:00,1482.68,1491
2026-04-30,15:00:00,1483.18,1490
2026-04-30,15:03:00,1483.18,1491
2026-04-30,15:06:00,1483.03,1491
2026-04-30,15:09:00,1483.28,1491
2026-04-30,15:12:00,1483.38,1491
2026-04-30,15:15:00,1483.69,1491
2026-04-30,15:18:00,1483.48,1491
2026-04-30,15:21:00,1482.58,1491
2026-04-30,15:24:00,1481.58,1490
2026-04-30,15:27:00,1483.18,1490
2026-04-30,15:30:00,1482.48,1491
2026-04-30,15:33:00,1483.08,1490
2026-04-30,15:36:00,1483.03,1491
2026-04-30,15:39:00,1482.68,1491
2026-04-30,15:42:00,1483.28,1491
2026-04-30,15:45:00,1483.34,1491
2026-04-30,15:48:00,1483.44,1490
2026-04-30,15:51:00,1484.58,1490
2026-04-30,15:54:00,1484.34,1490
2026-04-30,15:57:00,1484.88,1491
2026-04-30,16:00:00,1484.68,1491
2026-04-30,16:03:00,1484.35,1490
2026-04-30,16:06:00,1483.93,1490
2026-04-30,16:09:00,1482.9,1491
2026-04-30,16:12:00,1483.6,1490
2026-04-30,16:15:00,1483.18,1490
2026-04-30,16:18:00,1483.56,1490
2026-04-30,16:21:00,1483.11,1490
2026-04-30,16:24:00,1482.58,1489
2026-04-30,16:27:00,1482.42,1489
2026-04-30,16:30:00,1482.13,1489
2026-04-30,16:33:00,1482.43,1490
2026-04-30,16:36:00,1482.59,1489
2026-04-30,16:39:00,1482.19,1490
2026-04-30,16:42:00,1481.22,1489
2026-04-30,16:45:00,1481.77,1489
2026-04-30,16:48:00,1481.72,1489
2026-04-30,16:51:00,1481.8,1491
2026-04-30,16:54:00,1480.78,1491
2026-04-30,16:57:00,1481.08,1490
2026-04-30,17:00:00,1479.46,1490
2026-04-30,17:03:00,1477.79,1490
2026-04-30,17:06:00,1478.69,1490
2026-04-30,17:09:00,1478.46,1490
2026-04-30,17:12:00,1479.5,1491
2026-04-30,17:15:00,1479.48,1490
2026-04-30,17:18:00,1479.55,1490
2026-04-30,17:21:00,1480.09,1490
2026-04-30,17:24:00,1479.9,1491
2026-04-30,17:27:00,1479.39,1490
2026-04-30,17:30:00,1479.15,1490
2026-04-30,17:33:00,1479.84,1491
2026-04-30,17:36:00,1478.68,1490
2026-04-30,17:39:00,1479.27,1490
2026-04-30,17:42:00,1479.68,1490
2026-04-30,17:45:00,1479.86,1490
2026-04-30,17:48:00,1480.4,1491
2026-04-30,17:51:00,1479.57,1491
2026-04-30,17:54:00,1480.28,1491
2026-04-30,17:57:00,1480.21,1491
2026-04-30,18:00:00,1480.11,1490
2026-04-30,18:03:00,1480.24,1490
2026-04-30,18:06:00,1480.33,1490
2026-04-30,18:09:00,1480.26,1491
2026-04-30,18:12:00,1478.98,1490
2026-04-30,18:15:00,1479.48,1491
2026-04-30,18:18:00,1480.53,1491
2026-04-30,18:21:00,1479.91,1491
2026-04-30,18:24:00,1479.94,1490
2026-04-30,18:27:00,1479.17,1490
2026-04-30,18:30:00,1477.68,1490
2026-04-30,18:33:00,1476.71,1489
2026-04-30,18:36:00,1477.19,1489
2026-04-30,18:39:00,1476.58,1489
2026-04-30,18:42:00,1477.04,1488
2026-04-30,18:45:00,1477.26,1488
2026-04-30,18:48:00,1477.31,1488
2026-04-30,18:51:00,1477.78,1489
2026-04-30,18:54:00,1477.63,1489
2026-04-30,18:57:00,1476.83,1488
2026-04-30,19:00:00,1476.82,1488
2026-04-30,19:03:00,1475.68,1489
2026-04-30,19:06:00,1476.98,1489
2026-04-30,19:09:00,1475.9,1488
2026-04-30,19:12:00,1477.18,1489
2026-04-30,19:15:00,1476.97,1489
2026-04-30,19:18:00,1476.87,1489
2026-04-30,19:21:00,1477.26,1488
2026-04-30,19:24:00,1475.38,1488
2026-04-30,19:27:00,1473.48,1489
2026-04-30,19:30:00,1472.58,1487
2026-04-30,19:33:00,1472.91,1486
2026-04-30,19:36:00,1473.78,1487
2026-04-30,19:39:00,1473.9,1487
2026-04-30,19:42:00,1474.02,1486
2026-04-30,19:45:00,1474.54,1487
2026-04-30,19:48:00,1475.18,1487
2026-04-30,19:51:00,1473.77,1486
2026-04-30,19:54:00,1474.08,1487
2026-04-30,19:57:00,1473.85,1487
2026-04-30,20:00:00,1472.68,1487
2026-04-30,20:03:00,1472.28,1487
2026-04-30,20:06:00,1473.05,1487
2026-04-30,20:09:00,1473.54,1487
2026-04-30,20:12:00,,1488
2026-04-30,20:15:00,,1487
2026-04-30,20:18:00,1472.46,1487
2026-04-30,20:21:00,1472.72,1488
2026-04-30,20:24:00,1472.16,1488
2026-04-30,20:27:00,1472.33,1486
2026-04-30,20:30:00,1471.84,1487
2026-04-30,20:33:00,1472.51,1486
2026-04-30,20:36:00,1473.1,1487
2026-04-30,20:39:00,1473.38,1487
2026-04-30,20:42:00,1472.66,1488
2026-04-30,20:45:00,1472.92,1487
2026-04-30,20:48:00,1473.98,1488
2026-04-30,20:51:00,1474.77,1488
2026-04-30,20:54:00,1475.89,1488
2026-04-30,20:57:00,1476.77,1488
2026-04-30,21:00:00,1476.68,1487
2026-04-30,21:03:00,1477.15,1487
2026-04-30,21:06:00,1476.66,1488
2026-04-30,21:09:00,1477.23,1488
2026-04-30,21:12:00,1476.67,1489
2026-04-30,21:15:00,1476.93,1489
2026-04-30,21:18:00,1477.11,1489
2026-04-30,21:21:00,1477.25,1489
2026-04-30,21:24:00,1476.95,1488
2026-04-30,21:27:00,1476.42,1489
2026-04-30,21:30:00,1477.52,1488
2026-04-30,21:33:00,1476.25,1489
2026-04-30,21:36:00,1475.52,1488
2026-04-30,21:39:00,1475.98,1488
2026-04-30,21:42:00,1476.7,1488
2026-04-30,21:45:00,1476.76,1488
2026-04-30,21:48:00,1476.32,1488
2026-04-30,21:51:00,1476.57,1488
2026-04-30,21:54:00,1476.14,1488
2026-04-30,21:57:00,1476.68,1488
2026-04-30,22:00:00,1477.08,1487
2026-04-30,22:03:00,1477.08,1488
2026-04-30,22:06:00,1476.39,1488
2026-04-30,22:09:00,1475.85,1488
2026-04-30,22:12:00,1476.03,1489
2026-04-30,22:15:00,1476.05,1488
2026-04-30,22:18:00,1476.31,1488
2026-04-30,22:21:00,1475.89,1488
2026-04-30,22:24:00,1476.12,1488
2026-04-30,22:27:00,1476.11,1489
2026-04-30,22:30:00,1475.83,1489
2026-04-30,22:33:00,1476.06,1489
2026-04-30,22:36:00,1476.56,1489
2026-04-30,22:39:00,1476.66,1488
2026-04-30,22:42:00,1476.06,1489
2026-04-30,22:45:00,1476.7,1489
2026-04-30,22:48:00,1476.2,1490
2026-04-30,22:51:00,1476.33,1489
2026-04-30,22:54:00,1475.9,1489
2026-04-30,22:57:00,1476.64,1489
2026-04-30,23:00:00,1476.35,1489
2026-04-30,23:03:00,1476.43,1488
2026-04-30,23:06:00,1477.56,1489
2026-04-30,23:09:00,1478.19,1489
2026-04-30,23:12:00,1477.87,1488
2026-04-30,23:15:00,1477.47,1489
2026-04-30,23:18:00,1477.37,1489
2026-04-30,23:21:00,1477.22,1489
2026-04-30,23:24:00,1476.74,1490
2026-04-30,23:27:00,1476.71,1490
2026-04-30,23:30:00,1476.56,1489
2026-04-30,23:33:00,1476.74,1489
2026-04-30,23:36:00,1477.44,1489
2026-04-30,23:39:00,1478.46,1489
2026-04-30,23:42:00,1479.02,1490
2026-04-30,23:45:00,1477.47,1489
2026-04-30,23:48:00,1476.93,1490
2026-04-30,23:51:00,1476.59,1489
2026-04-30,23:54:00,1476.56,1490
2026-04-30,23:57:00,1476.91,1489
2026-05-01,0:00:00,1477.41,1489
2026-05-01,0:03:00,1479.24,1490
2026-05-01,0:06:00,1478.67,1489
2026-05-01,0:09:00,1478.7,1489
2026-05-01,0:12:00,1478.19,1489
2026-05-01,0:15:00,1478.28,1489
2026-05-01,0:18:00,1478.35,1488
2026-05-01,0:21:00,1477.96,1489
2026-05-01,0:24:00,1477.84,1489
2026-05-01,0:27:00,1477.89,1489
2026-05-01,0:30:00,1477.49,1489
2026-05-01,0:33:00,1477.47,1489
2026-05-01,0:36:00,1477.17,1488
2026-05-01,0:39:00,1477.31,1488
2026-05-01,0:42:00,1477.61,1489
2026-05-01,0:45:00,1477.21,1489
2026-05-01,0:48:00,1477.75,1488
2026-05-01,0:51:00,1477.37,1488
2026-05-01,0:54:00,1477.7,1488
2026-05-01,0:57:00,1477.71,1489
2026-05-01,1:00:00,1477.78,1489
2026-05-01,1:03:00,1477.4,1488
2026-05-01,1:06:00,1477.41,1489
2026-05-01,1:09:00,1477.39,1488
2026-05-01,1:12:00,1477,1488
2026-05-01,1:15:00,1477.39,1489
2026-05-01,1:18:00,1477.06,1488
2026-05-01,1:21:00,1476.88,1489
2026-05-01,1:24:00,1477.38,1489
2026-05-01,1:27:00,1477.34,1489
2026-05-01,1:30:00,1477.48,1488
2026-05-01,1:33:00,1477.08,1488
2026-05-01,1:36:00,1477.04,1489
2026-05-01,1:39:00,1476.92,1489
2026-05-01,1:42:00,1476.92,1489
2026-05-01,1:45:00,1476.39,1488
2026-05-01,1:48:00,1476.5,1489
2026-05-01,1:51:00,1477.01,1489
2026-05-01,1:54:00,1477.13,1488
2026-05-01,1:57:00,1476.76,1490
2026-05-01,2:00:00,1476.14,1489
2026-05-01,2:03:00,1476.61,1490
2026-05-01,2:06:00,1476.18,1488
2026-05-01,2:09:00,1476.21,1489
2026-05-01,2:12:00,1476.04,1489
2026-05-01,2:15:00,1476.23,1490
2026-05-01,2:18:00,1476.79,1490
2026-05-01,2:21:00,1476.6,1490
2026-05-01,2:24:00,1476.23,1489
2026-05-01,2:27:00,1475.96,1489
2026-05-01,2:30:00,1475.28,1488
2026-05-01,2:33:00,1475.62,1489
2026-05-01,2:36:00,1476.75,1489
2026-05-01,2:39:00,1476.76,1489
2026-05-01,2:42:00,1475.97,1489
2026-05-01,2:45:00,1475.74,1489
2026-05-01,2:48:00,1476.57,1489
2026-05-01,2:51:00,1476.67,1489
2026-05-01,2:54:00,1476.65,1489
2026-05-01,2:57:00,1475.89,1489
2026-05-01,3:00:00,1476.66,1489
2026-05-01,3:03:00,1476.65,1489
2026-05-01,3:06:00,1476.62,1489
2026-05-01,3:09:00,1476.62,1489
2026-05-01,3:12:00,1476.62,1489
2026-05-01,3:15:00,1474.79,1489
2026-05-01,3:18:00,1476.6,1489
2026-05-01,3:21:00,1475.06,1488
2026-05-01,3:24:00,1475.57,1488
2026-05-01,3:27:00,1476.53,1489
2026-05-01,3:30:00,1476.56,1489
2026-05-01,3:33:00,1474.96,1489
2026-05-01,3:36:00,1474.6,1488
2026-05-01,3:39:00,1474.43,1488
2026-05-01,3:42:00,1474.92,1488
2026-05-01,3:45:00,1474.5,1488
2026-05-01,3:48:00,1473.87,1489
2026-05-01,3:51:00,1474.19,1489
2026-05-01,3:54:00,1473.92,1488
2026-05-01,3:57:00,1473.96,1489
2026-05-01,4:00:00,1473.94,1489
2026-05-01,4:03:00,1474.12,1489
2026-05-01,4:06:00,1474.34,1489
2026-05-01,4:09:00,1473.72,1488
2026-05-01,4:12:00,1474.03,1488
2026-05-01,4:15:00,1474.06,1488
2026-05-01,4:18:00,1473.81,1487
2026-05-01,4:21:00,1473.9,1488
2026-05-01,4:24:00,1473.84,1488
2026-05-01,4:27:00,1473.82,1488
2026-05-01,4:30:00,1473.87,1488
2026-05-01,4:33:00,1473.82,1488
2026-05-01,4:36:00,1473.47,1488
2026-05-01,4:39:00,1473.08,1487
2026-05-01,4:42:00,1473.14,1488
2026-05-01,4:45:00,1473.05,1488
2026-05-01,4:48:00,1473.01,1488
2026-05-01,4:51:00,1472.84,1488
2026-05-01,4:54:00,1473.31,1488
2026-05-01,4:57:00,1472.68,1488
2026-05-01,5:00:00,1473.24,1488
2026-05-01,5:03:00,1473.12,1488
2026-05-01,5:06:00,1473.33,1488
2026-05-01,5:09:00,1473.23,1488
2026-05-01,5:12:00,1473.52,1488
2026-05-01,5:15:00,1473.62,1489
2026-05-01,5:18:00,1473.45,1488
2026-05-01,5:21:00,1473.41,1489
2026-05-01,5:24:00,1473.58,1488
2026-05-01,5:27:00,1473.46,1488
2026-05-01,5:30:00,1473.56,1488
2026-05-01,5:33:00,1473.32,1488
2026-05-01,5:36:00,1473.23,1488
2026-05-01,5:39:00,1473.39,1489
2026-05-01,5:42:00,1473.86,1488
2026-05-01,5:45:00,1473.8,1488
2026-05-01,5:48:00,1472.6,1488
2026-05-01,5:51:00,1473.32,1488
2026-05-01,5:54:00,1473.48,1488
2026-05-01,5:57:00,1473.56,1489
2026-05-01,6:00:00,1472.67,1488
2026-05-01,6:03:00,1472.67,1487
2026-05-01,6:06:00,1473.11,1488
2026-05-01,6:09:00,1473.22,1489
2026-05-01,6:12:00,1473.22,1488
2026-05-01,6:15:00,,1489
2026-05-01,6:18:00,,1488
2026-05-01,6:21:00,,1488
2026-05-01,6:24:00,,1488
2026-05-01,6:27:00,,1489
2026-05-01,6:30:00,,1489
2026-05-01,6:33:00,,1489
2026-05-01,6:36:00,,1489
2026-05-01,6:39:00,,1489
2026-05-01,6:42:00,,1488
2026-05-01,6:45:00,,1489
2026-05-01,6:48:00,,1489
2026-05-01,6:51:00,,1489
2026-05-01,6:54:00,1474.47,1488
2026-05-01,6:57:00,1473.29,1489
2026-05-01,7:00:00,,1489
2026-05-01,7:03:00,1473.45,1489
2026-05-01,7:06:00,1472.96,1489
2026-05-01,7:09:00,1473.25,1489
2026-05-01,7:12:00,1476.68,1489
2026-05-01,7:15:00,1474.57,1489
2026-05-01,7:18:00,1475.04,1489
2026-05-01,7:21:00,1474.02,1490
2026-05-01,7:24:00,1474.76,1490
2026-05-01,7:27:00,,1490
2026-05-01,7:30:00,,1490
2026-05-01,7:33:00,,1490
2026-05-01,7:36:00,,1489
2026-05-01,7:39:00,,1490
2026-05-01,7:42:00,,1490
2026-05-01,7:45:00,,1490
2026-05-01,7:48:00,,1490
2026-05-01,7:51:00,,1490
2026-05-01,7:54:00,,1490
2026-05-01,7:57:00,,1490
2026-05-01,8:00:00,,1490
2026-05-01,8:03:00,,1490
2026-05-01,8:06:00,,1489
2026-05-01,8:09:00,,1489
2026-05-01,8:12:00,,1490
2026-05-01,8:15:00,,1490
2026-05-01,8:18:00,,1490
2026-05-01,8:21:00,,1489
2026-05-01,8:24:00,,1489
2026-05-01,8:27:00,,1489
2026-05-01,8:30:00,,1490
2026-05-01,8:33:00,,1490
2026-05-01,8:36:00,,1489
2026-05-01,8:39:00,1474,1490
2026-05-01,8:42:00,,1490
2026-05-01,8:45:00,,1490
2026-05-01,8:48:00,,1489
2026-05-01,8:51:00,,1489
2026-05-01,8:54:00,,1490
2026-05-01,8:57:00,,1490
2026-05-01,9:00:00,1473.26,1490
2026-05-01,9:03:00,1472.89,1490
2026-05-01,9:06:00,1473.04,1490
2026-05-01,9:09:00,1473.01,1489
2026-05-01,9:12:00,1473.67,1489
2026-05-01,9:15:00,1473.16,1489
2026-05-01,9:18:00,1473.07,1489
2026-05-01,9:21:00,1473.18,1490
2026-05-01,9:24:00,1473.26,1489
2026-05-01,9:27:00,1473.3,1490
2026-05-01,9:30:00,1473.56,1490
2026-05-01,9:33:00,1473.16,1490
2026-05-01,9:36:00,1473.17,1490
2026-05-01,9:39:00,1473.1,1490
2026-05-01,9:42:00,1473.11,1489
2026-05-01,9:45:00,1473.1,1490
2026-05-01,9:48:00,,1490
2026-05-01,9:51:00,,1490
2026-05-01,9:54:00,,1490
2026-05-01,9:57:00,,1490
2026-05-01,10:00:00,,1489
2026-05-01,10:03:00,,1490
2026-05-01,10:06:00,,1490
2026-05-01,10:09:00,,1490
2026-05-01,10:12:00,,1490
2026-05-01,10:15:00,,1490
2026-05-01,10:18:00,,1489
2026-05-01,10:21:00,,1490
2026-05-01,10:24:00,,1490
2026-05-01,10:27:00,,1490
2026-05-01,10:30:00,,1490
2026-05-01,10:33:00,,1489
2026-05-01,10:36:00,,1488
2026-05-01,10:39:00,,1488
2026-05-01,10:42:00,,1489
2026-05-01,10:45:00,,1488
2026-05-01,10:48:00,,1488
2026-05-01,10:51:00,,1488
2026-05-01,10:54:00,,1488
2026-05-01,10:57:00,,1489
2026-05-01,11:00:00,,1488
2026-05-01,11:03:00,,1489
2026-05-01,11:06:00,,1488
2026-05-01,11:09:00,,1489
2026-05-01,11:12:00,,1488
2026-05-01,11:15:00,,1489
2026-05-01,11:18:00,,1488
2026-05-01,11:21:00,,1488
2026-05-01,11:24:00,1472.91,1489
2026-05-01,11:27:00,1472.91,1488
2026-05-01,11:30:00,1472.96,1488
2026-05-01,11:33:00,1472.92,1488
2026-05-01,11:36:00,1472.97,1488
2026-05-01,11:39:00,1473.04,1487
2026-05-01,11:42:00,1473.14,1488
2026-05-01,11:45:00,1473.7,1487
2026-05-01,11:48:00,1474.63,1488
2026-05-01,11:51:00,1473.52,1487
2026-05-01,11:54:00,1473.04,1488
2026-05-01,11:57:00,1473.03,1488
2026-05-01,12:00:00,1473.08,1487
2026-05-01,12:03:00,1473.24,1488
2026-05-01,12:06:00,1473.11,1487
2026-05-01,12:09:00,1473.6,1487
2026-05-01,12:12:00,1473.53,1487
2026-05-01,12:15:00,1473.23,1488
2026-05-01,12:18:00,1473.17,1487
2026-05-01,12:21:00,1473.12,1486
2026-05-01,12:24:00,1473.13,1486
2026-05-01,12:27:00,1473.24,1487
2026-05-01,12:30:00,1473.1,1486
2026-05-01,12:33:00,1473.78,1486
2026-05-01,12:36:00,1473.36,1487
2026-05-01,12:39:00,1473.22,1486
2026-05-01,12:42:00,1473.18,1487
2026-05-01,12:45:00,1473.65,1487
2026-05-01,12:48:00,1473.3,1486
2026-05-01,12:51:00,1473.24,1487
2026-05-01,12:54:00,1473.28,1487
2026-05-01,12:57:00,1473.73,1486
2026-05-01,13:00:00,1473.77,1486
2026-05-01,13:03:00,1474.62,1488
2026-05-01,13:06:00,1474.69,1487
2026-05-01,13:09:00,1474.61,1486
2026-05-01,13:12:00,1474.62,1487
2026-05-01,13:15:00,1474.73,1487
2026-05-01,13:18:00,1474.35,1487
2026-05-01,13:21:00,1474.69,1486
2026-05-01,13:24:00,1474.69,1487
2026-05-01,13:27:00,1474.75,1487
2026-05-01,13:30:00,1474.68,1486
2026-05-01,13:33:00,1474.35,1487
2026-05-01,13:36:00,1473.76,1488
2026-05-01,13:39:00,1474.72,1487
2026-05-01,13:42:00,1474.21,1486
2026-05-01,13:45:00,1474.05,1486
2026-05-01,13:48:00,1475.06,1487
2026-05-01,13:51:00,1475.53,1487
2026-05-01,13:54:00,1475.16,1487
2026-05-01,13:57:00,1475.77,1487
2026-05-01,14:00:00,1474.2,1486
2026-05-01,14:03:00,1474.24,1486
2026-05-01,14:06:00,1473.98,1487
2026-05-01,14:09:00,1473.86,1486
2026-05-01,14:12:00,1474.8,1487
2026-05-01,14:15:00,1475.11,1486
2026-05-01,14:18:00,1474.65,1486
2026-05-01,14:21:00,1475.21,1486
2026-05-01,14:24:00,1475.69,1486
2026-05-01,14:27:00,1474.19,1486
2026-05-01,14:30:00,1474.58,1486
2026-05-01,14:33:00,1474.48,1486
2026-05-01,14:36:00,1475.06,1486
2026-05-01,14:39:00,1474.34,1487
2026-05-01,14:42:00,1475.29,1487
2026-05-01,14:45:00,1475.59,1487
2026-05-01,14:48:00,1474.36,1487
2026-05-01,14:51:00,1474.1,1486
2026-05-01,14:54:00,1475.87,1487
2026-05-01,14:57:00,1476.02,1487
2026-05-01,15:00:00,1474.66,1486
2026-05-01,15:03:00,1475.37,1486
2026-05-01,15:06:00,1474.58,1487
2026-05-01,15:09:00,1475.2,1486
2026-05-01,15:12:00,1474.62,1487
2026-05-01,15:15:00,1475.2,1486
2026-05-01,15:18:00,1474.6,1487
2026-05-01,15:21:00,1474.74,1487
2026-05-01,15:24:00,1475.17,1487
2026-05-01,15:27:00,1474.17,1487
2026-05-01,15:30:00,1474.28,1486
2026-05-01,15:33:00,1474.21,1487
2026-05-01,15:36:00,1474.21,1487
2026-05-01,15:39:00,1474.2,1486
2026-05-01,15:42:00,1474.18,1487
2026-05-01,15:45:00,1473.43,1486
2026-05-01,15:48:00,1472.56,1487
2026-05-01,15:51:00,1472.59,1487
2026-05-01,15:54:00,1471.97,1487
2026-05-01,15:57:00,1472.44,1487
2026-05-01,16:00:00,1473.06,1488
2026-05-01,16:03:00,1473.08,1487
2026-05-01,16:06:00,1472.96,1488
2026-05-01,16:09:00,1473.12,1488
2026-05-01,16:12:00,1473.2,1488
2026-05-01,16:15:00,1473,1487
2026-05-01,16:18:00,1472.89,1487
2026-05-01,16:21:00,1473.37,1488
2026-05-01,16:24:00,1473.33,1488
2026-05-01,16:27:00,1473,1488
2026-05-01,16:30:00,1472.96,1488
2026-05-01,16:33:00,1473.08,1487
2026-05-01,16:36:00,1473.43,1488
2026-05-01,16:39:00,1473.02,1488
2026-05-01,16:42:00,1472.93,1489
2026-05-01,16:45:00,1473.02,1487
2026-05-01,16:48:00,1472.97,1488
2026-05-01,16:51:00,1473.02,1487
2026-05-01,16:54:00,1473.66,1488
2026-05-01,16:57:00,1472.87,1488
2026-05-01,17:00:00,1472.9,1487
2026-05-01,17:03:00,1472.95,1488
2026-05-01,17:06:00,1472.74,1488
2026-05-01,17:09:00,1472.86,1488
2026-05-01,17:12:00,1472.86,1488
2026-05-01,17:15:00,1472.78,1487
2026-05-01,17:18:00,1472.79,1487
2026-05-01,17:21:00,1472.67,1488
2026-05-01,17:24:00,1472.43,1487
2026-05-01,17:27:00,1472.3,1488
2026-05-01,17:30:00,1472.48,1487
2026-05-01,17:33:00,1472.44,1487
2026-05-01,17:36:00,1472.74,1487
2026-05-01,17:39:00,1472.44,1487
2026-05-01,17:42:00,1472.28,1488
2026-05-01,17:45:00,1472.52,1487
2026-05-01,17:48:00,1472.71,1487
2026-05-01,17:51:00,1472.18,1487
2026-05-01,17:54:00,1472.72,1486
2026-05-01,17:57:00,1472.36,1486
2026-05-01,18:00:00,1472.65,1486
2026-05-01,18:03:00,1472.72,1486
2026-05-01,18:06:00,1472.81,1486
2026-05-01,18:09:00,1472.8,1486
2026-05-01,18:12:00,1472.93,1486
2026-05-01,18:15:00,1472.83,1487
2026-05-01,18:18:00,1472.88,1486
2026-05-01,18:21:00,1472.89,1487
2026-05-01,18:24:00,1472.96,1486
2026-05-01,18:27:00,1472.72,1486
2026-05-01,18:30:00,1473,1487
2026-05-01,18:33:00,1472.89,1487
2026-05-01,18:36:00,1472.91,1487
2026-05-01,18:39:00,1472.88,1487
2026-05-01,18:42:00,1472.91,1486
2026-05-01,18:45:00,1472.96,1487
2026-05-01,18:48:00,1472.85,1488
2026-05-01,18:51:00,,1488
2026-05-01,18:54:00,,1487
2026-05-01,18:57:00,,1487
2026-05-01,19:00:00,,1487
2026-05-01,19:03:00,,1488
2026-05-01,19:06:00,1473.08,1488
2026-05-01,19:09:00,1473.15,1488
2026-05-01,19:12:00,1473.06,1487
2026-05-01,19:15:00,1473,1488
2026-05-01,19:18:00,1473.14,1488
2026-05-01,19:21:00,1473.02,1487
2026-05-01,19:24:00,1472.84,1488
2026-05-01,19:27:00,,1488
2026-05-01,19:30:00,,1487
2026-05-01,19:33:00,,1488
2026-05-01,19:36:00,,1487
2026-05-01,19:39:00,,1487
2026-05-01,19:42:00,,1488
2026-05-01,19:45:00,,1488
2026-05-01,19:48:00,,1487
2026-05-01,19:51:00,,1487
2026-05-01,19:54:00,,1487
2026-05-01,19:57:00,,1488
2026-05-01,20:00:00,,1487
2026-05-01,20:03:00,,1487
2026-05-01,20:06:00,,1487
2026-05-01,20:09:00,,1487
2026-05-01,20:12:00,,1486
2026-05-01,20:15:00,,1487
2026-05-01,20:18:00,,1487
2026-05-01,20:21:00,,1487
2026-05-01,20:24:00,,1486
2026-05-01,20:27:00,,1486
2026-05-01,20:30:00,,1487
2026-05-01,20:33:00,,1487
2026-05-01,20:36:00,,1487
2026-05-01,20:39:00,,1486
2026-05-01,20:42:00,,1487
2026-05-01,20:45:00,,1486
2026-05-01,20:48:00,,1487
2026-05-01,20:51:00,,1487
2026-05-01,20:54:00,,1487
2026-05-01,20:57:00,,1486
2026-05-01,21:00:00,,1486
2026-05-01,21:03:00,,1487
2026-05-01,21:06:00,,1486
2026-05-01,21:09:00,,1486
2026-05-01,21:12:00,,1487
2026-05-01,21:15:00,,1486
2026-05-01,21:18:00,,1486
2026-05-01,21:21:00,1470.79,1486
2026-05-01,21:24:00,1468.78,1485
2026-05-01,21:27:00,1468.62,1485
2026-05-01,21:30:00,1470.74,1485
2026-05-01,21:33:00,1470.69,1485
2026-05-01,21:36:00,1470.73,1484
2026-05-01,21:39:00,1470.98,1483
2026-05-01,21:42:00,1471.27,1485
2026-05-01,21:45:00,1471.18,1484
2026-05-01,21:48:00,1471.98,1485
2026-05-01,21:51:00,1471.84,1484
2026-05-01,21:54:00,1472,1485
2026-05-01,21:57:00,1471.99,1485
2026-05-01,22:00:00,1471.74,1484
2026-05-01,22:03:00,1471.84,1484
2026-05-01,22:06:00,1470.98,1484
2026-05-01,22:09:00,1471.46,1482
2026-05-01,22:12:00,1471.49,1483
2026-05-01,22:15:00,1470.97,1483
2026-05-01,22:18:00,1471.23,1482
2026-05-01,22:21:00,1470.87,1483
2026-05-01,22:24:00,1471.89,1483
2026-05-01,22:27:00,1471.17,1483
2026-05-01,22:30:00,1470.96,1482
2026-05-01,22:33:00,1470.54,1481
2026-05-01,22:36:00,1470.58,1483
2026-05-01,22:39:00,1470.88,1483
2026-05-01,22:42:00,1470.53,1483
2026-05-01,22:45:00,1471.85,1484
2026-05-01,22:48:00,1471.34,1482
2026-05-01,22:51:00,1470.41,1481
2026-05-01,22:54:00,1470.03,1481
2026-05-01,22:57:00,1470.03,1482
2026-05-01,23:00:00,1469.03,1482
2026-05-01,23:03:00,1468.2,1482
2026-05-01,23:06:00,1469.55,1481
2026-05-01,23:09:00,1468.32,1481
2026-05-01,23:12:00,1469.3,1482
2026-05-01,23:15:00,1468.29,1482
2026-05-01,23:18:00,1468.35,1482
2026-05-01,23:21:00,1469.57,1482
2026-05-01,23:24:00,1469.63,1482
2026-05-01,23:27:00,1469.63,1483
2026-05-01,23:30:00,1468.29,1481
2026-05-01,23:33:00,1470.33,1482
2026-05-01,23:36:00,1468.13,1482
2026-05-01,23:39:00,1468.5,1481
2026-05-01,23:42:00,1470.2,1481
2026-05-01,23:45:00,1469.31,1482
2026-05-01,23:48:00,1468.01,1481
2026-05-01,23:51:00,1469.89,1481
2026-05-01,23:54:00,1469.21,1482
2026-05-01,23:57:00,1469.36,1481
2026-05-02,0:00:00,1469.65,1482
2026-05-02,0:03:00,1469.52,1481
2026-05-02,0:06:00,1469.58,1482
2026-05-02,0:09:00,1469.69,1481
2026-05-02,0:12:00,,1482
2026-05-02,0:15:00,1469.64,1481
2026-05-02,0:18:00,1469.4,1482
2026-05-02,0:21:00,1468.3,1481
2026-05-02,0:24:00,1469.48,1481
2026-05-02,0:27:00,1469.4,1482
2026-05-02,0:30:00,1469.85,1482
2026-05-02,0:33:00,1469.96,1482
2026-05-02,0:36:00,1468.69,1482
2026-05-02,0:39:00,1469.41,1481
2026-05-02,0:42:00,1467.42,1481
2026-05-02,0:45:00,1469.54,1482
2026-05-02,0:48:00,1469.74,1482
2026-05-02,0:51:00,1468.56,1482
2026-05-02,0:54:00,1469.99,1482
2026-05-02,0:57:00,1469.53,1482
2026-05-02,1:00:00,1470.15,1482
2026-05-02,1:03:00,1470.08,1482
2026-05-02,1:06:00,1469.4,1482
2026-05-02,1:09:00,1469.26,1482
2026-05-02,1:12:00,1469.2,1482
2026-05-02,1:15:00,1469.91,1481
2026-05-02,1:18:00,1470.35,1481
2026-05-02,1:21:00,1469.2,1482
2026-05-02,1:24:00,1470.24,1483
2026-05-02,1:27:00,1471.4,1482
2026-05-02,1:30:00,1470.12,1482
2026-05-02,1:33:00,1471.39,1482
2026-05-02,1:36:00,1469.89,1483
2026-05-02,1:39:00,1470.82,1483
2026-05-02,1:42:00,1469.53,1483
2026-05-02,1:45:00,1470.04,1483
2026-05-02,1:48:00,1470.09,1483
2026-05-02,1:51:00,1470.38,1482
2026-05-02,1:54:00,1470.32,1482
2026-05-02,1:57:00,1470.49,1483
2026-05-02,2:00:00,1470.67,1482
2026-05-02,2:03:00,1470.38,1483
2026-05-02,2:06:00,1470.99,1483
2026-05-02,2:09:00,1470.25,1483
2026-05-02,2:12:00,1471.3,1483
2026-05-02,2:15:00,1470.64,1482
2026-05-02,2:18:00,1471.53,1482
2026-05-02,2:21:00,1471.26,1482
2026-05-02,2:24:00,1471.75,1483
2026-05-02,2:27:00,1471.56,1483
2026-05-02,2:30:00,1471.71,1482
2026-05-02,2:33:00,1472.15,1483
2026-05-02,2:36:00,1471.67,1482
2026-05-02,2:39:00,1472.01,1482
2026-05-02,2:42:00,1472.22,1482
2026-05-02,2:45:00,1471.02,1482
2026-05-02,2:48:00,1471.62,1483
2026-05-02,2:51:00,1471.81,1482
2026-05-02,2:54:00,1471.39,1482
2026-05-02,2:57:00,1471.61,1482
2026-05-02,3:00:00,1472.1,1483
2026-05-02,3:03:00,1472.32,1482
2026-05-02,3:06:00,1472.2,1482
2026-05-02,3:09:00,1472.41,1483
2026-05-02,3:12:00,1472.37,1483
2026-05-02,3:15:00,1472.8,1483
2026-05-02,3:18:00,1472.69,1483
2026-05-02,3:21:00,1472.62,1483
2026-05-02,3:24:00,1472.49,1483
2026-05-02,3:27:00,1472.62,1483
2026-05-02,3:30:00,1472.33,1482
2026-05-02,3:33:00,1472.56,1482
2026-05-02,3:36:00,1472.26,1482
2026-05-02,3:39:00,1471.85,1483
2026-05-02,3:42:00,1471.51,1483
2026-05-02,3:45:00,1472.39,1483
2026-05-02,3:48:00,1472.36,1482
2026-05-02,3:51:00,1472.55,1483
2026-05-02,3:54:00,1472.2,1482
2026-05-02,3:57:00,1472.45,1482
2026-05-02,4:00:00,1472.22,1481
2026-05-02,4:03:00,1472.36,1482
2026-05-02,4:06:00,1472.4,1482
2026-05-02,4:09:00,1472.33,1481
2026-05-02,4:12:00,1472.38,1481
2026-05-02,4:15:00,1472.39,1481
2026-05-02,4:18:00,1472.34,1482
2026-05-02,4:21:00,1472.28,1482
2026-05-02,4:24:00,1472.29,1481
2026-05-02,4:27:00,1472.3,1482
2026-05-02,4:30:00,1472.52,1482
2026-05-02,4:33:00,1472.53,1483
2026-05-02,4:36:00,1472.61,1483
2026-05-02,4:39:00,1472.53,1483
2026-05-02,4:42:00,1472.65,1482
2026-05-02,4:45:00,1472.68,1483
2026-05-02,4:48:00,1472.67,1482
2026-05-02,4:51:00,1472.76,1483
2026-05-02,4:54:00,1472.52,1482
2026-05-02,4:57:00,1472.5,1483
2026-05-02,5:00:00,1471.75,1483
2026-05-02,5:03:00,1471.72,1482
2026-05-02,5:06:00,1471.64,1482
2026-05-02,5:09:00,1471.07,1483
2026-05-02,5:12:00,1471.05,1482
2026-05-02,5:15:00,1471.41,1482
2026-05-02,5:18:00,1470.93,1482
2026-05-02,5:21:00,1470.57,1482
2026-05-02,5:24:00,1470.32,1482
2026-05-02,5:27:00,1470.87,1483
2026-05-02,5:30:00,1470.93,1482
2026-05-02,5:33:00,1471.17,1483
2026-05-02,5:36:00,1470.51,1482
2026-05-02,5:39:00,1470.82,1483
2026-05-02,5:42:00,1470.56,1482
2026-05-02,5:45:00,1470.45,1482
2026-05-02,5:48:00,1470.39,1483
2026-05-02,5:51:00,1470.38,1484
2026-05-02,5:54:00,1470.49,1484
2026-05-02,5:57:00,1471.22,1484
2026-05-02,6:00:00,,1483
2026-05-02,6:03:00,,1484
2026-05-02,6:06:00,,1483
2026-05-02,6:09:00,,1483
2026-05-02,6:12:00,,1483
2026-05-02,6:15:00,,1484
2026-05-02,6:18:00,,1484
2026-05-02,6:21:00,,1483
2026-05-02,6:24:00,,1483
2026-05-02,6:27:00,,1483
2026-05-02,6:30:00,,1483
2026-05-02,6:33:00,,1483
2026-05-02,6:36:00,,1483
2026-05-02,6:39:00,,1482
2026-05-02,6:42:00,,1484
2026-05-02,6:45:00,,1483
2026-05-02,6:48:00,,1483
2026-05-02,6:51:00,,1483
2026-05-02,6:54:00,,1484
2026-05-02,6:57:00,,1484
2026-05-02,7:00:00,,1483
2026-05-02,7:03:00,,1483
2026-05-02,7:06:00,,1483
2026-05-02,7:09:00,,1483
2026-05-02,7:12:00,,1483
2026-05-02,7:15:00,,1483
2026-05-02,7:18:00,,1484
2026-05-02,7:21:00,,1483
2026-05-02,7:24:00,,1484
2026-05-02,7:27:00,,1484
2026-05-02,7:30:00,,1483
2026-05-02,7:33:00,,1483
2026-05-02,7:36:00,,1484
2026-05-02,7:39:00,,1483
2026-05-02,7:42:00,,1484
2026-05-02,7:45:00,,1484
2026-05-02,7:48:00,,1483
2026-05-02,7:51:00,,1483
2026-05-02,7:54:00,,1484
2026-05-02,7:57:00,,1484
2026-05-02,8:00:00,,1484
2026-05-02,8:03:00,,1484
2026-05-02,8:06:00,,1484
2026-05-02,8:09:00,,1484
2026-05-02,8:12:00,,1483
2026-05-02,8:15:00,,1484
2026-05-02,8:18:00,,1484
2026-05-02,8:21:00,,1484
2026-05-02,8:24:00,,1484
2026-05-02,8:27:00,,1484
2026-05-02,8:30:00,,1484
2026-05-02,8:33:00,,1484
2026-05-02,8:36:00,,1484
2026-05-02,8:39:00,,1484
2026-05-02,8:42:00,,1484
2026-05-02,8:45:00,,1483
2026-05-02,8:48:00,,1484
2026-05-02,8:51:00,,1484
2026-05-02,8:54:00,,1483
2026-05-02,8:57:00,,1483
2026-05-02,9:00:00,,1484
2026-05-02,9:03:00,,1484
2026-05-02,9:06:00,,1484
2026-05-02,9:09:00,,1485
2026-05-02,9:12:00,,1485
2026-05-02,9:15:00,,1485
2026-05-02,9:18:00,,1484
2026-05-02,9:21:00,,1485
2026-05-02,9:24:00,,1484
2026-05-02,9:27:00,,1485
2026-05-02,9:30:00,,1484
2026-05-02,9:33:00,,1484
2026-05-02,9:36:00,,1485
2026-05-02,9:39:00,,1485
2026-05-02,9:42:00,,1485
2026-05-02,9:45:00,,1485
2026-05-02,9:48:00,,1485
2026-05-02,9:51:00,,1485
2026-05-02,9:54:00,,1484
2026-05-02,9:57:00,,1485
2026-05-02,10:00:00,,1485
2026-05-02,10:03:00,,1485
2026-05-02,10:06:00,,1485
2026-05-02,10:09:00,,1485
2026-05-02,10:12:00,,1484
2026-05-02,10:15:00,,1484
2026-05-02,10:18:00,,1485
2026-05-02,10:21:00,,1484
2026-05-02,10:24:00,,1485
2026-05-02,10:27:00,,1485
2026-05-02,10:30:00,,1484
2026-05-02,10:33:00,,1485
2026-05-02,10:36:00,,1485
2026-05-02,10:39:00,,1484
2026-05-02,10:42:00,,1484
2026-05-02,10:45:00,,1484
2026-05-02,10:48:00,,1485
2026-05-02,10:51:00,,1484
2026-05-02,10:54:00,,1485
2026-05-02,10:57:00,,1485
2026-05-02,11:00:00,,1485
2026-05-02,11:03:00,,1485
2026-05-02,11:06:00,,1484
2026-05-02,11:09:00,,1484
2026-05-02,11:12:00,,1484
2026-05-02,11:15:00,,1484
2026-05-02,11:18:00,,1485
2026-05-02,11:21:00,,1485
2026-05-02,11:24:00,,1485
2026-05-02,11:27:00,,1484
2026-05-02,11:30:00,,1484
2026-05-02,11:33:00,,1484
2026-05-02,11:36:00,,1484
2026-05-02,11:39:00,,1484
2026-05-02,11:42:00,,1484
2026-05-02,11:45:00,,1484
2026-05-02,11:48:00,,1483
2026-05-02,11:51:00,,1484
2026-05-02,11:54:00,,1483
2026-05-02,11:57:00,,1485
2026-05-02,12:00:00,,1484
2026-05-02,12:03:00,,1484
2026-05-02,12:06:00,,1485
2026-05-02,12:09:00,,1485
2026-05-02,12:12:00,,1484
2026-05-02,12:15:00,,1485
2026-05-02,12:18:00,,1484
2026-05-02,12:21:00,,1484
2026-05-02,12:24:00,,1484
2026-05-02,12:27:00,,1484
2026-05-02,12:30:00,,1485
2026-05-02,12:33:00,,1484
2026-05-02,12:36:00,,1485
2026-05-02,12:39:00,,1484
2026-05-02,12:42:00,,1484
2026-05-02,12:45:00,,1484
2026-05-02,12:48:00,,1484
2026-05-02,12:51:00,,1485
2026-05-02,12:54:00,,1485
2026-05-02,12:57:00,,1485
2026-05-02,13:00:00,,1484
2026-05-02,13:03:00,,1485
2026-05-02,13:06:00,,1484
2026-05-02,13:09:00,,1485
2026-05-02,13:12:00,,1485
2026-05-02,13:15:00,,1485
2026-05-02,13:18:00,,1485
2026-05-02,13:21:00,,1485
2026-05-02,13:24:00,,1485
2026-05-02,13:27:00,,1485
2026-05-02,13:30:00,,1485
2026-05-02,13:33:00,,1484
2026-05-02,13:36:00,,1484
2026-05-02,13:39:00,,1484
2026-05-02,13:42:00,,1484
2026-05-02,13:45:00,,1483
2026-05-02,13:48:00,,1484
2026-05-02,13:51:00,,1485
2026-05-02,13:54:00,,1485
2026-05-02,13:57:00,,1485
2026-05-02,14:00:00,,1484
2026-05-02,14:03:00,,1485
2026-05-02,14:06:00,,1485
2026-05-02,14:09:00,,1485
2026-05-02,14:12:00,,1484
2026-05-02,14:15:00,,1485
2026-05-02,14:18:00,,1485
2026-05-02,14:21:00,,1485
2026-05-02,14:24:00,,1484
2026-05-02,14:27:00,,1485
2026-05-02,14:30:00,,1484
2026-05-02,14:33:00,,1485
2026-05-02,14:36:00,,1484
2026-05-02,14:39:00,,1485
2026-05-02,14:42:00,,1484
2026-05-02,14:45:00,,1484
2026-05-02,14:48:00,,1485
2026-05-02,14:51:00,,1485
2026-05-02,14:54:00,,1485
2026-05-02,14:57:00,,1485
2026-05-02,15:00:00,,1485
2026-05-02,15:03:00,,1485
2026-05-02,15:06:00,,1485
2026-05-02,15:09:00,,1484
2026-05-02,15:12:00,,1485
2026-05-02,15:15:00,,1485
2026-05-02,15:18:00,,1484
2026-05-02,15:21:00,,1485
2026-05-02,15:24:00,,1484
2026-05-02,15:27:00,,1485
2026-05-02,15:30:00,,1485
2026-05-02,15:33:00,,1486
2026-05-02,15:36:00,,1485
2026-05-02,15:39:00,,1486
2026-05-02,15:42:00,,1486
2026-05-02,15:45:00,,1485
2026-05-02,15:48:00,,1486
2026-05-02,15:51:00,,1486
2026-05-02,15:54:00,,1485
2026-05-02,15:57:00,,1485
2026-05-02,16:00:00,,1484
2026-05-02,16:03:00,,1485
2026-05-02,16:06:00,,1484
2026-05-02,16:09:00,,1484
2026-05-02,16:12:00,,1485
2026-05-02,16:15:00,,1485
2026-05-02,16:18:00,,1484
2026-05-02,16:21:00,,1484
2026-05-02,16:24:00,,1485
2026-05-02,16:27:00,,1485
2026-05-02,16:30:00,,1484
2026-05-02,16:33:00,,1484
2026-05-02,16:36:00,,1485
2026-05-02,16:39:00,,1484
2026-05-02,16:42:00,,1484
2026-05-02,16:45:00,,1484
2026-05-02,16:48:00,,1484
2026-05-02,16:51:00,,1484
2026-05-02,16:54:00,,1484
2026-05-02,16:57:00,,1485
2026-05-02,17:00:00,,1485
2026-05-02,17:03:00,,1486
2026-05-02,17:06:00,,1486
2026-05-02,17:09:00,,1484
2026-05-02,17:12:00,,1485
2026-05-02,17:15:00,,1484
2026-05-02,17:18:00,,1484
2026-05-02,17:21:00,,1484
2026-05-02,17:24:00,,1485
2026-05-02,17:27:00,,1485
2026-05-02,17:30:00,,1484
2026-05-02,17:33:00,,1485
2026-05-02,17:36:00,,1484
2026-05-02,17:39:00,,1484
2026-05-02,17:42:00,,1485
2026-05-02,17:45:00,,1484
2026-05-02,17:48:00,,1484
2026-05-02,17:51:00,,1485
2026-05-02,17:54:00,,1484
2026-05-02,17:57:00,,1485
2026-05-02,18:00:00,,1484
2026-05-02,18:03:00,,1485
2026-05-02,18:06:00,,1485
2026-05-02,18:09:00,,1485
2026-05-02,18:12:00,,1485
2026-05-02,18:15:00,,1484
2026-05-02,18:18:00,,1484
2026-05-02,18:21:00,,1484
2026-05-02,18:24:00,,1485
2026-05-02,18:27:00,,1485
2026-05-02,18:30:00,,1484
2026-05-02,18:33:00,,1484
2026-05-02,18:36:00,,1485
2026-05-02,18:39:00,,1485
2026-05-02,18:42:00,,1484
2026-05-02,18:45:00,,1485
2026-05-02,18:48:00,,1485
2026-05-02,18:51:00,,1485
2026-05-02,18:54:00,,1484
2026-05-02,18:57:00,,1485
2026-05-02,19:00:00,,1484
2026-05-02,19:03:00,,1485
2026-05-02,19:06:00,,1485
2026-05-02,19:09:00,,1485
2026-05-02,19:12:00,,1485
2026-05-02,19:15:00,,1484
2026-05-02,19:18:00,,1485
2026-05-02,19:21:00,,1484
2026-05-02,19:24:00,,1485
2026-05-02,19:27:00,,1485
2026-05-02,19:30:00,,1485
2026-05-02,19:33:00,,1485
2026-05-02,19:36:00,,1484
2026-05-02,19:39:00,,1484
2026-05-02,19:42:00,,1484
2026-05-02,19:45:00,,1484
2026-05-02,19:48:00,,1485
2026-05-02,19:51:00,,1484
2026-05-02,19:54:00,,1484
2026-05-02,19:57:00,,1485
2026-05-02,20:00:00,,1484
2026-05-02,20:03:00,,1485
2026-05-02,20:06:00,,1485
2026-05-02,20:09:00,,1485
2026-05-02,20:12:00,,1485
2026-05-02,20:15:00,,1485
2026-05-02,20:18:00,,1484
2026-05-02,20:21:00,,1483
2026-05-02,20:24:00,,1483
2026-05-02,20:27:00,,1484
2026-05-02,20:30:00,,1484
2026-05-02,20:33:00,,1484
2026-05-02,20:36:00,,1484
2026-05-02,20:39:00,,1483
2026-05-02,20:42:00,,1484
2026-05-02,20:45:00,,1483
2026-05-02,20:48:00,,1484
2026-05-02,20:51:00,,1483
2026-05-02,20:54:00,,1483
2026-05-02,20:57:00,,1484
2026-05-02,21:00:00,,1484
2026-05-02,21:03:00,,1483
2026-05-02,21:06:00,,1483
2026-05-02,21:09:00,,1483
2026-05-02,21:12:00,,1483
2026-05-02,21:15:00,,1483
2026-05-02,21:18:00,,1483
2026-05-02,21:21:00,,1483
2026-05-02,21:24:00,,1483
2026-05-02,21:27:00,,1482
2026-05-02,21:30:00,,1483
2026-05-02,21:33:00,,1483
2026-05-02,21:36:00,,1482
2026-05-02,21:39:00,,1483
2026-05-02,21:42:00,,1482
2026-05-02,21:45:00,,1482
2026-05-02,21:48:00,,1483
2026-05-02,21:51:00,,1483
2026-05-02,21:54:00,,1484
2026-05-02,21:57:00,,1484
2026-05-02,22:00:00,,1484
2026-05-02,22:03:00,,1484
2026-05-02,22:06:00,,1484
2026-05-02,22:09:00,,1484
2026-05-02,22:12:00,,1484
2026-05-02,22:15:00,,1483
2026-05-02,22:18:00,,1484
2026-05-02,22:21:00,,1483
2026-05-02,22:24:00,,1483
2026-05-02,22:27:00,,1484
2026-05-02,22:30:00,,1483
2026-05-02,22:33:00,,1483
2026-05-02,22:36:00,,1483
2026-05-02,22:39:00,,1484
2026-05-02,22:42:00,,1483
2026-05-02,22:45:00,,1484
2026-05-02,22:48:00,,1484
2026-05-02,22:51:00,,1483
2026-05-02,22:54:00,,1484
2026-05-02,22:57:00,,1484
2026-05-02,23:00:00,,1484
2026-05-02,23:03:00,,1483
2026-05-02,23:06:00,,1483
2026-05-02,23:09:00,,1482
2026-05-02,23:12:00,,1484
2026-05-02,23:15:00,,1483
2026-05-02,23:18:00,,1483
2026-05-02,23:21:00,,1483
2026-05-02,23:24:00,,1483
2026-05-02,23:27:00,,1483
2026-05-02,23:30:00,,1483
2026-05-02,23:33:00,,1483
2026-05-02,23:36:00,,1483
2026-05-02,23:39:00,,1483
2026-05-02,23:42:00,,1483
2026-05-02,23:45:00,,1483
2026-05-02,23:48:00,,1484
2026-05-02,23:51:00,,1483
2026-05-02,23:54:00,,1483
2026-05-02,23:57:00,,1484
2026-05-03,0:00:00,,1483
2026-05-03,0:03:00,,1483
2026-05-03,0:06:00,,1482
2026-05-03,0:09:00,,1482
2026-05-03,0:12:00,,1483
2026-05-03,0:15:00,,1484
2026-05-03,0:18:00,,1483
2026-05-03,0:21:00,,1484
2026-05-03,0:24:00,,1483
2026-05-03,0:27:00,,1484
2026-05-03,0:30:00,,1483
2026-05-03,0:33:00,,1484
2026-05-03,0:36:00,,1484
2026-05-03,0:39:00,,1483
2026-05-03,0:42:00,,1484
2026-05-03,0:45:00,,1483
2026-05-03,0:48:00,,1483
2026-05-03,0:51:00,,1483
2026-05-03,0:54:00,,1483
2026-05-03,0:57:00,,1483
2026-05-03,1:00:00,,1484
2026-05-03,1:03:00,,1483
2026-05-03,1:06:00,,1484
2026-05-03,1:09:00,,1483
2026-05-03,1:12:00,,1483
2026-05-03,1:15:00,,1484
2026-05-03,1:18:00,,1483
2026-05-03,1:21:00,,1483
2026-05-03,1:24:00,,1483
2026-05-03,1:27:00,,1484
2026-05-03,1:30:00,,1483
2026-05-03,1:33:00,,1483
2026-05-03,1:36:00,,1483
2026-05-03,1:39:00,,1484
2026-05-03,1:42:00,,1484
2026-05-03,1:45:00,,1484
2026-05-03,1:48:00,,1484
2026-05-03,1:51:00,,1483
2026-05-03,1:54:00,,1483
2026-05-03,1:57:00,,1483
2026-05-03,2:00:00,,1483
2026-05-03,2:03:00,,1483
2026-05-03,2:06:00,,1483
2026-05-03,2:09:00,,1483
2026-05-03,2:12:00,,1483
2026-05-03,2:15:00,,1483
2026-05-03,2:18:00,,1484
2026-05-03,2:21:00,,1482
2026-05-03,2:24:00,,1482
2026-05-03,2:27:00,,1482
2026-05-03,2:30:00,,1483
2026-05-03,2:33:00,,1482
2026-05-03,2:36:00,,1482
2026-05-03,2:39:00,,1483
2026-05-03,2:42:00,,1483
2026-05-03,2:45:00,,1483
2026-05-03,2:48:00,,1483
2026-05-03,2:51:00,,1483
2026-05-03,2:54:00,,1483
2026-05-03,2:57:00,,1484
2026-05-03,3:00:00,,1484
2026-05-03,3:03:00,,1484
2026-05-03,3:06:00,,1484
2026-05-03,3:09:00,,1484
2026-05-03,3:12:00,,1483
2026-05-03,3:15:00,,1483
2026-05-03,3:18:00,,1484
2026-05-03,3:21:00,,1483
2026-05-03,3:24:00,,1483
2026-05-03,3:27:00,,1483
2026-05-03,3:30:00,,1483
2026-05-03,3:33:00,,1483
2026-05-03,3:36:00,,1483
2026-05-03,3:39:00,,1483
2026-05-03,3:42:00,,1483
2026-05-03,3:45:00,,1483
2026-05-03,3:48:00,,1483
2026-05-03,3:51:00,,1483
2026-05-03,3:54:00,,1484
2026-05-03,3:57:00,,1484
2026-05-03,4:00:00,,1484
2026-05-03,4:03:00,,1483
2026-05-03,4:06:00,,1484
2026-05-03,4:09:00,,1483
2026-05-03,4:12:00,,1483
2026-05-03,4:15:00,,1483
2026-05-03,4:18:00,,1482
2026-05-03,4:21:00,,1483
2026-05-03,4:24:00,,1483
2026-05-03,4:27:00,,1483
2026-05-03,4:30:00,,1482
2026-05-03,4:33:00,,1483
2026-05-03,4:36:00,,1483
2026-05-03,4:39:00,,1483
2026-05-03,4:42:00,,1482
2026-05-03,4:45:00,,1482
2026-05-03,4:48:00,,1482
2026-05-03,4:51:00,,1483
2026-05-03,4:54:00,,1482
2026-05-03,4:57:00,,1483
2026-05-03,5:00:00,,1483
2026-05-03,5:03:00,,1483
2026-05-03,5:06:00,,1483
2026-05-03,5:09:00,,1483
2026-05-03,5:12:00,,1482
2026-05-03,5:15:00,,1483
2026-05-03,5:18:00,,1483
2026-05-03,5:21:00,,1483
2026-05-03,5:24:00,,1482
2026-05-03,5:27:00,,1483
2026-05-03,5:30:00,,1482
2026-05-03,5:33:00,,1483
2026-05-03,5:36:00,,1482
2026-05-03,5:39:00,,1483
2026-05-03,5:42:00,,1483
2026-05-03,5:45:00,,1483
2026-05-03,5:48:00,,1483
2026-05-03,5:51:00,,1482
2026-05-03,5:54:00,,1482
2026-05-03,5:57:00,,1483
2026-05-03,6:00:00,,1482
2026-05-03,6:03:00,,1482
2026-05-03,6:06:00,,1482
2026-05-03,6:09:00,,1483
2026-05-03,6:12:00,,1483
2026-05-03,6:15:00,,1483
2026-05-03,6:18:00,,1482
2026-05-03,6:21:00,,1483
2026-05-03,6:24:00,,1482
2026-05-03,6:27:00,,1483
2026-05-03,6:30:00,,1482
2026-05-03,6:33:00,,1482
2026-05-03,6:36:00,,1482
2026-05-03,6:39:00,,1482
2026-05-03,6:42:00,,1481
2026-05-03,6:45:00,,1482
2026-05-03,6:48:00,,1481
2026-05-03,6:51:00,,1482
2026-05-03,6:54:00,,1481
2026-05-03,6:57:00,,1482
2026-05-03,7:00:00,,1481
2026-05-03,7:03:00,,1481
2026-05-03,7:06:00,,1481
2026-05-03,7:09:00,,1482
2026-05-03,7:12:00,,1481
2026-05-03,7:15:00,,1481
2026-05-03,7:18:00,,1481
2026-05-03,7:21:00,,1482
2026-05-03,7:24:00,,1481
2026-05-03,7:27:00,,1482
2026-05-03,7:30:00,,1482
2026-05-03,7:33:00,,1481
2026-05-03,7:36:00,,1481
2026-05-03,7:39:00,,1481
2026-05-03,7:42:00,,1481
2026-05-03,7:45:00,,1481
2026-05-03,7:48:00,,1481
2026-05-03,7:51:00,,1481
2026-05-03,7:54:00,,1481
2026-05-03,7:57:00,,1482
2026-05-03,8:00:00,,1481
2026-05-03,8:03:00,,1482
2026-05-03,8:06:00,,1481
2026-05-03,8:09:00,,1481
2026-05-03,8:12:00,,1481
2026-05-03,8:15:00,,1481
2026-05-03,8:18:00,,1481
2026-05-03,8:21:00,,1481
2026-05-03,8:24:00,,1481
2026-05-03,8:27:00,,1481
2026-05-03,8:30:00,,1482
2026-05-03,8:33:00,,1481
2026-05-03,8:36:00,,1482
2026-05-03,8:39:00,,1482
2026-05-03,8:42:00,,1482
2026-05-03,8:45:00,,1481
2026-05-03,8:48:00,,1482
2026-05-03,8:51:00,,1482
2026-05-03,8:54:00,,1482
2026-05-03,8:57:00,,1482
2026-05-03,9:00:00,,1483
2026-05-03,9:03:00,,1482
2026-05-03,9:06:00,,1483
2026-05-03,9:09:00,,1483
2026-05-03,9:12:00,,1483
2026-05-03,9:15:00,,1484
2026-05-03,9:18:00,,1484
2026-05-03,9:21:00,,1483
2026-05-03,9:24:00,,1484
2026-05-03,9:27:00,,1483
2026-05-03,9:30:00,,1483
2026-05-03,9:33:00,,1484
2026-05-03,9:36:00,,1483
2026-05-03,9:39:00,,1483
2026-05-03,9:42:00,,1483
2026-05-03,9:45:00,,1484
2026-05-03,9:48:00,,1484
2026-05-03,9:51:00,,1484
2026-05-03,9:54:00,,1483
2026-05-03,9:57:00,,1483
2026-05-03,10:00:00,,1484
2026-05-03,10:03:00,,1485
2026-05-03,10:06:00,,1484
2026-05-03,10:09:00,,1485
2026-05-03,10:12:00,,1485
2026-05-03,10:15:00,,1485
2026-05-03,10:18:00,,1485
2026-05-03,10:21:00,,1485
2026-05-03,10:24:00,,1485
2026-05-03,10:27:00,,1485
2026-05-03,10:30:00,,1485
2026-05-03,10:33:00,,1485
2026-05-03,10:36:00,,1485
2026-05-03,10:39:00,,1485
2026-05-03,10:42:00,,1486
2026-05-03,10:45:00,,1486
2026-05-03,10:48:00,,1485
2026-05-03,10:51:00,,1485
2026-05-03,10:54:00,,1485
2026-05-03,10:57:00,,1486
2026-05-03,11:00:00,,1485
2026-05-03,11:03:00,,1485
2026-05-03,11:06:00,,1485
2026-05-03,11:09:00,,1485
2026-05-03,11:12:00,,1485
2026-05-03,11:15:00,,1485
2026-05-03,11:18:00,,1486
2026-05-03,11:21:00,,1486
2026-05-03,11:24:00,,1486
2026-05-03,11:27:00,,1486
2026-05-03,11:30:00,,1486
2026-05-03,11:33:00,,1486
2026-05-03,11:36:00,,1486
2026-05-03,11:39:00,,1485
2026-05-03,11:42:00,,1486
2026-05-03,11:45:00,,1486
2026-05-03,11:48:00,,1486
2026-05-03,11:51:00,,1485
2026-05-03,11:54:00,,1485
2026-05-03,11:57:00,,1486
2026-05-03,12:00:00,,1486
2026-05-03,12:03:00,,1486
2026-05-03,12:06:00,,1486
2026-05-03,12:09:00,,1486
2026-05-03,12:12:00,,1485
2026-05-03,12:15:00,,1485
2026-05-03,12:18:00,,1485
2026-05-03,12:21:00,,1485
2026-05-03,12:24:00,,1485
2026-05-03,12:27:00,,1485
2026-05-03,12:30:00,,1485
2026-05-03,12:33:00,,1485
2026-05-03,12:36:00,,1484
2026-05-03,12:39:00,,1484
2026-05-03,12:42:00,,1485
2026-05-03,12:45:00,,1485
2026-05-03,12:48:00,,1485
2026-05-03,12:51:00,,1485
2026-05-03,12:54:00,,1484
2026-05-03,12:57:00,,1484
2026-05-03,13:00:00,,1484
2026-05-03,13:03:00,,1485
2026-05-03,13:06:00,,1485
2026-05-03,13:09:00,,1485
2026-05-03,13:12:00,,1485
2026-05-03,13:15:00,,1485
2026-05-03,13:18:00,,1484
2026-05-03,13:21:00,,1485
2026-05-03,13:24:00,,1485
2026-05-03,13:27:00,,1485
2026-05-03,13:30:00,,1485
2026-05-03,13:33:00,,1484
2026-05-03,13:36:00,,1484
2026-05-03,13:39:00,,1485
2026-05-03,13:42:00,,1485
2026-05-03,13:45:00,,1485
2026-05-03,13:48:00,,1485
2026-05-03,13:51:00,,1485
2026-05-03,13:54:00,,1485
2026-05-03,13:57:00,,1485
2026-05-03,14:00:00,,1485
2026-05-03,14:03:00,,1485
2026-05-03,14:06:00,,1485
2026-05-03,14:09:00,,1484
2026-05-03,14:12:00,,1484
2026-05-03,14:15:00,,1485
2026-05-03,14:18:00,,1485
2026-05-03,14:21:00,,1484
2026-05-03,14:24:00,,1485
2026-05-03,14:27:00,,1484
2026-05-03,14:30:00,,1485
2026-05-03,14:33:00,,1485
2026-05-03,14:36:00,,1485
2026-05-03,14:39:00,,1485
2026-05-03,14:42:00,,1485
2026-05-03,14:45:00,,1485
2026-05-03,14:48:00,,1484
2026-05-03,14:51:00,,1485
2026-05-03,14:54:00,,1484
2026-05-03,14:57:00,,1485
2026-05-03,15:00:00,,1485
2026-05-03,15:03:00,,1485
2026-05-03,15:06:00,,1484
2026-05-03,15:09:00,,1485
2026-05-03,15:12:00,,1485
2026-05-03,15:15:00,,1484
2026-05-03,15:18:00,,1485
2026-05-03,15:21:00,,1484
2026-05-03,15:24:00,,1485
2026-05-03,15:27:00,,1485
2026-05-03,15:30:00,,1485
2026-05-03,15:33:00,,1486
2026-05-03,15:36:00,,1485
2026-05-03,15:39:00,,1485
2026-05-03,15:42:00,,1485
2026-05-03,15:45:00,,1485
2026-05-03,15:48:00,,1486
2026-05-03,15:51:00,,1485
2026-05-03,15:54:00,,1485
2026-05-03,15:57:00,,1485
2026-05-03,16:00:00,,1485
2026-05-03,16:03:00,,1485
2026-05-03,16:06:00,,1485
2026-05-03,16:09:00,,1485
2026-05-03,16:12:00,,1485
2026-05-03,16:15:00,,1485
2026-05-03,16:18:00,,1485
2026-05-03,16:21:00,,1485
2026-05-03,16:24:00,,1485
2026-05-03,16:27:00,,1485
2026-05-03,16:30:00,,1484
2026-05-03,16:33:00,,1485
2026-05-03,16:36:00,,1484
2026-05-03,16:39:00,,1485
2026-05-03,16:42:00,,1485
2026-05-03,16:45:00,,1486
2026-05-03,16:48:00,,1484
2026-05-03,16:51:00,,1484
2026-05-03,16:54:00,,1485
2026-05-03,16:57:00,,1485
2026-05-03,17:00:00,,1485
2026-05-03,17:03:00,,1485
2026-05-03,17:06:00,,1485
2026-05-03,17:09:00,,1485
2026-05-03,17:12:00,,1484
2026-05-03,17:15:00,,1484
2026-05-03,17:18:00,,1485
2026-05-03,17:21:00,,1485
2026-05-03,17:24:00,,1485
2026-05-03,17:27:00,,1486
2026-05-03,17:30:00,,1485
2026-05-03,17:33:00,,1485
2026-05-03,17:36:00,,1485
2026-05-03,17:39:00,,1486
2026-05-03,17:42:00,,1486
2026-05-03,17:45:00,,1485
2026-05-03,17:48:00,,1485
2026-05-03,17:51:00,,1485
2026-05-03,17:54:00,,1485
2026-05-03,17:57:00,,1486
2026-05-03,18:00:00,,1485
2026-05-03,18:03:00,,1485
2026-05-03,18:06:00,,1485
2026-05-03,18:09:00,,1485
2026-05-03,18:12:00,,1486
2026-05-03,18:15:00,,1485
2026-05-03,18:18:00,,1485
2026-05-03,18:21:00,,1485
2026-05-03,18:24:00,,1484
2026-05-03,18:27:00,,1484
2026-05-03,18:30:00,,1485
2026-05-03,18:33:00,,1485
2026-05-03,18:36:00,,1485
2026-05-03,18:39:00,,1485
2026-05-03,18:42:00,,1485
2026-05-03,18:45:00,,1485
2026-05-03,18:48:00,,1484
2026-05-03,18:51:00,,1485
2026-05-03,18:54:00,,1485
2026-05-03,18:57:00,,1485
2026-05-03,19:00:00,,1485
2026-05-03,19:03:00,,1485
2026-05-03,19:06:00,,1485
2026-05-03,19:09:00,,1484
2026-05-03,19:12:00,,1485
2026-05-03,19:15:00,,1484
2026-05-03,19:18:00,,1485
2026-05-03,19:21:00,,1485
2026-05-03,19:24:00,,1484
2026-05-03,19:27:00,,1485
2026-05-03,19:30:00,,1485
2026-05-03,19:33:00,,1485
2026-05-03,19:36:00,,1484
2026-05-03,19:39:00,,1485
2026-05-03,19:42:00,,1485
2026-05-03,19:45:00,,1485
2026-05-03,19:48:00,,1485
2026-05-03,19:51:00,,1484
2026-05-03,19:54:00,,1484
2026-05-03,19:57:00,,1485
2026-05-03,20:00:00,,1484
2026-05-03,20:03:00,,1484
2026-05-03,20:06:00,,1484
2026-05-03,20:09:00,,1484
2026-05-03,20:12:00,,1484
2026-05-03,20:15:00,,1485
2026-05-03,20:18:00,,1485
2026-05-03,20:21:00,,1484
2026-05-03,20:24:00,,1484
2026-05-03,20:27:00,,1485
2026-05-03,20:30:00,,1484
2026-05-03,20:33:00,,1484
2026-05-03,20:36:00,,1484
2026-05-03,20:39:00,,1484
2026-05-03,20:42:00,,1484
2026-05-03,20:45:00,,1484
2026-05-03,20:48:00,,1484
2026-05-03,20:51:00,,1483
2026-05-03,20:54:00,,1483
2026-05-03,20:57:00,,1484
2026-05-03,21:00:00,,1483
2026-05-03,21:03:00,,1483
2026-05-03,21:06:00,,1483
2026-05-03,21:09:00,,1483
2026-05-03,21:12:00,,1483
2026-05-03,21:15:00,,1483
2026-05-03,21:18:00,,1483
2026-05-03,21:21:00,,1482
2026-05-03,21:24:00,,1483
2026-05-03,21:27:00,,1483
2026-05-03,21:30:00,,1483
2026-05-03,21:33:00,,1482
2026-05-03,21:36:00,,1483
2026-05-03,21:39:00,,1483
2026-05-03,21:42:00,,1482
2026-05-03,21:45:00,,1482
2026-05-03,21:48:00,,1483
2026-05-03,21:51:00,,1483
2026-05-03,21:54:00,,1483
2026-05-03,21:57:00,,1483
2026-05-03,22:00:00,,1483
2026-05-03,22:03:00,,1483
2026-05-03,22:06:00,,1482
2026-05-03,22:09:00,,1482
2026-05-03,22:12:00,,1482
2026-05-03,22:15:00,,1482
2026-05-03,22:18:00,,1483
2026-05-03,22:21:00,,1483
2026-05-03,22:24:00,,1483
2026-05-03,22:27:00,,1483
2026-05-03,22:30:00,,1483
2026-05-03,22:33:00,,1482
2026-05-03,22:36:00,,1483
2026-05-03,22:39:00,,1483
2026-05-03,22:42:00,,1483
2026-05-03,22:45:00,,1483
2026-05-03,22:48:00,,1483
2026-05-03,22:51:00,,1483
2026-05-03,22:54:00,,1483
2026-05-03,22:57:00,,1483
2026-05-03,23:00:00,,1482
2026-05-03,23:03:00,,1483
2026-05-03,23:06:00,,1482
2026-05-03,23:09:00,,1482
2026-05-03,23:12:00,,1483
2026-05-03,23:15:00,,1483
2026-05-03,23:18:00,,1482
2026-05-03,23:21:00,,1482
2026-05-03,23:24:00,,1483
2026-05-03,23:27:00,,1483
2026-05-03,23:30:00,,1482
2026-05-03,23:33:00,,1482
2026-05-03,23:36:00,,1482
2026-05-03,23:39:00,,1482
2026-05-03,23:42:00,,1483
2026-05-03,23:45:00,,1483
2026-05-03,23:48:00,,1483
2026-05-03,23:51:00,,1482
2026-05-03,23:54:00,,1483
2026-05-03,23:57:00,,1483
2026-05-04,0:00:00,,1482
2026-05-04,0:03:00,,1483
2026-05-04,0:06:00,,1483
2026-05-04,0:09:00,,1482
2026-05-04,0:12:00,,1482
2026-05-04,0:15:00,,1482
2026-05-04,0:18:00,,1481
2026-05-04,0:21:00,,1481
2026-05-04,0:24:00,,1482
2026-05-04,0:27:00,,1481
2026-05-04,0:30:00,,1482
2026-05-04,0:33:00,,1481
2026-05-04,0:36:00,,1481
2026-05-04,0:39:00,,1482
2026-05-04,0:42:00,,1481
2026-05-04,0:45:00,,1482
2026-05-04,0:48:00,,1482
2026-05-04,0:51:00,,1482
2026-05-04,0:54:00,,1481
2026-05-04,0:57:00,,1482
2026-05-04,1:00:00,,1481
2026-05-04,1:03:00,,1481
2026-05-04,1:06:00,,1481
2026-05-04,1:09:00,,1482
2026-05-04,1:12:00,,1481
2026-05-04,1:15:00,,1482
2026-05-04,1:18:00,,1481
2026-05-04,1:21:00,,1482
2026-05-04,1:24:00,,1482
2026-05-04,1:27:00,,1482
2026-05-04,1:30:00,,1481
2026-05-04,1:33:00,,1482
2026-05-04,1:36:00,,1481
2026-05-04,1:39:00,,1482
2026-05-04,1:42:00,,1482
2026-05-04,1:45:00,,1482
2026-05-04,1:48:00,,1482
2026-05-04,1:51:00,,1482
2026-05-04,1:54:00,,1482
2026-05-04,1:57:00,,1482
2026-05-04,2:00:00,,1482
2026-05-04,2:03:00,,1482
2026-05-04,2:06:00,,1482
2026-05-04,2:09:00,,1482
2026-05-04,2:12:00,,1481
2026-05-04,2:15:00,,1482
2026-05-04,2:18:00,,1482
2026-05-04,2:21:00,,1481
2026-05-04,2:24:00,,1481
2026-05-04,2:27:00,,1482
2026-05-04,2:30:00,,1482
2026-05-04,2:33:00,,1481
2026-05-04,2:36:00,,1481
2026-05-04,2:39:00,,1481
2026-05-04,2:42:00,,1481
2026-05-04,2:45:00,,1482
2026-05-04,2:48:00,,1481
2026-05-04,2:51:00,,1481
2026-05-04,2:54:00,,1481
2026-05-04,2:57:00,,1482
2026-05-04,3:00:00,,1482
2026-05-04,3:03:00,,1481
2026-05-04,3:06:00,,1481
2026-05-04,3:09:00,,1482
2026-05-04,3:12:00,,1481
2026-05-04,3:15:00,,1481
2026-05-04,3:18:00,,1481
2026-05-04,3:21:00,,1482
2026-05-04,3:24:00,,1481
2026-05-04,3:27:00,,1482
2026-05-04,3:30:00,,1481
2026-05-04,3:33:00,,1481
2026-05-04,3:36:00,,1481
2026-05-04,3:39:00,,1481
2026-05-04,3:42:00,,1482
2026-05-04,3:45:00,,1482
2026-05-04,3:48:00,,1481
2026-05-04,3:51:00,,1481
2026-05-04,3:54:00,,1481
2026-05-04,3:57:00,,1482
2026-05-04,4:00:00,,1481
2026-05-04,4:03:00,,1481
2026-05-04,4:06:00,,1481
2026-05-04,4:09:00,,1481
2026-05-04,4:12:00,,1481
2026-05-04,4:15:00,,1481
2026-05-04,4:18:00,,1481
2026-05-04,4:21:00,,1482
2026-05-04,4:24:00,,1481
2026-05-04,4:27:00,,1482
2026-05-04,4:30:00,,1481
2026-05-04,4:33:00,,1482
2026-05-04,4:36:00,,1481
2026-05-04,4:39:00,,1481
2026-05-04,4:42:00,,1482
2026-05-04,4:45:00,,1481
2026-05-04,4:48:00,,1482
2026-05-04,4:51:00,,1481
2026-05-04,4:54:00,,1481
2026-05-04,4:57:00,,1480
2026-05-04,5:00:00,,1480
2026-05-04,5:03:00,,1480
2026-05-04,5:06:00,,1481
2026-05-04,5:09:00,,1480
2026-05-04,5:12:00,,1481
2026-05-04,5:15:00,,1481
2026-05-04,5:18:00,,1481
2026-05-04,5:21:00,,1481
2026-05-04,5:24:00,,1481
2026-05-04,5:27:00,,1481
2026-05-04,5:30:00,,1480
2026-05-04,5:33:00,,1482
2026-05-04,5:36:00,,1481
2026-05-04,5:39:00,,1480
2026-05-04,5:42:00,,1481
2026-05-04,5:45:00,,1480
2026-05-04,5:48:00,,1481
2026-05-04,5:51:00,,1480
2026-05-04,5:54:00,,1480
2026-05-04,5:57:00,,1481
2026-05-04,6:00:00,,1480
2026-05-04,6:03:00,,1480
2026-05-04,6:06:00,,1481
2026-05-04,6:09:00,,1480
2026-05-04,6:12:00,,1480
2026-05-04,6:15:00,,1480
2026-05-04,6:18:00,,1480
2026-05-04,6:21:00,,1480
2026-05-04,6:24:00,,1481
2026-05-04,6:27:00,,1481
2026-05-04,6:30:00,,1481
2026-05-04,6:33:00,,1480
2026-05-04,6:36:00,,1481
2026-05-04,6:39:00,,1481
2026-05-04,6:42:00,,1481
2026-05-04,6:45:00,,1480
2026-05-04,6:48:00,,1480
2026-05-04,6:51:00,,1480
2026-05-04,6:54:00,,1481
2026-05-04,6:57:00,,1481
2026-05-04,7:00:00,1473.21,1480
2026-05-04,7:03:00,,1480
2026-05-04,7:06:00,,1480
2026-05-04,7:09:00,,1480
2026-05-04,7:12:00,,1479
2026-05-04,7:15:00,,1479
2026-05-04,7:18:00,,1479
2026-05-04,7:21:00,,1480
2026-05-04,7:24:00,,1480
2026-05-04,7:27:00,,1480
2026-05-04,7:30:00,,1480
2026-05-04,7:33:00,,1480
2026-05-04,7:36:00,,1480
2026-05-04,7:39:00,,1480
2026-05-04,7:42:00,,1479
2026-05-04,7:45:00,,1480
2026-05-04,7:48:00,,1479
2026-05-04,7:51:00,,1479
2026-05-04,7:54:00,,1479
2026-05-04,7:57:00,,1480
2026-05-04,8:00:00,,1479
2026-05-04,8:03:00,,1480
2026-05-04,8:06:00,,1480
2026-05-04,8:09:00,,1479
2026-05-04,8:12:00,,1480
2026-05-04,8:15:00,,1479
2026-05-04,8:18:00,,1480
2026-05-04,8:21:00,,1481
2026-05-04,8:24:00,,1481
2026-05-04,8:27:00,,1482
2026-05-04,8:30:00,,1482
2026-05-04,8:33:00,,1481
2026-05-04,8:36:00,,1481
2026-05-04,8:39:00,,1481
2026-05-04,8:42:00,,1483
2026-05-04,8:45:00,,1483
2026-05-04,8:48:00,,1483
2026-05-04,8:51:00,,1483
2026-05-04,8:54:00,,1482
2026-05-04,8:57:00,,1482
2026-05-04,9:00:00,1471.58,1484
2026-05-04,9:03:00,1470.78,1483
2026-05-04,9:06:00,1470.28,1484
2026-05-04,9:09:00,1470.38,1484
2026-05-04,9:12:00,1470.48,1483
2026-05-04,9:15:00,1471.48,1484
2026-05-04,9:18:00,1470.48,1484
2026-05-04,9:21:00,1470.59,1484
2026-05-04,9:24:00,1470.28,1483
2026-05-04,9:27:00,1470.58,1483
2026-05-04,9:30:00,1470.5,1483
2026-05-04,9:33:00,1470.27,1483
2026-05-04,9:36:00,1470.68,1484
2026-05-04,9:39:00,1471.28,1483
2026-05-04,9:42:00,1470.8,1484
2026-05-04,9:45:00,1470.83,1484
2026-05-04,9:48:00,1470.84,1483
2026-05-04,9:51:00,1471.28,1483
2026-05-04,9:54:00,1470.58,1483
2026-05-04,9:57:00,1470.88,1483
2026-05-04,10:00:00,1471.28,1483
2026-05-04,10:03:00,1471.17,1483
2026-05-04,10:06:00,1471.69,1482
2026-05-04,10:09:00,1471.18,1483
2026-05-04,10:12:00,1471.05,1483
2026-05-04,10:15:00,1470.58,1482
2026-05-04,10:18:00,1470.58,1483
2026-05-04,10:21:00,1471.08,1483
2026-05-04,10:24:00,1471.98,1483
2026-05-04,10:27:00,1471.98,1482
2026-05-04,10:30:00,1471.95,1481
2026-05-04,10:33:00,1472.41,1481
2026-05-04,10:36:00,1471.71,1482
2026-05-04,10:39:00,1471.88,1482
2026-05-04,10:42:00,1472.28,1482
2026-05-04,10:45:00,1472.58,1482
2026-05-04,10:48:00,1473.48,1481
2026-05-04,10:51:00,1473.28,1481
2026-05-04,10:54:00,1473.48,1481
2026-05-04,10:57:00,1472.48,1480
2026-05-04,11:00:00,1472.72,1479
2026-05-04,11:03:00,1472.78,1479
2026-05-04,11:06:00,1472.62,1480
2026-05-04,11:09:00,1472.98,1479
2026-05-04,11:12:00,1472.08,1478
2026-05-04,11:15:00,1472.78,1479
2026-05-04,11:18:00,1472.68,1478
2026-05-04,11:21:00,1472.78,1479
2026-05-04,11:24:00,1473.08,1479
2026-05-04,11:27:00,1472.92,1479
2026-05-04,11:30:00,1472.91,1479
2026-05-04,11:33:00,1472.23,1479
2026-05-04,11:36:00,1472.28,1479
2026-05-04,11:39:00,1472.78,1478
2026-05-04,11:42:00,1471.98,1477
2026-05-04,11:45:00,1472.11,1477
2026-05-04,11:48:00,1472.08,1477
2026-05-04,11:51:00,1472.53,1477
2026-05-04,11:54:00,1471.74,1476
2026-05-04,11:57:00,1471.78,1477
2026-05-04,12:00:00,1471.78,1478
2026-05-04,12:03:00,1471.83,1477
2026-05-04,12:06:00,1471.72,1477
2026-05-04,12:09:00,1472.31,1477
2026-05-04,12:12:00,1471.76,1477
2026-05-04,12:15:00,1471.58,1477
2026-05-04,12:18:00,1471.55,1477
2026-05-04,12:21:00,1471.75,1477
2026-05-04,12:24:00,1472.19,1477
2026-05-04,12:27:00,1472.17,1478
2026-05-04,12:30:00,1472.16,1477
2026-05-04,12:33:00,1472.08,1478
2026-05-04,12:36:00,1471.8,1478
2026-05-04,12:39:00,1472.41,1479
2026-05-04,12:42:00,1472.18,1477
2026-05-04,12:45:00,1470.78,1477
2026-05-04,12:48:00,1470.08,1476
2026-05-04,12:51:00,1469.48,1477
2026-05-04,12:54:00,1469.14,1477
2026-05-04,12:57:00,1469.98,1476
2026-05-04,13:00:00,1470.28,1476
2026-05-04,13:03:00,1470.58,1476
2026-05-04,13:06:00,1470.25,1476
2026-05-04,13:09:00,1470.28,1476
2026-05-04,13:12:00,1471.11,1476
2026-05-04,13:15:00,1470.58,1476
2026-05-04,13:18:00,1470.42,1475
2026-05-04,13:21:00,1470.52,1476
2026-05-04,13:24:00,1470.58,1476
2026-05-04,13:27:00,1470.39,1475
2026-05-04,13:30:00,1470.74,1476
2026-05-04,13:33:00,1470.39,1475
2026-05-04,13:36:00,1470.38,1476
2026-05-04,13:39:00,1471.05,1476
2026-05-04,13:42:00,1470.77,1476
2026-05-04,13:45:00,1471.08,1475
2026-05-04,13:48:00,1471.48,1475
2026-05-04,13:51:00,1470.96,1476
2026-05-04,13:54:00,1471.14,1476
2026-05-04,13:57:00,1471.58,1476
2026-05-04,14:00:00,1471.18,1476
2026-05-04,14:03:00,1471.67,1477
2026-05-04,14:06:00,1471.51,1476
2026-05-04,14:09:00,1471.45,1477
2026-05-04,14:12:00,1471.16,1476
2026-05-04,14:15:00,1471.39,1476
2026-05-04,14:18:00,1471.38,1477
2026-05-04,14:21:00,1471.47,1477
2026-05-04,14:24:00,1471.53,1476
2026-05-04,14:27:00,1471.18,1477
2026-05-04,14:30:00,1470.18,1477
2026-05-04,14:33:00,1470.64,1476
2026-05-04,14:36:00,1469.98,1476
2026-05-04,14:39:00,1469.52,1476
2026-05-04,14:42:00,1469.41,1476
2026-05-04,14:45:00,1469.88,1477
2026-05-04,14:48:00,1469.64,1476
2026-05-04,14:51:00,1469.03,1476
2026-05-04,14:54:00,1468.43,1476
2026-05-04,14:57:00,1469.38,1475
2026-05-04,15:00:00,1469.38,1476
2026-05-04,15:03:00,1468.98,1476
2026-05-04,15:06:00,1468.78,1476
2026-05-04,15:09:00,1468.18,1475
2026-05-04,15:12:00,1466.98,1476
2026-05-04,15:15:00,1466.98,1475
2026-05-04,15:18:00,1466.98,1476
2026-05-04,15:21:00,1466.48,1476
2026-05-04,15:24:00,1465.38,1476
2026-05-04,15:27:00,1462.88,1476
2026-05-04,15:30:00,1463.38,1475
2026-05-04,15:33:00,1464.68,1474
2026-05-04,15:36:00,1466.01,1474
2026-05-04,15:39:00,1466.08,1473
2026-05-04,15:42:00,1466.75,1475
2026-05-04,15:45:00,1467.18,1474
2026-05-04,15:48:00,1466.24,1475
2026-05-04,15:51:00,1466.41,1474
2026-05-04,15:54:00,1467.37,1474
2026-05-04,15:57:00,1466.98,1475
2026-05-04,16:00:00,1466.66,1474
2026-05-04,16:03:00,1466.89,1475
2026-05-04,16:06:00,1466.46,1474
2026-05-04,16:09:00,1466.89,1475
2026-05-04,16:12:00,1466.18,1474
2026-05-04,16:15:00,1467.12,1474
2026-05-04,16:18:00,1467.27,1474
2026-05-04,16:21:00,1467.08,1475
2026-05-04,16:24:00,1467.57,1474
2026-05-04,16:27:00,1467.88,1475
2026-05-04,16:30:00,1468.28,1475
2026-05-04,16:33:00,1468.6,1475
2026-05-04,16:36:00,1468.98,1474
2026-05-04,16:39:00,1468.73,1475
2026-05-04,16:42:00,1469.38,1475
2026-05-04,16:45:00,1469.43,1475
2026-05-04,16:48:00,1469.54,1475
2026-05-04,16:51:00,1470.27,1475
2026-05-04,16:54:00,1469.96,1474
2026-05-04,16:57:00,1469.99,1475
2026-05-04,17:00:00,1470.31,1474
2026-05-04,17:03:00,1470.48,1476
2026-05-04,17:06:00,1470.92,1475
2026-05-04,17:09:00,1470.01,1475
2026-05-04,17:12:00,1469.99,1475
2026-05-04,17:15:00,1469.98,1476
2026-05-04,17:18:00,1470.02,1476
2026-05-04,17:21:00,1469.88,1475
2026-05-04,17:24:00,1470.52,1475
2026-05-04,17:27:00,1470.13,1476
2026-05-04,17:30:00,1470.43,1475
2026-05-04,17:33:00,1469.63,1475
2026-05-04,17:36:00,1469.69,1476
2026-05-04,17:39:00,1470.09,1476
2026-05-04,17:42:00,1470.32,1475
2026-05-04,17:45:00,1470.31,1476
2026-05-04,17:48:00,1470.28,1476
2026-05-04,17:51:00,1470.37,1475
2026-05-04,17:54:00,1470.53,1476
2026-05-04,17:57:00,1469.48,1476
2026-05-04,18:00:00,1469.51,1476
2026-05-04,18:03:00,1468.78,1475
2026-05-04,18:06:00,1468.86,1477
2026-05-04,18:09:00,1469.05,1477
2026-05-04,18:12:00,1469.43,1476
2026-05-04,18:15:00,1469,1476
2026-05-04,18:18:00,1468.91,1477
2026-05-04,18:21:00,1469.7,1476
2026-05-04,18:24:00,1469.48,1476
2026-05-04,18:27:00,1469.62,1477
2026-05-04,18:30:00,1470,1477
2026-05-04,18:33:00,1469.57,1477
2026-05-04,18:36:00,1469.82,1477
2026-05-04,18:39:00,1470.12,1477
2026-05-04,18:42:00,1469.88,1476
2026-05-04,18:45:00,1470.11,1477
2026-05-04,18:48:00,1470.46,1476
2026-05-04,18:51:00,1470.13,1477
2026-05-04,18:54:00,1470.24,1477
2026-05-04,18:57:00,1470.82,1477
2026-05-04,19:00:00,1471.78,1477
2026-05-04,19:03:00,1473.92,1478
2026-05-04,19:06:00,1475.03,1481
2026-05-04,19:09:00,1474.77,1481
2026-05-04,19:12:00,1474.41,1482
2026-05-04,19:15:00,1474.18,1482
2026-05-04,19:18:00,1474.99,1482
2026-05-04,19:21:00,1475.19,1483
2026-05-04,19:24:00,1473.08,1482
2026-05-04,19:27:00,1472.58,1483
2026-05-04,19:30:00,1471.68,1481
2026-05-04,19:33:00,1471.58,1480
2026-05-04,19:36:00,1472.14,1480
2026-05-04,19:39:00,1471.28,1480
2026-05-04,19:42:00,1472.98,1480
2026-05-04,19:45:00,1472.91,1480
2026-05-04,19:48:00,1471.71,1480
2026-05-04,19:51:00,1472.72,1480
2026-05-04,19:54:00,1473.19,1480
2026-05-04,19:57:00,1473.2,1481
2026-05-04,20:00:00,1472.7,1480
2026-05-04,20:03:00,1472.87,1480
2026-05-04,20:06:00,1473.12,1480
2026-05-04,20:09:00,1472.68,1480
2026-05-04,20:12:00,1472.48,1480
2026-05-04,20:15:00,1472.68,1480
2026-05-04,20:18:00,1472.82,1479
2026-05-04,20:21:00,1472.94,1480
2026-05-04,20:24:00,1472.89,1480
2026-05-04,20:27:00,1472.76,1480
2026-05-04,20:30:00,1472.66,1479
2026-05-04,20:33:00,1473.19,1480
2026-05-04,20:36:00,1472.84,1479
2026-05-04,20:39:00,1472.8,1479
2026-05-04,20:42:00,1472.18,1480
2026-05-04,20:45:00,1472.57,1479
2026-05-04,20:48:00,1472.38,1480
2026-05-04,20:51:00,1472.66,1479
2026-05-04,20:54:00,1472.56,1480
2026-05-04,20:57:00,1472.5,1480
2026-05-04,21:00:00,1471.38,1480
2026-05-04,21:03:00,1472.09,1481
2026-05-04,21:06:00,1471.53,1481
2026-05-04,21:09:00,1472.04,1480
2026-05-04,21:12:00,1471.02,1480
2026-05-04,21:15:00,1469.58,1480
2026-05-04,21:18:00,1469.18,1480
2026-05-04,21:21:00,1470.08,1479
2026-05-04,21:24:00,1469.65,1480
2026-05-04,21:27:00,1468.67,1480
2026-05-04,21:30:00,1469.69,1480
2026-05-04,21:33:00,1468.58,1480
2026-05-04,21:36:00,1469.14,1480
2026-05-04,21:39:00,1469.03,1480
2026-05-04,21:42:00,1468.99,1479
2026-05-04,21:45:00,1469.28,1479
2026-05-04,21:48:00,1469.51,1480
2026-05-04,21:51:00,1468.92,1480
2026-05-04,21:54:00,1469.08,1479
2026-05-04,21:57:00,1468.63,1480
2026-05-04,22:00:00,1470.04,1481
2026-05-04,22:03:00,1469.58,1480
2026-05-04,22:06:00,1468.84,1481
2026-05-04,22:09:00,1468.98,1481
2026-05-04,22:12:00,1469.49,1481
2026-05-04,22:15:00,1469.62,1481
2026-05-04,22:18:00,1469.87,1480
2026-05-04,22:21:00,1469.72,1481
2026-05-04,22:24:00,1469.58,1481
2026-05-04,22:27:00,1469.87,1481
2026-05-04,22:30:00,1469.5,1480
2026-05-04,22:33:00,1468.28,1480
2026-05-04,22:36:00,1468.68,1481
2026-05-04,22:39:00,1467.68,1480
2026-05-04,22:42:00,1467.68,1481
2026-05-04,22:45:00,1468.48,1479
2026-05-04,22:48:00,1468.53,1481
2026-05-04,22:51:00,1468.84,1481
2026-05-04,22:54:00,1468.45,1480
2026-05-04,22:57:00,1468.7,1481
2026-05-04,23:00:00,1468.67,1480
2026-05-04,23:03:00,1468.94,1481
2026-05-04,23:06:00,1468.98,1480
2026-05-04,23:09:00,1468.98,1481
2026-05-04,23:12:00,1469.4,1480
2026-05-04,23:15:00,1469.39,1480
2026-05-04,23:18:00,1469.11,1480
2026-05-04,23:21:00,1468.7,1480
2026-05-04,23:24:00,1468.96,1480
2026-05-04,23:27:00,1469.09,1480
2026-05-04,23:30:00,1468.6,1480
2026-05-04,23:33:00,1469.13,1479
2026-05-04,23:36:00,1468.92,1479
2026-05-04,23:39:00,1468.17,1480
2026-05-04,23:42:00,1468.81,1479
2026-05-04,23:45:00,1469.31,1479
2026-05-04,23:48:00,1469.74,1478
2026-05-04,23:51:00,1469.88,1477
2026-05-04,23:54:00,1469.98,1477
2026-05-04,23:57:00,1470.3,1476
2026-05-05,0:00:00,1469.88,1477
2026-05-05,0:03:00,1470.7,1476
2026-05-05,0:06:00,1470.48,1477
2026-05-05,0:09:00,1471.24,1477
2026-05-05,0:12:00,1470.84,1476
2026-05-05,0:15:00,1471.14,1477
2026-05-05,0:18:00,1473.51,1478
2026-05-05,0:21:00,1473.38,1480
2026-05-05,0:24:00,1472.98,1480
2026-05-05,0:27:00,1473.08,1480
2026-05-05,0:30:00,1474.08,1480
2026-05-05,0:33:00,1475.24,1480
2026-05-05,0:36:00,1473.38,1480
2026-05-05,0:39:00,1473.31,1480
2026-05-05,0:42:00,1473.73,1480
2026-05-05,0:45:00,1473.58,1480
2026-05-05,0:48:00,1474.68,1481
2026-05-05,0:51:00,1475.38,1481
2026-05-05,0:54:00,1475.4,1480
2026-05-05,0:57:00,1475.73,1481
2026-05-05,1:00:00,1475.98,1481
2026-05-05,1:03:00,1476.44,1481
2026-05-05,1:06:00,1477.25,1481
2026-05-05,1:09:00,1477.5,1482
2026-05-05,1:12:00,1478.09,1482
2026-05-05,1:15:00,1476.88,1482
2026-05-05,1:18:00,1476.2,1481
2026-05-05,1:21:00,1475.64,1481
2026-05-05,1:24:00,1476.05,1480
2026-05-05,1:27:00,1475.98,1481
2026-05-05,1:30:00,1476.73,1481
2026-05-05,1:33:00,1476.03,1480
2026-05-05,1:36:00,1476.77,1480
2026-05-05,1:39:00,1476.21,1480
2026-05-05,1:42:00,1476.6,1480
2026-05-05,1:45:00,1475.98,1481
2026-05-05,1:48:00,1477.33,1480
2026-05-05,1:51:00,1477.08,1481
2026-05-05,1:54:00,1477.88,1481
2026-05-05,1:57:00,1478.11,1482
2026-05-05,2:00:00,1477.56,1481
2026-05-05,2:03:00,1476.9,1482
2026-05-05,2:06:00,1476.87,1482
2026-05-05,2:09:00,1477.57,1481
2026-05-05,2:12:00,1476.77,1481
2026-05-05,2:15:00,1476,1480
2026-05-05,2:18:00,1477.21,1480
2026-05-05,2:21:00,1476.67,1480
2026-05-05,2:24:00,1476.12,1480
2026-05-05,2:27:00,1475.91,1481
2026-05-05,2:30:00,1476.48,1481
2026-05-05,2:33:00,1477.53,1481
2026-05-05,2:36:00,1476.94,1481
2026-05-05,2:39:00,1476.83,1482
2026-05-05,2:42:00,1477.41,1482
2026-05-05,2:45:00,1477.15,1482
2026-05-05,2:48:00,1477.39,1481
2026-05-05,2:51:00,1476.22,1481
2026-05-05,2:54:00,1476.5,1481
2026-05-05,2:57:00,1476.42,1481
2026-05-05,3:00:00,1477.18,1481
2026-05-05,3:03:00,1475.47,1481
2026-05-05,3:06:00,1476.04,1481
2026-05-05,3:09:00,1475.73,1481
2026-05-05,3:12:00,1476,1481
2026-05-05,3:15:00,1476.45,1480
2026-05-05,3:18:00,1476.06,1481
2026-05-05,3:21:00,1477.52,1481
2026-05-05,3:24:00,1477.11,1480
2026-05-05,3:27:00,1477.26,1481
2026-05-05,3:30:00,1476.46,1481
2026-05-05,3:33:00,1477.36,1480
2026-05-05,3:36:00,1477.38,1480
2026-05-05,3:39:00,1475.82,1480
2026-05-05,3:42:00,1475.83,1481
2026-05-05,3:45:00,1475.92,1480
2026-05-05,3:48:00,1475.98,1480
2026-05-05,3:51:00,1475.74,1481
2026-05-05,3:54:00,1476.03,1480
2026-05-05,3:57:00,1474.64,1481
2026-05-05,4:00:00,1474.36,1480
2026-05-05,4:03:00,1474.85,1481
2026-05-05,4:06:00,1474,1480
2026-05-05,4:09:00,1474.73,1481
2026-05-05,4:12:00,1474.97,1481
2026-05-05,4:15:00,1474.23,1481
2026-05-05,4:18:00,1474.32,1480
2026-05-05,4:21:00,1474.25,1481
2026-05-05,4:24:00,1474.78,1481
2026-05-05,4:27:00,1474.38,1481
2026-05-05,4:30:00,1474.53,1480
2026-05-05,4:33:00,1474.68,1481
2026-05-05,4:36:00,1474.14,1481
2026-05-05,4:39:00,,1481
2026-05-05,4:42:00,1474.53,1481
2026-05-05,4:45:00,1474.78,1481
2026-05-05,4:48:00,1474.92,1480
2026-05-05,4:51:00,1475.17,1481
2026-05-05,4:54:00,1474.99,1480
2026-05-05,4:57:00,1475.12,1481
2026-05-05,5:00:00,1475.84,1481
2026-05-05,5:03:00,1475.74,1481
2026-05-05,5:06:00,1475.58,1480
2026-05-05,5:09:00,,1481
2026-05-05,5:12:00,,1481
2026-05-05,5:15:00,,1481
2026-05-05,5:18:00,,1481
2026-05-05,5:21:00,,1482
2026-05-05,5:24:00,,1482
2026-05-05,5:27:00,1475.45,1482
2026-05-05,5:30:00,1475.68,1482
2026-05-05,5:33:00,1475.31,1481
2026-05-05,5:36:00,1475.15,1481
2026-05-05,5:39:00,1475.08,1482
2026-05-05,5:42:00,1475.13,1481
2026-05-05,5:45:00,1475.41,1482
2026-05-05,5:48:00,1475.43,1482
2026-05-05,5:51:00,1475.47,1482
2026-05-05,5:54:00,1475.49,1482
2026-05-05,5:57:00,1475.46,1482
2026-05-05,6:00:00,1475.46,1481
2026-05-05,6:03:00,1477.81,1482
2026-05-05,6:06:00,,1481
2026-05-05,6:09:00,1475.75,1482
2026-05-05,6:12:00,1475.75,1482
2026-05-05,6:15:00,1475.6,1482
2026-05-05,6:18:00,1475.78,1481
2026-05-05,6:21:00,1475.79,1482
2026-05-05,6:24:00,1475.59,1481
2026-05-05,6:27:00,1475.77,1482
2026-05-05,6:30:00,,1481
2026-05-05,6:33:00,1475.23,1482
2026-05-05,6:36:00,1475.33,1482
2026-05-05,6:39:00,1475.32,1481
2026-05-05,6:42:00,1475.32,1482
2026-05-05,6:45:00,,1482
2026-05-05,6:48:00,,1482
2026-05-05,6:51:00,,1481
2026-05-05,6:54:00,1475.2,1482
2026-05-05,6:57:00,1475.32,1482
2026-05-05,7:00:00,1475.32,1482
2026-05-05,7:03:00,1475.33,1482
2026-05-05,7:06:00,,1481
2026-05-05,7:09:00,1475.3,1482
2026-05-05,7:12:00,1475.26,1481
2026-05-05,7:15:00,1475.3,1482
2026-05-05,7:18:00,1476.45,1482
2026-05-05,7:21:00,,1482
2026-05-05,7:24:00,1475.77,1481
2026-05-05,7:27:00,1476.15,1482
2026-05-05,7:30:00,1476.15,1482
2026-05-05,7:33:00,,1482
2026-05-05,7:36:00,,1481
2026-05-05,7:39:00,,1482
2026-05-05,7:42:00,,1482
2026-05-05,7:45:00,,1483
2026-05-05,7:48:00,,1483
2026-05-05,7:51:00,,1482
2026-05-05,7:54:00,,1483
2026-05-05,7:57:00,,1483
2026-05-05,8:00:00,,1482
2026-05-05,8:03:00,,1483
2026-05-05,8:06:00,,1482
2026-05-05,8:09:00,,1483
2026-05-05,8:12:00,,1482
2026-05-05,8:15:00,,1482
2026-05-05,8:18:00,,1483
2026-05-05,8:21:00,,1483
2026-05-05,8:24:00,,1482
2026-05-05,8:27:00,,1483
2026-05-05,8:30:00,,1483
2026-05-05,8:33:00,,1484
2026-05-05,8:36:00,,1483
2026-05-05,8:39:00,,1483
2026-05-05,8:42:00,,1484
2026-05-05,8:45:00,,1484
2026-05-05,8:48:00,,1484
2026-05-05,8:51:00,,1484
2026-05-05,8:54:00,,1483
2026-05-05,8:57:00,,1484
2026-05-05,9:00:00,1477.2,1483
2026-05-05,9:03:00,1477.35,1483
2026-05-05,9:06:00,1477.43,1483
2026-05-05,9:09:00,1474.94,1484
2026-05-05,9:12:00,1475.43,1483
2026-05-05,9:15:00,1477.63,1484
2026-05-05,9:18:00,1476.57,1484
2026-05-05,9:21:00,1477.17,1484
2026-05-05,9:24:00,1477.19,1484
2026-05-05,9:27:00,1476.43,1484
2026-05-05,9:30:00,1476.51,1484
2026-05-05,9:33:00,1476.5,1485
2026-05-05,9:36:00,1476.52,1484
2026-05-05,9:39:00,1476.5,1485
2026-05-05,9:42:00,1477.15,1485
2026-05-05,9:45:00,1475.67,1485
2026-05-05,9:48:00,1475.65,1485
2026-05-05,9:51:00,1475.62,1485
2026-05-05,9:54:00,1476.18,1484
2026-05-05,9:57:00,1476.18,1485
2026-05-05,10:00:00,1476.47,1485
2026-05-05,10:03:00,1476.43,1484
2026-05-05,10:06:00,1475.57,1484
2026-05-05,10:09:00,1476.17,1485
2026-05-05,10:12:00,1475.65,1484
2026-05-05,10:15:00,1475.16,1484
2026-05-05,10:18:00,1475.61,1485
2026-05-05,10:21:00,1475.74,1484
2026-05-05,10:24:00,1475.7,1484
2026-05-05,10:27:00,1476.18,1485
2026-05-05,10:30:00,1475.62,1484
2026-05-05,10:33:00,1475.25,1484
2026-05-05,10:36:00,1474.62,1485
2026-05-05,10:39:00,1475,1485
2026-05-05,10:42:00,1475.26,1484
2026-05-05,10:45:00,1475.07,1484
2026-05-05,10:48:00,1475.47,1485
2026-05-05,10:51:00,1475.48,1484
2026-05-05,10:54:00,1474.8,1484
2026-05-05,10:57:00,1474.6,1484
2026-05-05,11:00:00,1474.76,1485
2026-05-05,11:03:00,1475.25,1483
2026-05-05,11:06:00,1474.83,1484
2026-05-05,11:09:00,1474.81,1484
2026-05-05,11:12:00,1474.82,1483
2026-05-05,11:15:00,1474.5,1484
2026-05-05,11:18:00,1475.15,1484
2026-05-05,11:21:00,1474.72,1483
2026-05-05,11:24:00,,1483
2026-05-05,11:27:00,,1484
2026-05-05,11:30:00,,1483
2026-05-05,11:33:00,,1483
2026-05-05,11:36:00,1472.71,1483
2026-05-05,11:39:00,1472.57,1483
2026-05-05,11:42:00,1473.04,1482
2026-05-05,11:45:00,1473.36,1483
2026-05-05,11:48:00,1473.82,1482
2026-05-05,11:51:00,1473.13,1483
2026-05-05,11:54:00,1473.86,1483
2026-05-05,11:57:00,1473.69,1482
2026-05-05,12:00:00,1473.51,1482
2026-05-05,12:03:00,1473.6,1483
2026-05-05,12:06:00,1474.35,1483
2026-05-05,12:09:00,1474.06,1483
2026-05-05,12:12:00,1474.19,1483
2026-05-05,12:15:00,1474.14,1482
2026-05-05,12:18:00,1474.54,1482
2026-05-05,12:21:00,1474.38,1482
2026-05-05,12:24:00,1474.48,1482
2026-05-05,12:27:00,1474.01,1482
2026-05-05,12:30:00,1474.24,1482
2026-05-05,12:33:00,1474.17,1483
2026-05-05,12:36:00,1474.1,1482
2026-05-05,12:39:00,1474.1,1481
2026-05-05,12:42:00,1474.76,1482
2026-05-05,12:45:00,1474.52,1481
2026-05-05,12:48:00,1475.28,1481
2026-05-05,12:51:00,1475.21,1482
2026-05-05,12:54:00,1475.43,1482
2026-05-05,12:57:00,1474.85,1482
2026-05-05,13:00:00,1475.48,1481
2026-05-05,13:03:00,1475.22,1482
2026-05-05,13:06:00,1474.77,1482
2026-05-05,13:09:00,1474.79,1482
2026-05-05,13:12:00,1474.86,1482
2026-05-05,13:15:00,1475.13,1482
2026-05-05,13:18:00,1474.66,1482
2026-05-05,13:21:00,1474.56,1481
2026-05-05,13:24:00,1475.24,1481
2026-05-05,13:27:00,1474.69,1482
2026-05-05,13:30:00,1475.53,1482
2026-05-05,13:33:00,1474.85,1482
2026-05-05,13:36:00,1475.29,1482
2026-05-05,13:39:00,1475.01,1481
2026-05-05,13:42:00,1475.47,1482
2026-05-05,13:45:00,1475.05,1481
2026-05-05,13:48:00,1476.18,1481
2026-05-05,13:51:00,1476.2,1482
2026-05-05,13:54:00,1476.12,1482
2026-05-05,13:57:00,1476.16,1482
2026-05-05,14:00:00,1476.01,1482
2026-05-05,14:03:00,1476.08,1482
2026-05-05,14:06:00,1476.06,1481
2026-05-05,14:09:00,1476.05,1482
2026-05-05,14:12:00,1475.93,1481
2026-05-05,14:15:00,1475.95,1482
2026-05-05,14:18:00,1476.03,1482
2026-05-05,14:21:00,1476.05,1482
2026-05-05,14:24:00,1476.56,1480
2026-05-05,14:27:00,1476.64,1481
2026-05-05,14:30:00,1476.53,1481
2026-05-05,14:33:00,1475.61,1482
2026-05-05,14:36:00,1476.17,1481
2026-05-05,14:39:00,1476.11,1482
2026-05-05,14:42:00,1475.61,1482
2026-05-05,14:45:00,1475.3,1482
2026-05-05,14:48:00,1475.02,1482
2026-05-05,14:51:00,1475.62,1482
2026-05-05,14:54:00,1475.63,1482
2026-05-05,14:57:00,1475.51,1482
2026-05-05,15:00:00,1475.53,1482
2026-05-05,15:03:00,1475.09,1483
2026-05-05,15:06:00,1475.48,1482
2026-05-05,15:09:00,1475.58,1482
2026-05-05,15:12:00,1475.5,1482
2026-05-05,15:15:00,1475.61,1483
2026-05-05,15:18:00,1475.6,1483
2026-05-05,15:21:00,1475.3,1482
2026-05-05,15:24:00,1475.69,1483
2026-05-05,15:27:00,1475.5,1483
2026-05-05,15:30:00,1475.54,1483
2026-05-05,15:33:00,1474.93,1482
2026-05-05,15:36:00,1474.69,1483
2026-05-05,15:39:00,1474.16,1483
2026-05-05,15:42:00,1474.4,1482
2026-05-05,15:45:00,1474.38,1483
2026-05-05,15:48:00,1474.65,1483
2026-05-05,15:51:00,1474.43,1483
2026-05-05,15:54:00,1474.3,1482
2026-05-05,15:57:00,1475.01,1483
2026-05-05,16:00:00,1474.25,1483
2026-05-05,16:03:00,1473.9,1483
2026-05-05,16:06:00,1473.48,1482
2026-05-05,16:09:00,1473.43,1482
2026-05-05,16:12:00,1472.96,1483
2026-05-05,16:15:00,1472.88,1483
2026-05-05,16:18:00,1472.89,1482
2026-05-05,16:21:00,1473.05,1482
2026-05-05,16:24:00,1473.54,1482
2026-05-05,16:27:00,1473.61,1482
2026-05-05,16:30:00,1472.89,1482
2026-05-05,16:33:00,1473.26,1482
2026-05-05,16:36:00,1473.23,1481
2026-05-05,16:39:00,1473.05,1482
2026-05-05,16:42:00,1473.17,1481
2026-05-05,16:45:00,1473.12,1481
2026-05-05,16:48:00,1473.19,1481
2026-05-05,16:51:00,1473.09,1481
2026-05-05,16:54:00,1473.12,1481
2026-05-05,16:57:00,1473.89,1481
2026-05-05,17:00:00,1473.91,1481
2026-05-05,17:03:00,1472.92,1481
2026-05-05,17:06:00,1473.2,1482
2026-05-05,17:09:00,1472.99,1482
2026-05-05,17:12:00,1472.99,1482
2026-05-05,17:15:00,1472.95,1482
2026-05-05,17:18:00,1472.93,1481
2026-05-05,17:21:00,1472.87,1482
2026-05-05,17:24:00,1472.95,1481
2026-05-05,17:27:00,1472.94,1482
2026-05-05,17:30:00,1472.2,1480
2026-05-05,17:33:00,1472.75,1480
2026-05-05,17:36:00,1472.78,1481
2026-05-05,17:39:00,1473.09,1480
2026-05-05,17:42:00,1472.61,1481
2026-05-05,17:45:00,1472.83,1481
2026-05-05,17:48:00,1472.71,1480
2026-05-05,17:51:00,1472.57,1481
2026-05-05,17:54:00,1473.71,1480
2026-05-05,17:57:00,1472.99,1480
2026-05-05,18:00:00,1473.54,1480
2026-05-05,18:03:00,1473.97,1480
2026-05-05,18:06:00,1473.61,1480
2026-05-05,18:09:00,1472.8,1480
2026-05-05,18:12:00,1474.02,1480
2026-05-05,18:15:00,1474.31,1481
2026-05-05,18:18:00,1474.96,1480
2026-05-05,18:21:00,1474,1480
2026-05-05,18:24:00,1474.83,1481
2026-05-05,18:27:00,1474.32,1481
2026-05-05,18:30:00,1473.01,1481
2026-05-05,18:33:00,1473.06,1480
2026-05-05,18:36:00,1472.96,1481
2026-05-05,18:39:00,1472.9,1481
2026-05-05,18:42:00,1473.47,1481
2026-05-05,18:45:00,1472.76,1480
2026-05-05,18:48:00,1473.92,1481
2026-05-05,18:51:00,1472.82,1480
2026-05-05,18:54:00,1472.84,1481
2026-05-05,18:57:00,1472.36,1480
2026-05-05,19:00:00,1473.31,1480
2026-05-05,19:03:00,1472.95,1480
2026-05-05,19:06:00,1473.96,1480
2026-05-05,19:09:00,1473.56,1481
2026-05-05,19:12:00,1473.55,1481
2026-05-05,19:15:00,1473.32,1480
2026-05-05,19:18:00,1472.76,1480
2026-05-05,19:21:00,1472.42,1480
2026-05-05,19:24:00,1472.41,1481
2026-05-05,19:27:00,1472.47,1481
2026-05-05,19:30:00,1470.99,1481
2026-05-05,19:33:00,1470.46,1481
2026-05-05,19:36:00,1471.27,1480
2026-05-05,19:39:00,1472.24,1479
2026-05-05,19:42:00,1472.76,1479
2026-05-05,19:45:00,1473.18,1479
2026-05-05,19:48:00,1472.63,1480
2026-05-05,19:51:00,1472.49,1480
2026-05-05,19:54:00,1472.5,1480
2026-05-05,19:57:00,1472.51,1480
2026-05-05,20:00:00,1473.66,1480
2026-05-05,20:03:00,1473.79,1479
2026-05-05,20:06:00,1472.91,1479
2026-05-05,20:09:00,1473.63,1479
2026-05-05,20:12:00,1473.29,1479
2026-05-05,20:15:00,1473.95,1480
2026-05-05,20:18:00,1474.16,1480
2026-05-05,20:21:00,1473.46,1479
2026-05-05,20:24:00,1472.74,1480
2026-05-05,20:27:00,1472.69,1480
2026-05-05,20:30:00,1472.54,1480
2026-05-05,20:33:00,1472.63,1480
2026-05-05,20:36:00,1472.56,1479
2026-05-05,20:39:00,1472.68,1480
2026-05-05,20:42:00,1472.96,1479
2026-05-05,20:45:00,1472.57,1480
2026-05-05,20:48:00,1473.12,1479
2026-05-05,20:51:00,1473.76,1480
2026-05-05,20:54:00,1473.13,1480
2026-05-05,20:57:00,1472.47,1479
2026-05-05,21:00:00,1474.01,1480
2026-05-05,21:03:00,1473.11,1481
2026-05-05,21:06:00,1472.32,1481
2026-05-05,21:09:00,1472.63,1480
2026-05-05,21:12:00,1471.49,1480
2026-05-05,21:15:00,1470.87,1480
2026-05-05,21:18:00,1471.29,1480
2026-05-05,21:21:00,1471.93,1480
2026-05-05,21:24:00,1470.05,1479
2026-05-05,21:27:00,1470.03,1480
2026-05-05,21:30:00,1471.87,1479
2026-05-05,21:33:00,1471.31,1479
2026-05-05,21:36:00,1471.28,1479
2026-05-05,21:39:00,1472.73,1479
2026-05-05,21:42:00,1472.36,1479
2026-05-05,21:45:00,1471.05,1480
2026-05-05,21:48:00,1472.6,1479
2026-05-05,21:51:00,1470.06,1479
2026-05-05,21:54:00,1469.94,1480
2026-05-05,21:57:00,1469.82,1479
2026-05-05,22:00:00,1469.52,1479
2026-05-05,22:03:00,1470.26,1478
2026-05-05,22:06:00,1470.91,1478
2026-05-05,22:09:00,1471.09,1478
2026-05-05,22:12:00,1469.37,1478
2026-05-05,22:15:00,1469.16,1478
2026-05-05,22:18:00,1469.28,1478
2026-05-05,22:21:00,1472.05,1479
2026-05-05,22:24:00,1469.13,1479
2026-05-05,22:27:00,1469.11,1478
2026-05-05,22:30:00,1469.01,1478
2026-05-05,22:33:00,1468.76,1478
2026-05-05,22:36:00,1470.85,1478
2026-05-05,22:39:00,1469,1479
2026-05-05,22:42:00,1468.91,1478
2026-05-05,22:45:00,1471.51,1478
2026-05-05,22:48:00,1469.14,1479
2026-05-05,22:51:00,1470.07,1478
2026-05-05,22:54:00,1469.23,1479
2026-05-05,22:57:00,1471.33,1479
2026-05-05,23:00:00,1469.43,1478
2026-05-05,23:03:00,1471.72,1478
2026-05-05,23:06:00,1469.16,1478
2026-05-05,23:09:00,1468.9,1478
2026-05-05,23:12:00,1471.47,1478
2026-05-05,23:15:00,1470.36,1478
2026-05-05,23:18:00,1470.26,1479
2026-05-05,23:21:00,1469.07,1479
2026-05-05,23:24:00,1469.18,1480
2026-05-05,23:27:00,1470.31,1480
2026-05-05,23:30:00,1469.33,1479
2026-05-05,23:33:00,1469.28,1480
2026-05-05,23:36:00,1469.3,1480
2026-05-05,23:39:00,1469.12,1480
2026-05-05,23:42:00,1469.08,1480
2026-05-05,23:45:00,1468.99,1479
2026-05-05,23:48:00,1469.02,1479
2026-05-05,23:51:00,1470.57,1480
2026-05-05,23:54:00,1468.68,1480
2026-05-05,23:57:00,1470.46,1480
2026-05-06,0:00:00,1471,1479
2026-05-06,0:03:00,1469.74,1479
2026-05-06,0:06:00,1467.56,1479
2026-05-06,0:09:00,1467.6,1478
2026-05-06,0:12:00,1469.74,1479
2026-05-06,0:15:00,1468.71,1479
2026-05-06,0:18:00,1470.59,1479
2026-05-06,0:21:00,1470.22,1478
2026-05-06,0:24:00,1468.25,1478
2026-05-06,0:27:00,1467.13,1479
2026-05-06,0:30:00,1467.54,1479
2026-05-06,0:33:00,1470.31,1479
2026-05-06,0:36:00,1469.84,1478
2026-05-06,0:39:00,,1479
2026-05-06,0:42:00,,1479
2026-05-06,0:45:00,1469.25,1479
2026-05-06,0:48:00,1469.52,1480
2026-05-06,0:51:00,1469.53,1480
2026-05-06,0:54:00,,1480
2026-05-06,0:57:00,1469.46,1480
2026-05-06,1:00:00,,1480
2026-05-06,1:03:00,1468.16,1479
2026-05-06,1:06:00,1466.68,1480
2026-05-06,1:09:00,1466.93,1479
2026-05-06,1:12:00,1469.65,1479
2026-05-06,1:15:00,1466.78,1481
2026-05-06,1:18:00,1468.81,1481
2026-05-06,1:21:00,1469.85,1480
2026-05-06,1:24:00,1467.03,1481
2026-05-06,1:27:00,1466.9,1480
2026-05-06,1:30:00,1471.2,1480
2026-05-06,1:33:00,1470.35,1481
2026-05-06,1:36:00,1469.41,1481
2026-05-06,1:39:00,1470.28,1481
2026-05-06,1:42:00,1466.45,1481
2026-05-06,1:45:00,1468.09,1480
2026-05-06,1:48:00,1469.93,1481
2026-05-06,1:51:00,1470.59,1481
2026-05-06,1:54:00,1467.91,1480
2026-05-06,1:57:00,1466.61,1481
2026-05-06,2:00:00,1469.92,1481
2026-05-06,2:03:00,1469.26,1481
2026-05-06,2:06:00,1466.86,1481
2026-05-06,2:09:00,1467.08,1482
2026-05-06,2:12:00,1467.2,1481
2026-05-06,2:15:00,1469.91,1480
2026-05-06,2:18:00,1469.42,1480
2026-05-06,2:21:00,1468.03,1480
2026-05-06,2:24:00,1466.93,1481
2026-05-06,2:27:00,1469.38,1481
2026-05-06,2:30:00,1466.93,1481
2026-05-06,2:33:00,1466.63,1481
2026-05-06,2:36:00,1466.43,1481
2026-05-06,2:39:00,1468.42,1481
2026-05-06,2:42:00,1467.28,1480
2026-05-06,2:45:00,1466.6,1481
2026-05-06,2:48:00,1466.68,1481
2026-05-06,2:51:00,1467.59,1480
2026-05-06,2:54:00,1469.51,1482
2026-05-06,2:57:00,1467.19,1481
2026-05-06,3:00:00,1467.72,1481
2026-05-06,3:03:00,1469.07,1481
2026-05-06,3:06:00,1469.08,1481
2026-05-06,3:09:00,1467.99,1481
2026-05-06,3:12:00,1466.58,1481
2026-05-06,3:15:00,1466.64,1481
2026-05-06,3:18:00,1469.34,1481
2026-05-06,3:21:00,1466.78,1481
2026-05-06,3:24:00,1468.13,1481
2026-05-06,3:27:00,1466.76,1480
2026-05-06,3:30:00,1466.75,1480
2026-05-06,3:33:00,1469.58,1480
2026-05-06,3:36:00,1467.44,1480
2026-05-06,3:39:00,1468.29,1481
2026-05-06,3:42:00,1466.73,1480
2026-05-06,3:45:00,1466.68,1481
2026-05-06,3:48:00,1466.71,1480
2026-05-06,3:51:00,1466.53,1481
2026-05-06,3:54:00,1468.17,1480
2026-05-06,3:57:00,1466.84,1481
2026-05-06,4:00:00,1466.59,1481
2026-05-06,4:03:00,1468.05,1481
2026-05-06,4:06:00,1466.46,1480
2026-05-06,4:09:00,1469.51,1480
2026-05-06,4:12:00,1467.97,1480
2026-05-06,4:15:00,1466.69,1480
2026-05-06,4:18:00,1470.52,1480
2026-05-06,4:21:00,1466.67,1480
2026-05-06,4:24:00,1468.78,1480
2026-05-06,4:27:00,1470.56,1479
2026-05-06,4:30:00,1470.69,1479
2026-05-06,4:33:00,1468.32,1480
2026-05-06,4:36:00,1466.98,1479
2026-05-06,4:39:00,1466.47,1479
2026-05-06,4:42:00,1466.83,1480
2026-05-06,4:45:00,1466.7,1479
2026-05-06,4:48:00,1466.87,1479
2026-05-06,4:51:00,1467,1479
2026-05-06,4:54:00,1468.1,1479
2026-05-06,4:57:00,1466.89,1479
2026-05-06,5:00:00,1467.29,1479
2026-05-06,5:03:00,1467.09,1478
2026-05-06,5:06:00,1470.18,1479
2026-05-06,5:09:00,1466.82,1478
2026-05-06,5:12:00,1470.58,1479
2026-05-06,5:15:00,1466.79,1479
2026-05-06,5:18:00,1466.82,1478
2026-05-06,5:21:00,1466.85,1478
2026-05-06,5:24:00,1466.66,1479
2026-05-06,5:27:00,1466.53,1479
2026-05-06,5:30:00,1466.78,1478
2026-05-06,5:33:00,1469.69,1478
2026-05-06,5:36:00,1469.13,1478
2026-05-06,5:39:00,1469.13,1478
2026-05-06,5:42:00,1467.16,1478
2026-05-06,5:45:00,1469.46,1478
2026-05-06,5:48:00,1468.56,1478
2026-05-06,5:51:00,,1478
2026-05-06,5:54:00,,1479
2026-05-06,5:57:00,,1478
2026-05-06,6:00:00,1467.99,1478
2026-05-06,6:03:00,1467.98,1477
2026-05-06,6:06:00,1469.08,1477
2026-05-06,6:09:00,1470.12,1478
2026-05-06,6:12:00,1471.03,1477
2026-05-06,6:15:00,1472.58,1478
2026-05-06,6:18:00,1472.58,1478
2026-05-06,6:21:00,1472.85,1478
2026-05-06,6:24:00,1473.34,1477
2026-05-06,6:27:00,1472.99,1479
2026-05-06,6:30:00,1473.04,1479
2026-05-06,6:33:00,,1479
2026-05-06,6:36:00,1473.42,1478
2026-05-06,6:39:00,1473.4,1478
2026-05-06,6:42:00,1473.89,1479
2026-05-06,6:45:00,1474.35,1479
2026-05-06,6:48:00,1474.35,1478
2026-05-06,6:51:00,1474.7,1479
2026-05-06,6:54:00,1474.59,1479
2026-05-06,6:57:00,1474.46,1479
2026-05-06,7:00:00,1474.4,1478
2026-05-06,7:03:00,,1478
2026-05-06,7:06:00,1474.47,1478
2026-05-06,7:09:00,1474.72,1479
2026-05-06,7:12:00,1474.44,1479
2026-05-06,7:15:00,1474.59,1478
2026-05-06,7:18:00,1474.45,1479
2026-05-06,7:21:00,1474.47,1479
2026-05-06,7:24:00,1474.76,1478
2026-05-06,7:27:00,1474.88,1479
2026-05-06,7:30:00,,1479
2026-05-06,7:33:00,,1479
2026-05-06,7:36:00,,1479
2026-05-06,7:39:00,,1479
2026-05-06,7:42:00,,1479
2026-05-06,7:45:00,,1479
2026-05-06,7:48:00,,1479
2026-05-06,7:51:00,1474.88,1478
2026-05-06,7:54:00,,1479
2026-05-06,7:57:00,,1480
2026-05-06,8:00:00,,1480
2026-05-06,8:03:00,,1480
2026-05-06,8:06:00,,1479
2026-05-06,8:09:00,,1479
2026-05-06,8:12:00,,1479
2026-05-06,8:15:00,1474.88,1479
2026-05-06,8:18:00,,1479
2026-05-06,8:21:00,,1480
2026-05-06,8:24:00,,1479
2026-05-06,8:27:00,,1479
2026-05-06,8:30:00,,1479
2026-05-06,8:33:00,,1480
2026-05-06,8:36:00,,1480
2026-05-06,8:39:00,,1479
2026-05-06,8:42:00,,1479
2026-05-06,8:45:00,,1479
2026-05-06,8:48:00,,1478
2026-05-06,8:51:00,,1477
2026-05-06,8:54:00,,1478
2026-05-06,8:57:00,,1478
2026-05-06,9:00:00,1462.28,1477
2026-05-06,9:03:00,1462.68,1476
2026-05-06,9:06:00,1461.58,1476
2026-05-06,9:09:00,1461.58,1475
2026-05-06,9:12:00,1462.38,1476
2026-05-06,9:15:00,1462.09,1476
2026-05-06,9:18:00,1460.78,1476
2026-05-06,9:21:00,1461.41,1476
2026-05-06,9:24:00,1460.68,1476
2026-05-06,9:27:00,1460.68,1476
2026-05-06,9:30:00,1460.38,1475
2026-05-06,9:33:00,1459.82,1475
2026-05-06,9:36:00,1459.28,1475
2026-05-06,9:39:00,1457.48,1474
2026-05-06,9:42:00,1457.88,1474
2026-05-06,9:45:00,1457.75,1474
2026-05-06,9:48:00,1457.98,1473
2026-05-06,9:51:00,1457.68,1472
2026-05-06,9:54:00,1457.16,1472
2026-05-06,9:57:00,1457.39,1472
2026-05-06,10:00:00,1457.72,1473
2026-05-06,10:03:00,1457.88,1473
2026-05-06,10:06:00,1457.58,1472
2026-05-06,10:09:00,1456.98,1473
2026-05-06,10:12:00,1457.38,1472
2026-05-06,10:15:00,1456.46,1471
2026-05-06,10:18:00,1455.58,1471
2026-05-06,10:21:00,1456.68,1471
2026-05-06,10:24:00,1456.63,1470
2026-05-06,10:27:00,1457.74,1471
2026-05-06,10:30:00,1458.13,1471
2026-05-06,10:33:00,1458.48,1471
2026-05-06,10:36:00,1457.18,1470
2026-05-06,10:39:00,1456.78,1470
2026-05-06,10:42:00,1456.78,1470
2026-05-06,10:45:00,1455.78,1469
2026-05-06,10:48:00,1456.08,1469
2026-05-06,10:51:00,1455.68,1469
2026-05-06,10:54:00,1455.78,1470
2026-05-06,10:57:00,1455.78,1470
2026-05-06,11:00:00,1455.88,1470
2026-05-06,11:03:00,1455.78,1470
2026-05-06,11:06:00,1456.08,1470
2026-05-06,11:09:00,1456.78,1470
2026-05-06,11:12:00,1456.88,1470
2026-05-06,11:15:00,1456.38,1470
2026-05-06,11:18:00,1457.18,1470
2026-05-06,11:21:00,1457.38,1470
2026-05-06,11:24:00,1457.94,1470
2026-05-06,11:27:00,1457.78,1471
2026-05-06,11:30:00,1457.28,1470
2026-05-06,11:33:00,1457.58,1471
2026-05-06,11:36:00,1457.64,1470
2026-05-06,11:39:00,1458.17,1470
2026-05-06,11:42:00,1457.79,1470
2026-05-06,11:45:00,1457.78,1470
2026-05-06,11:48:00,1457.44,1469
2026-05-06,11:51:00,1456.78,1470
2026-05-06,11:54:00,1456.68,1470
2026-05-06,11:57:00,1456.77,1470
2026-05-06,12:00:00,1456.82,1469
2026-05-06,12:03:00,1456.99,1469
2026-05-06,12:06:00,1457.68,1469
2026-05-06,12:09:00,1456.95,1469
2026-05-06,12:12:00,1456.78,1469
2026-05-06,12:15:00,1457.38,1468
2026-05-06,12:18:00,1457.9,1469
2026-05-06,12:21:00,1457.98,1469
2026-05-06,12:24:00,1457.78,1469
2026-05-06,12:27:00,1457.79,1469
2026-05-06,12:30:00,1458.18,1469
2026-05-06,12:33:00,1457.39,1469
2026-05-06,12:36:00,1457.62,1469
2026-05-06,12:39:00,1457.65,1470
2026-05-06,12:42:00,1457.67,1469
2026-05-06,12:45:00,1457.88,1470
2026-05-06,12:48:00,1457.88,1470
2026-05-06,12:51:00,1457.98,1469
2026-05-06,12:54:00,1458.21,1469
2026-05-06,12:57:00,1458.37,1469
2026-05-06,13:00:00,1458.13,1469
2026-05-06,13:03:00,1457.71,1469
2026-05-06,13:06:00,1457.78,1469
2026-05-06,13:09:00,1458.08,1469
2026-05-06,13:12:00,1457.49,1469
2026-05-06,13:15:00,1457.14,1469
2026-05-06,13:18:00,1456.88,1469
2026-05-06,13:21:00,1457.08,1469
2026-05-06,13:24:00,1456.58,1469
2026-05-06,13:27:00,1455.08,1470
2026-05-06,13:30:00,1454.68,1470
2026-05-06,13:33:00,1454.71,1469
2026-05-06,13:36:00,1454.78,1470
2026-05-06,13:39:00,1454.48,1470
2026-05-06,13:42:00,1454.18,1469
2026-05-06,13:45:00,1454.68,1469
2026-05-06,13:48:00,1454.08,1468
2026-05-06,13:51:00,1453.48,1469
2026-05-06,13:54:00,1454.28,1469
2026-05-06,13:57:00,1455.78,1470
2026-05-06,14:00:00,1455.68,1470
2026-05-06,14:03:00,1455.68,1470
2026-05-06,14:06:00,1455.66,1470
2026-05-06,14:09:00,1455.54,1470
2026-05-06,14:12:00,1455.56,1469
2026-05-06,14:15:00,1455.59,1470
2026-05-06,14:18:00,1455.48,1469
2026-05-06,14:21:00,1455.88,1471
2026-05-06,14:24:00,1455.38,1471
2026-05-06,14:27:00,1455.52,1470
2026-05-06,14:30:00,1455.18,1469
2026-05-06,14:33:00,1455.08,1471
2026-05-06,14:36:00,1456.08,1470
2026-05-06,14:39:00,1455.83,1470
2026-05-06,14:42:00,1456.28,1470
2026-05-06,14:45:00,1456.21,1470
2026-05-06,14:48:00,1455.58,1470
2026-05-06,14:51:00,1456.08,1470
2026-05-06,14:54:00,1455.48,1469
2026-05-06,14:57:00,1455.38,1470
2026-05-06,15:00:00,1454.48,1470
2026-05-06,15:03:00,1454.48,1469
2026-05-06,15:06:00,1454.08,1469
2026-05-06,15:09:00,1453.86,1469
2026-05-06,15:12:00,1452.38,1468
2026-05-06,15:15:00,1452.28,1468
2026-05-06,15:18:00,1453.38,1468
2026-05-06,15:21:00,1454.88,1468
2026-05-06,15:24:00,1454.08,1469
2026-05-06,15:27:00,1455.08,1469
2026-05-06,15:30:00,1453.58,1469
2026-05-06,15:33:00,1454.02,1469
2026-05-06,15:36:00,1453.62,1469
2026-05-06,15:39:00,1454.38,1468
2026-05-06,15:42:00,1454.18,1469
2026-05-06,15:45:00,1454.58,1469
2026-05-06,15:48:00,1454.78,1468
2026-05-06,15:51:00,1454.77,1469
2026-05-06,15:54:00,1454.18,1469
2026-05-06,15:57:00,1454.08,1468
2026-05-06,16:00:00,1454.71,1469
2026-05-06,16:03:00,1454.58,1469
2026-05-06,16:06:00,1454.7,1469
2026-05-06,16:09:00,1455.58,1470
2026-05-06,16:12:00,1456.46,1469
2026-05-06,16:15:00,1456.38,1470
2026-05-06,16:18:00,1456.95,1469
2026-05-06,16:21:00,1456.28,1470
2026-05-06,16:24:00,1455.49,1469
2026-05-06,16:27:00,1456.17,1469
2026-05-06,16:30:00,1455.78,1469
2026-05-06,16:33:00,1456.17,1469
2026-05-06,16:36:00,1455.23,1469
2026-05-06,16:39:00,1454.08,1469
2026-05-06,16:42:00,1454.7,1469
2026-05-06,16:45:00,1452.58,1470
2026-05-06,16:48:00,1452.28,1470
2026-05-06,16:51:00,1451.48,1469
2026-05-06,16:54:00,1451.18,1469
2026-05-06,16:57:00,1449.58,1468
2026-05-06,17:00:00,1451.04,1468
2026-05-06,17:03:00,1451.28,1469
2026-05-06,17:06:00,1451.52,1468
2026-05-06,17:09:00,1452.23,1467
2026-05-06,17:12:00,1452.1,1467
2026-05-06,17:15:00,1452.06,1468
2026-05-06,17:18:00,1452.35,1467
2026-05-06,17:21:00,1452.64,1467
2026-05-06,17:24:00,1452.37,1467
2026-05-06,17:27:00,1452.14,1467
2026-05-06,17:30:00,1452.03,1467
2026-05-06,17:33:00,1450.78,1467
2026-05-06,17:36:00,1451.27,1466
2026-05-06,17:39:00,1450.38,1467
2026-05-06,17:42:00,1450.18,1466
2026-05-06,17:45:00,1449.64,1466
2026-05-06,17:48:00,1447.28,1466
2026-05-06,17:51:00,1446.93,1465
2026-05-06,17:54:00,1448.08,1465
2026-05-06,17:57:00,1447.86,1465
2026-05-06,18:00:00,1448.52,1465
2026-05-06,18:03:00,1448.38,1465
2026-05-06,18:06:00,1448.68,1465
2026-05-06,18:09:00,1448.68,1465
2026-05-06,18:12:00,1448.23,1465
2026-05-06,18:15:00,1446.67,1465
2026-05-06,18:18:00,1446.68,1464
2026-05-06,18:21:00,1446.98,1465
2026-05-06,18:24:00,1446.98,1465
2026-05-06,18:27:00,1446.55,1465
2026-05-06,18:30:00,1445.46,1464
2026-05-06,18:33:00,1445.9,1463
2026-05-06,18:36:00,1446.98,1463
2026-05-06,18:39:00,1445.38,1464
2026-05-06,18:42:00,1446.98,1463
2026-05-06,18:45:00,1447.58,1463
2026-05-06,18:48:00,1447.27,1463
2026-05-06,18:51:00,1447.07,1463
2026-05-06,18:54:00,1447.03,1462
2026-05-06,18:57:00,1447.05,1463
2026-05-06,19:00:00,1447.22,1463
2026-05-06,19:03:00,1447.42,1463
2026-05-06,19:06:00,1446.94,1463
2026-05-06,19:09:00,1446.95,1463
2026-05-06,19:12:00,1447.35,1463
2026-05-06,19:15:00,1447.63,1462
2026-05-06,19:18:00,1446.82,1462
2026-05-06,19:21:00,1447.32,1463
2026-05-06,19:24:00,1446.7,1464
2026-05-06,19:27:00,1445.52,1463
2026-05-06,19:30:00,1444.99,1462
2026-05-06,19:33:00,1445.63,1462
2026-05-06,19:36:00,1444,1463
2026-05-06,19:39:00,1444.08,1463
2026-05-06,19:42:00,1442.48,1462
2026-05-06,19:45:00,1442.03,1462
2026-05-06,19:48:00,1441.64,1463
2026-05-06,19:51:00,1441.48,1462
2026-05-06,19:54:00,1439.67,1462
2026-05-06,19:57:00,1439.45,1461
2026-05-06,20:00:00,1440.58,1460
2026-05-06,20:03:00,1440.28,1460
2026-05-06,20:06:00,1441.38,1460
2026-05-06,20:09:00,1441.57,1460
2026-05-06,20:12:00,1441.48,1460
2026-05-06,20:15:00,1441.9,1460
2026-05-06,20:18:00,1441.96,1460
2026-05-06,20:21:00,1442.13,1460
2026-05-06,20:24:00,1440.48,1460
2026-05-06,20:27:00,1442.88,1459
2026-05-06,20:30:00,1440.78,1460
2026-05-06,20:33:00,1442.27,1460
2026-05-06,20:36:00,1442.24,1459
2026-05-06,20:39:00,1443.98,1460
2026-05-06,20:42:00,1444.18,1460
2026-05-06,20:45:00,1444.37,1460
2026-05-06,20:48:00,1445.12,1460
2026-05-06,20:51:00,1444.66,1461
2026-05-06,20:54:00,1444.98,1462
2026-05-06,20:57:00,1444.87,1461
2026-05-06,21:00:00,1445.37,1461
2026-05-06,21:03:00,1446.17,1461
2026-05-06,21:06:00,1447.38,1462
2026-05-06,21:09:00,1446.38,1463
2026-05-06,21:12:00,1447.67,1463
2026-05-06,21:15:00,1448.98,1463
2026-05-06,21:18:00,1447.88,1463
2026-05-06,21:21:00,1446.58,1463
2026-05-06,21:24:00,1446.98,1462
2026-05-06,21:27:00,1446.85,1463
2026-05-06,21:30:00,1446.24,1463
2026-05-06,21:33:00,1446.39,1463
2026-05-06,21:36:00,1446.19,1463
2026-05-06,21:39:00,1447.04,1463
2026-05-06,21:42:00,1447.05,1463
2026-05-06,21:45:00,1447.58,1463
2026-05-06,21:48:00,1447.88,1462
2026-05-06,21:51:00,1447.86,1462
2026-05-06,21:54:00,1449.1,1464
2026-05-06,21:57:00,1449.31,1464
2026-05-06,22:00:00,1449.48,1463
2026-05-06,22:03:00,1449.1,1464
2026-05-06,22:06:00,1450.61,1466
2026-05-06,22:09:00,1449.85,1464
2026-05-06,22:12:00,1449.35,1465
2026-05-06,22:15:00,1449.18,1464
2026-05-06,22:18:00,1450.28,1466
2026-05-06,22:21:00,1449.45,1466
2026-05-06,22:24:00,1449.34,1465
2026-05-06,22:27:00,1448.98,1466
2026-05-06,22:30:00,1449.22,1467
2026-05-06,22:33:00,1448.78,1467
2026-05-06,22:36:00,1448.16,1467
2026-05-06,22:39:00,1448.21,1467
2026-05-06,22:42:00,1448.38,1467
2026-05-06,22:45:00,1448.58,1468
2026-05-06,22:48:00,1448.68,1469
2026-05-06,22:51:00,1448.29,1469
2026-05-06,22:54:00,1447.66,1467
2026-05-06,22:57:00,1447.68,1467
2026-05-06,23:00:00,1447.69,1468
2026-05-06,23:03:00,1448.88,1469
2026-05-06,23:06:00,1448.58,1470
2026-05-06,23:09:00,1448.98,1470
2026-05-06,23:12:00,1448.58,1470
2026-05-06,23:15:00,1448.28,1470
2026-05-06,23:18:00,1448.52,1470
2026-05-06,23:21:00,1448.26,1470
2026-05-06,23:24:00,1448.78,1470
2026-05-06,23:27:00,1450.08,1469
2026-05-06,23:30:00,1448.35,1469
2026-05-06,23:33:00,1447.41,1469
2026-05-06,23:36:00,1447.03,1469
2026-05-06,23:39:00,1446.48,1469
2026-05-06,23:42:00,1445.98,1468
2026-05-06,23:45:00,1445.93,1468
2026-05-06,23:48:00,1447.08,1468
2026-05-06,23:51:00,1447.23,1469
2026-05-06,23:54:00,1447.07,1469
2026-05-06,23:57:00,1447,1470
2026-05-07,0:00:00,1446.78,1469
2026-05-07,0:03:00,1447.25,1469
2026-05-07,0:06:00,1447.88,1469
2026-05-07,0:09:00,1447.14,1468
2026-05-07,0:12:00,1447.55,1469
2026-05-07,0:15:00,1447.63,1468
2026-05-07,0:18:00,1447.45,1468
2026-05-07,0:21:00,1446.95,1468
2026-05-07,0:24:00,1446.51,1468
2026-05-07,0:27:00,1445.98,1467
2026-05-07,0:30:00,1445.97,1468
2026-05-07,0:33:00,1445.49,1468
2026-05-07,0:36:00,1446.87,1468
2026-05-07,0:39:00,1445.88,1468
2026-05-07,0:42:00,1447.01,1468
2026-05-07,0:45:00,1446.17,1468
2026-05-07,0:48:00,1446.06,1468
2026-05-07,0:51:00,1447.03,1468
2026-05-07,0:54:00,1447.15,1468
2026-05-07,0:57:00,1447.3,1468
2026-05-07,1:00:00,1449.16,1468
2026-05-07,1:03:00,1447.77,1468
2026-05-07,1:06:00,1447.83,1468
2026-05-07,1:09:00,1447.26,1468
2026-05-07,1:12:00,1446.27,1467
2026-05-07,1:15:00,1447.14,1467
2026-05-07,1:18:00,1447.26,1468
2026-05-07,1:21:00,1446.58,1467
2026-05-07,1:24:00,1446.74,1468
2026-05-07,1:27:00,1447.01,1468
2026-05-07,1:30:00,1446.45,1468
2026-05-07,1:33:00,1446.99,1469
2026-05-07,1:36:00,1447.24,1467
2026-05-07,1:39:00,1447.29,1467
2026-05-07,1:42:00,1447.3,1467
2026-05-07,1:45:00,1448.51,1467
2026-05-07,1:48:00,1447.61,1467
2026-05-07,1:51:00,1448.15,1467
2026-05-07,1:54:00,1447.95,1467
2026-05-07,1:57:00,1447.39,1468
2026-05-07,2:00:00,1447.82,1467
2026-05-07,2:03:00,1446.52,1467
2026-05-07,2:06:00,1446.14,1467
2026-05-07,2:09:00,1446.12,1467
2026-05-07,2:12:00,1446.18,1467
2026-05-07,2:15:00,1446.08,1467
2026-05-07,2:18:00,1445.72,1467
2026-05-07,2:21:00,1445.18,1468
2026-05-07,2:24:00,1444.89,1467
2026-05-07,2:27:00,1445.12,1468
2026-05-07,2:30:00,1444.79,1467
2026-05-07,2:33:00,1445.14,1468
2026-05-07,2:36:00,1445.08,1468
2026-05-07,2:39:00,1445.66,1467
2026-05-07,2:42:00,1445.5,1467
2026-05-07,2:45:00,1445.25,1467
2026-05-07,2:48:00,1445.68,1468
2026-05-07,2:51:00,1446.06,1468
2026-05-07,2:54:00,,1469
2026-05-07,2:57:00,1445.45,1469
2026-05-07,3:00:00,1445.51,1469
2026-05-07,3:03:00,1445.26,1468
2026-05-07,3:06:00,1445.26,1468
2026-05-07,3:09:00,1445.43,1468
2026-05-07,3:12:00,1445.01,1469
2026-05-07,3:15:00,1444.35,1469
2026-05-07,3:18:00,1444.79,1469
2026-05-07,3:21:00,1445.03,1469
2026-05-07,3:24:00,1445.09,1469
2026-05-07,3:27:00,1444.2,1470
2026-05-07,3:30:00,1444.05,1469
2026-05-07,3:33:00,1444.25,1469
2026-05-07,3:36:00,1444.53,1469
2026-05-07,3:39:00,1444.38,1469
2026-05-07,3:42:00,1444.26,1469
2026-05-07,3:45:00,1444.58,1469
2026-05-07,3:48:00,1444.34,1469
2026-05-07,3:51:00,1444.45,1469
2026-05-07,3:54:00,1444.15,1468
2026-05-07,3:57:00,1444.26,1469
2026-05-07,4:00:00,1443.99,1469
2026-05-07,4:03:00,1444.06,1470
2026-05-07,4:06:00,1444.14,1469
2026-05-07,4:09:00,1444.03,1469
2026-05-07,4:12:00,1443.84,1469
2026-05-07,4:15:00,1443.84,1468
2026-05-07,4:18:00,1443.47,1468
2026-05-07,4:21:00,1443.73,1468
2026-05-07,4:24:00,1443.7,1469
2026-05-07,4:27:00,1443.6,1469
2026-05-07,4:30:00,1444.13,1468
2026-05-07,4:33:00,1444.3,1469
2026-05-07,4:36:00,1444.38,1468
2026-05-07,4:39:00,1444.43,1468
2026-05-07,4:42:00,1444.64,1468
2026-05-07,4:45:00,1444.71,1468
2026-05-07,4:48:00,1444.3,1468
2026-05-07,4:51:00,1444.16,1468
2026-05-07,4:54:00,1444.42,1469
2026-05-07,4:57:00,1444.49,1469
2026-05-07,5:00:00,1444.72,1468
2026-05-07,5:03:00,1445.34,1467
2026-05-07,5:06:00,1445.01,1467
2026-05-07,5:09:00,1444.8,1467
2026-05-07,5:12:00,1444.62,1467
2026-05-07,5:15:00,1444.59,1467
2026-05-07,5:18:00,1444.91,1467
2026-05-07,5:21:00,1444.83,1468
2026-05-07,5:24:00,1444.8,1467
2026-05-07,5:27:00,1444.92,1468
2026-05-07,5:30:00,1444.96,1468
2026-05-07,5:33:00,1444.83,1468
2026-05-07,5:36:00,1444.85,1468
2026-05-07,5:39:00,1444.72,1468
2026-05-07,5:42:00,1445.55,1468
2026-05-07,5:45:00,1445.27,1468
2026-05-07,5:48:00,1444.88,1469
2026-05-07,5:51:00,1445.37,1469
2026-05-07,5:54:00,1444.83,1468
2026-05-07,5:57:00,1444.9,1467
2026-05-07,6:00:00,1445.14,1467
2026-05-07,6:03:00,,1468
2026-05-07,6:06:00,1446.23,1467
2026-05-07,6:09:00,1445.24,1468
2026-05-07,6:12:00,1445.68,1467
2026-05-07,6:15:00,1445.79,1467
2026-05-07,6:18:00,1445.76,1468
2026-05-07,6:21:00,1445.52,1468
2026-05-07,6:24:00,1445.31,1467
2026-05-07,6:27:00,1444.95,1467
2026-05-07,6:30:00,1444.71,1467
2026-05-07,6:33:00,1444.93,1467
2026-05-07,6:36:00,,1467
2026-05-07,6:39:00,,1467
2026-05-07,6:42:00,,1467
2026-05-07,6:45:00,1446.22,1467
2026-05-07,6:48:00,1445.57,1466
2026-05-07,6:51:00,1445.57,1467
2026-05-07,6:54:00,1445.59,1467
2026-05-07,6:57:00,,1467
2026-05-07,7:00:00,1445.9,1467
2026-05-07,7:03:00,1445.3,1467
2026-05-07,7:06:00,1445.3,1468
2026-05-07,7:09:00,,1468
2026-05-07,7:12:00,1445.3,1468
2026-05-07,7:15:00,,1468
2026-05-07,7:18:00,,1469
2026-05-07,7:21:00,1445.3,1469
2026-05-07,7:24:00,,1469
2026-05-07,7:27:00,,1469
2026-05-07,7:30:00,,1469
2026-05-07,7:33:00,,1469
2026-05-07,7:36:00,,1469
2026-05-07,7:39:00,,1469
2026-05-07,7:42:00,,1469
2026-05-07,7:45:00,,1469
2026-05-07,7:48:00,,1469
2026-05-07,7:51:00,,1469
2026-05-07,7:54:00,,1469
2026-05-07,7:57:00,,1469
2026-05-07,8:00:00,,1469
2026-05-07,8:03:00,,1471
2026-05-07,8:06:00,,1470
2026-05-07,8:09:00,,1469
2026-05-07,8:12:00,,1470
2026-05-07,8:15:00,,1470
2026-05-07,8:18:00,,1470
2026-05-07,8:21:00,,1468
2026-05-07,8:24:00,,1468
2026-05-07,8:27:00,,1468
2026-05-07,8:30:00,,1468
2026-05-07,8:33:00,,1468
2026-05-07,8:36:00,,1468
2026-05-07,8:39:00,,1468
2026-05-07,8:42:00,,1467
2026-05-07,8:45:00,,1468
2026-05-07,8:48:00,,1467
2026-05-07,8:51:00,,1468
2026-05-07,8:54:00,,1467
2026-05-07,8:57:00,,1467
2026-05-07,9:00:00,1447.18,1467
2026-05-07,9:03:00,1448.48,1466
2026-05-07,9:06:00,1448.28,1466
2026-05-07,9:09:00,1448.08,1467
2026-05-07,9:12:00,1446.84,1466
2026-05-07,9:15:00,1446.88,1467
2026-05-07,9:18:00,1447.68,1468
2026-05-07,9:21:00,1448.08,1468
2026-05-07,9:24:00,1448.48,1467
2026-05-07,9:27:00,1448.48,1467
2026-05-07,9:30:00,1448.28,1467
2026-05-07,9:33:00,1448.08,1467
2026-05-07,9:36:00,1448.68,1467
2026-05-07,9:39:00,1450.18,1466
2026-05-07,9:42:00,1449.88,1466
2026-05-07,9:45:00,1450.23,1466
2026-05-07,9:48:00,1449.27,1466
2026-05-07,9:51:00,1449.58,1466
2026-05-07,9:54:00,1449.88,1467
2026-05-07,9:57:00,1449.98,1466
2026-05-07,10:00:00,1451.08,1467
2026-05-07,10:03:00,1451.48,1468
2026-05-07,10:06:00,1451.32,1469
2026-05-07,10:09:00,1451.18,1468
2026-05-07,10:12:00,1450.28,1468
2026-05-07,10:15:00,1450.18,1469
2026-05-07,10:18:00,1449.32,1468
2026-05-07,10:21:00,1450.17,1469
2026-05-07,10:24:00,1449.98,1469
2026-05-07,10:27:00,1449.49,1468
2026-05-07,10:30:00,1449.98,1468
2026-05-07,10:33:00,1449.68,1467
2026-05-07,10:36:00,1449.18,1467
2026-05-07,10:39:00,1448.88,1468
2026-05-07,10:42:00,1448.28,1468
2026-05-07,10:45:00,1448.28,1468
2026-05-07,10:48:00,1448.18,1467
2026-05-07,10:51:00,1448.18,1467
2026-05-07,10:54:00,1448.03,1468
2026-05-07,10:57:00,1449.18,1468
2026-05-07,11:00:00,1448.38,1467
2026-05-07,11:03:00,1448.99,1468
2026-05-07,11:06:00,1449.2,1469
2026-05-07,11:09:00,1449.02,1469
2026-05-07,11:12:00,1449.78,1469
2026-05-07,11:15:00,1450.08,1468
2026-05-07,11:18:00,1449.88,1468
2026-05-07,11:21:00,1450.33,1469
2026-05-07,11:24:00,1449.33,1469
2026-05-07,11:27:00,1449.08,1469
2026-05-07,11:30:00,1449.08,1469
2026-05-07,11:33:00,1448.91,1469
2026-05-07,11:36:00,1449.28,1468
2026-05-07,11:39:00,1449.55,1469
2026-05-07,11:42:00,1449.58,1469
2026-05-07,11:45:00,1449.88,1468
2026-05-07,11:48:00,1450.08,1469
2026-05-07,11:51:00,1449.78,1468
2026-05-07,11:54:00,1449.15,1468
2026-05-07,11:57:00,1449.18,1467
2026-05-07,12:00:00,1450.54,1468
2026-05-07,12:03:00,1449.68,1468
2026-05-07,12:06:00,1450.82,1467
2026-05-07,12:09:00,1451.52,1468
2026-05-07,12:12:00,1452.08,1467
2026-05-07,12:15:00,1451.78,1468
2026-05-07,12:18:00,1451.38,1467
2026-05-07,12:21:00,1452.28,1468
2026-05-07,12:24:00,1452.22,1467
2026-05-07,12:27:00,1451.78,1467
2026-05-07,12:30:00,1451.58,1468
2026-05-07,12:33:00,1451.87,1468
2026-05-07,12:36:00,1451.98,1468
2026-05-07,12:39:00,1451.75,1467
2026-05-07,12:42:00,1452.78,1468
2026-05-07,12:45:00,1453.58,1467
2026-05-07,12:48:00,1453.33,1467
2026-05-07,12:51:00,1453.08,1467
2026-05-07,12:54:00,1453.18,1467
2026-05-07,12:57:00,1453.54,1467
2026-05-07,13:00:00,1453.38,1467
2026-05-07,13:03:00,1453.28,1468
2026-05-07,13:06:00,1452.98,1469
2026-05-07,13:09:00,1451.52,1468
2026-05-07,13:12:00,1451.18,1467
2026-05-07,13:15:00,1451.56,1469
2026-05-07,13:18:00,1451.38,1467
2026-05-07,13:21:00,1451.14,1468
2026-05-07,13:24:00,1451.38,1467
2026-05-07,13:27:00,1451.58,1468
2026-05-07,13:30:00,1451.08,1468
2026-05-07,13:33:00,1451.1,1468
2026-05-07,13:36:00,1451.43,1468
2026-05-07,13:39:00,1450.88,1467
2026-05-07,13:42:00,1451.28,1467
2026-05-07,13:45:00,1451.05,1467
2026-05-07,13:48:00,1451.4,1467
2026-05-07,13:51:00,1451.6,1468
2026-05-07,13:54:00,1450.99,1468
2026-05-07,13:57:00,1451.26,1467
2026-05-07,14:00:00,1450.62,1467
2026-05-07,14:03:00,1451.08,1467
2026-05-07,14:06:00,1451.08,1466
2026-05-07,14:09:00,1450.98,1467
2026-05-07,14:12:00,1450.48,1467
2026-05-07,14:15:00,1451.28,1466
2026-05-07,14:18:00,1451.32,1466
2026-05-07,14:21:00,1452.05,1467
2026-05-07,14:24:00,1451.38,1467
2026-05-07,14:27:00,1449.58,1467
2026-05-07,14:30:00,1448.76,1467
2026-05-07,14:33:00,1449.08,1467
2026-05-07,14:36:00,1449.64,1466
2026-05-07,14:39:00,1449.78,1467
2026-05-07,14:42:00,1450.48,1467
2026-05-07,14:45:00,1451.18,1467
2026-05-07,14:48:00,1450.68,1467
2026-05-07,14:51:00,1450.33,1468
2026-05-07,14:54:00,1451.05,1468
2026-05-07,14:57:00,1450.9,1468
2026-05-07,15:00:00,1451.02,1468
2026-05-07,15:03:00,1450.98,1468
2026-05-07,15:06:00,1452.68,1467
2026-05-07,15:09:00,1452.58,1467
2026-05-07,15:12:00,1453.18,1468
2026-05-07,15:15:00,1453.38,1467
2026-05-07,15:18:00,1453.88,1468
2026-05-07,15:21:00,1453.56,1468
2026-05-07,15:24:00,1453.48,1467
2026-05-07,15:27:00,1454.08,1467
2026-05-07,15:30:00,1452.18,1467
2026-05-07,15:33:00,1451.48,1467
2026-05-07,15:36:00,1452.82,1467
2026-05-07,15:39:00,1451.68,1466
2026-05-07,15:42:00,1450.54,1468
2026-05-07,15:45:00,1450.54,1469
2026-05-07,15:48:00,1451.18,1469
2026-05-07,15:51:00,1450.48,1468
2026-05-07,15:54:00,1449.58,1469
2026-05-07,15:57:00,1450.18,1468
2026-05-07,16:00:00,1449.48,1468
2026-05-07,16:03:00,1448.12,1468
2026-05-07,16:06:00,1446.25,1468
2026-05-07,16:09:00,1447.38,1467
2026-05-07,16:12:00,1446.98,1468
2026-05-07,16:15:00,1446.92,1468
2026-05-07,16:18:00,1447.22,1468
2026-05-07,16:21:00,1447.51,1467
2026-05-07,16:24:00,1447.99,1468
2026-05-07,16:27:00,1448.47,1468
2026-05-07,16:30:00,1448.16,1468
2026-05-07,16:33:00,1448.15,1467
2026-05-07,16:36:00,1447.98,1468
2026-05-07,16:39:00,1447.69,1467
2026-05-07,16:42:00,1447.28,1467
2026-05-07,16:45:00,1447.53,1466
2026-05-07,16:48:00,1447.94,1466
2026-05-07,16:51:00,1447.73,1467
2026-05-07,16:54:00,1447.92,1467
2026-05-07,16:57:00,1448.44,1467
2026-05-07,17:00:00,1448.34,1467
2026-05-07,17:03:00,1448.07,1466
2026-05-07,17:06:00,1447.58,1466
2026-05-07,17:09:00,1447.59,1466
2026-05-07,17:12:00,1448.14,1466
2026-05-07,17:15:00,1447.98,1466
2026-05-07,17:18:00,1449.94,1467
2026-05-07,17:21:00,1450.56,1466
2026-05-07,17:24:00,1449.81,1467
2026-05-07,17:27:00,1448.38,1467
2026-05-07,17:30:00,1448.81,1467
2026-05-07,17:33:00,1448.21,1467
2026-05-07,17:36:00,1448.02,1467
2026-05-07,17:39:00,1447.66,1467
2026-05-07,17:42:00,1449.26,1466
2026-05-07,17:45:00,1449.44,1468
2026-05-07,17:48:00,1449.9,1468
2026-05-07,17:51:00,1449.6,1467
2026-05-07,17:54:00,1450.16,1466
2026-05-07,17:57:00,1450.81,1466
2026-05-07,18:00:00,1451.99,1466
2026-05-07,18:03:00,1451.97,1466
2026-05-07,18:06:00,1451.32,1466
2026-05-07,18:09:00,1451.36,1466
2026-05-07,18:12:00,1450.94,1467
2026-05-07,18:15:00,1450.95,1466
2026-05-07,18:18:00,1450.95,1467
2026-05-07,18:21:00,1450.28,1467
2026-05-07,18:24:00,1452.16,1467
2026-05-07,18:27:00,1452.44,1467
2026-05-07,18:30:00,1451.68,1467
2026-05-07,18:33:00,1450.38,1467
2026-05-07,18:36:00,1450.35,1468
2026-05-07,18:39:00,1450.98,1467
2026-05-07,18:42:00,1451.02,1468
2026-05-07,18:45:00,1451.22,1467
2026-05-07,18:48:00,1450.88,1468
2026-05-07,18:51:00,1451.34,1468
2026-05-07,18:54:00,1450.48,1467
2026-05-07,18:57:00,1451.18,1468
2026-05-07,19:00:00,1450.99,1467
2026-05-07,19:03:00,1450.69,1468
2026-05-07,19:06:00,1450.7,1468
2026-05-07,19:09:00,1450.48,1468
2026-05-07,19:12:00,1450.48,1469
2026-05-07,19:15:00,1450.87,1468
2026-05-07,19:18:00,1451.18,1468
2026-05-07,19:21:00,1450.33,1468
2026-05-07,19:24:00,1451.08,1469
2026-05-07,19:27:00,1450.72,1470
2026-05-07,19:30:00,1450.98,1470
2026-05-07,19:33:00,1451.18,1470
2026-05-07,19:36:00,1450.91,1470
2026-05-07,19:39:00,1450.88,1469
2026-05-07,19:42:00,1450.48,1469
2026-05-07,19:45:00,1450.73,1469
2026-05-07,19:48:00,1452.02,1469
2026-05-07,19:51:00,1451.84,1469
2026-05-07,19:54:00,1451.04,1469
2026-05-07,19:57:00,1450.88,1469
2026-05-07,20:00:00,1451.38,1468
2026-05-07,20:03:00,1451.48,1469
2026-05-07,20:06:00,1451.68,1469
2026-05-07,20:09:00,1451.48,1469
2026-05-07,20:12:00,1451.45,1469
2026-05-07,20:15:00,1451.61,1468
2026-05-07,20:18:00,1451.38,1468
2026-05-07,20:21:00,1450.83,1468
2026-05-07,20:24:00,1451.08,1469
2026-05-07,20:27:00,1451.18,1468
2026-05-07,20:30:00,1450.78,1469
2026-05-07,20:33:00,1450.66,1468
2026-05-07,20:36:00,1450.31,1469
2026-05-07,20:39:00,1450.87,1468
2026-05-07,20:42:00,1450.88,1468
2026-05-07,20:45:00,1450.83,1469
2026-05-07,20:48:00,1450.89,1469
2026-05-07,20:51:00,1450.09,1469
2026-05-07,20:54:00,1450.68,1468
2026-05-07,20:57:00,1450.63,1469
2026-05-07,21:00:00,1450.41,1469
2026-05-07,21:03:00,1450.06,1468
2026-05-07,21:06:00,1450.18,1468
2026-05-07,21:09:00,1449.97,1468
2026-05-07,21:12:00,1450.01,1467
2026-05-07,21:15:00,1449.97,1468
2026-05-07,21:18:00,1449.96,1468
2026-05-07,21:21:00,1448.88,1469
2026-05-07,21:24:00,1449.41,1468
2026-05-07,21:27:00,1449.68,1468
2026-05-07,21:30:00,1449.88,1469
2026-05-07,21:33:00,1449.18,1468
2026-05-07,21:36:00,1450.21,1468
2026-05-07,21:39:00,1449.88,1467
2026-05-07,21:42:00,1448.62,1468
2026-05-07,21:45:00,1449.18,1468
2026-05-07,21:48:00,1448.71,1467
2026-05-07,21:51:00,1448.45,1467
2026-05-07,21:54:00,1449.28,1467
2026-05-07,21:57:00,1448.88,1468
2026-05-07,22:00:00,1450.68,1467
2026-05-07,22:03:00,1450.79,1468
2026-05-07,22:06:00,1450.33,1469
2026-05-07,22:09:00,1450.81,1468
2026-05-07,22:12:00,1450.58,1469
2026-05-07,22:15:00,1450.15,1468
2026-05-07,22:18:00,1450.83,1468
2026-05-07,22:21:00,1449.78,1468
2026-05-07,22:24:00,1450.68,1468
2026-05-07,22:27:00,1450.21,1469
2026-05-07,22:30:00,1449.58,1468
2026-05-07,22:33:00,1450.29,1468
2026-05-07,22:36:00,1450.58,1468
2026-05-07,22:39:00,1450.68,1470
2026-05-07,22:42:00,1450.55,1470
2026-05-07,22:45:00,1450.27,1471
2026-05-07,22:48:00,1450.28,1471
2026-05-07,22:51:00,1449.88,1471
2026-05-07,22:54:00,1450.38,1471
2026-05-07,22:57:00,1450.53,1471
2026-05-07,23:00:00,1450.32,1471
2026-05-07,23:03:00,1450.31,1472
2026-05-07,23:06:00,1450.88,1471
2026-05-07,23:09:00,1450.86,1470
2026-05-07,23:12:00,1450.12,1470
2026-05-07,23:15:00,1450.68,1471
2026-05-07,23:18:00,1449.48,1471
2026-05-07,23:21:00,1450.32,1470
2026-05-07,23:24:00,1449.18,1470
2026-05-07,23:27:00,1448.48,1471
2026-05-07,23:30:00,1449.01,1472
2026-05-07,23:33:00,1448.68,1472
2026-05-07,23:36:00,1449.4,1472
2026-05-07,23:39:00,1449.16,1473
2026-05-07,23:42:00,1449.28,1472
2026-05-07,23:45:00,1449.38,1472
2026-05-07,23:48:00,1449.19,1472
2026-05-07,23:51:00,1449.57,1471
2026-05-07,23:54:00,1449.04,1472
2026-05-07,23:57:00,1448.78,1472
2026-05-08,0:00:00,1449.66,1471
2026-05-08,0:03:00,1449.5,1472
2026-05-08,0:06:00,1449.08,1472
2026-05-08,0:09:00,1449.59,1471
2026-05-08,0:12:00,1449.68,1471
2026-05-08,0:15:00,1449.78,1472
2026-05-08,0:18:00,1449.98,1473
2026-05-08,0:21:00,1450.46,1474
2026-05-08,0:24:00,1453.78,1474
2026-05-08,0:27:00,1453.28,1473
2026-05-08,0:30:00,1452.78,1473
2026-05-08,0:33:00,1453.23,1473
2026-05-08,0:36:00,1452.43,1473
2026-05-08,0:39:00,1452.91,1473
2026-05-08,0:42:00,1453.52,1472
2026-05-08,0:45:00,1453.38,1473
2026-05-08,0:48:00,1453.1,1473
2026-05-08,0:51:00,1453.72,1473
2026-05-08,0:54:00,1453.75,1473
2026-05-08,0:57:00,1453.61,1474
2026-05-08,1:00:00,1453.38,1474
2026-05-08,1:03:00,1454.23,1474
2026-05-08,1:06:00,1454.23,1474
2026-05-08,1:09:00,1454.24,1473
2026-05-08,1:12:00,1454.36,1474
2026-05-08,1:15:00,1454.69,1474
2026-05-08,1:18:00,1454.58,1474
2026-05-08,1:21:00,1454.69,1473
2026-05-08,1:24:00,1454.46,1473
2026-05-08,1:27:00,1453.83,1472
2026-05-08,1:30:00,1453.89,1471
2026-05-08,1:33:00,1454.3,1472
2026-05-08,1:36:00,1454.74,1472
2026-05-08,1:39:00,1454.68,1473
2026-05-08,1:42:00,1454.68,1472
2026-05-08,1:45:00,1455.33,1471
2026-05-08,1:48:00,1455.32,1472
2026-05-08,1:51:00,1454.75,1472
2026-05-08,1:54:00,1455.1,1472
2026-05-08,1:57:00,1455.03,1472
2026-05-08,2:00:00,1455.23,1472
2026-05-08,2:03:00,1454.85,1472
2026-05-08,2:06:00,1455.08,1472
2026-05-08,2:09:00,1455.24,1471
2026-05-08,2:12:00,1455.18,1471
2026-05-08,2:15:00,1454.99,1472
2026-05-08,2:18:00,1455.23,1472
2026-05-08,2:21:00,1455.19,1471
2026-05-08,2:24:00,1455.44,1473
2026-05-08,2:27:00,1456.11,1474
2026-05-08,2:30:00,1456.76,1472
2026-05-08,2:33:00,1455.6,1474
2026-05-08,2:36:00,1456.46,1473
2026-05-08,2:39:00,1456.49,1473
2026-05-08,2:42:00,1456.99,1473
2026-05-08,2:45:00,1457.07,1473
2026-05-08,2:48:00,1457.37,1474
2026-05-08,2:51:00,1457.51,1473
2026-05-08,2:54:00,1456.84,1474
2026-05-08,2:57:00,1455.85,1473
2026-05-08,3:00:00,1455.79,1473
2026-05-08,3:03:00,1455.78,1473
2026-05-08,3:06:00,1455.38,1473
2026-05-08,3:09:00,1456.07,1473
2026-05-08,3:12:00,1455.84,1473
2026-05-08,3:15:00,1455.28,1473
2026-05-08,3:18:00,1455.3,1474
2026-05-08,3:21:00,1454.96,1473
2026-05-08,3:24:00,1455.4,1473
2026-05-08,3:27:00,1455.34,1473
2026-05-08,3:30:00,1455.61,1473
2026-05-08,3:33:00,1455.34,1473
2026-05-08,3:36:00,1455.42,1473
2026-05-08,3:39:00,1455.98,1473
2026-05-08,3:42:00,1455.44,1473
2026-05-08,3:45:00,1456.4,1472
2026-05-08,3:48:00,1457.02,1473
2026-05-08,3:51:00,1456.85,1474
2026-05-08,3:54:00,1455.39,1472
2026-05-08,3:57:00,1455.35,1473
2026-05-08,4:00:00,1455.43,1473
2026-05-08,4:03:00,1455.35,1473
2026-05-08,4:06:00,1454.86,1473
2026-05-08,4:09:00,1455.24,1473
2026-05-08,4:12:00,1455.35,1473
2026-05-08,4:15:00,1455.54,1473
2026-05-08,4:18:00,1456.9,1474
2026-05-08,4:21:00,1457,1474
2026-05-08,4:24:00,1455.61,1473
2026-05-08,4:27:00,1457.05,1474
2026-05-08,4:30:00,1455.51,1474
2026-05-08,4:33:00,1455.6,1473
2026-05-08,4:36:00,1456.2,1473
2026-05-08,4:39:00,1456.69,1473
2026-05-08,4:42:00,1455.48,1473
2026-05-08,4:45:00,1457.86,1473
2026-05-08,4:48:00,1457.74,1474
2026-05-08,4:51:00,1458.22,1474
2026-05-08,4:54:00,1457.77,1474
2026-05-08,4:57:00,1458.39,1474
2026-05-08,5:00:00,1458.16,1474
2026-05-08,5:03:00,1458.13,1474
2026-05-08,5:06:00,1458.16,1473
2026-05-08,5:09:00,1455.48,1474
2026-05-08,5:12:00,1457.79,1474
2026-05-08,5:15:00,1457.72,1474
2026-05-08,5:18:00,1457.56,1474
2026-05-08,5:21:00,1455.33,1473
2026-05-08,5:24:00,1457.61,1474
2026-05-08,5:27:00,1457.52,1474
2026-05-08,5:30:00,1457.56,1474
2026-05-08,5:33:00,1457.43,1474
2026-05-08,5:36:00,1457.94,1474
2026-05-08,5:39:00,1457.82,1474
2026-05-08,5:42:00,1457.64,1474
2026-05-08,5:45:00,1457.7,1474
2026-05-08,5:48:00,1457.51,1475
2026-05-08,5:51:00,1458.31,1475
2026-05-08,5:54:00,1458.54,1475
2026-05-08,5:57:00,1458.37,1475
2026-05-08,6:00:00,1456.54,1475
2026-05-08,6:03:00,1456.41,1475
2026-05-08,6:06:00,1458.44,1475
2026-05-08,6:09:00,1456.03,1474
2026-05-08,6:12:00,1457.63,1474
2026-05-08,6:15:00,1455.65,1474
2026-05-08,6:18:00,1456.85,1475
2026-05-08,6:21:00,1457.47,1475
2026-05-08,6:24:00,1455.67,1475
2026-05-08,6:27:00,1457.46,1475
2026-05-08,6:30:00,1455.63,1475
2026-05-08,6:33:00,1456.69,1475
2026-05-08,6:36:00,1457.32,1475
2026-05-08,6:39:00,1457.26,1474
2026-05-08,6:42:00,1456.95,1475
2026-05-08,6:45:00,1456.03,1474
2026-05-08,6:48:00,1457.06,1475
2026-05-08,6:51:00,1455.63,1475
2026-05-08,6:54:00,1457.64,1475
2026-05-08,6:57:00,1456.01,1475
2026-05-08,7:00:00,1456.97,1475
2026-05-08,7:03:00,1457.29,1476
2026-05-08,7:06:00,1455.77,1475
2026-05-08,7:09:00,1455.76,1475
2026-05-08,7:12:00,,1476
2026-05-08,7:15:00,1456.54,1475
2026-05-08,7:18:00,1457.28,1475
2026-05-08,7:21:00,1457.12,1475
2026-05-08,7:24:00,1457.08,1475
2026-05-08,7:27:00,1455.62,1475
2026-05-08,7:30:00,,1475
2026-05-08,7:33:00,,1475
2026-05-08,7:36:00,,1476
2026-05-08,7:39:00,,1475
2026-05-08,7:42:00,,1475
2026-05-08,7:45:00,,1475
2026-05-08,7:48:00,,1475
2026-05-08,7:51:00,,1474
2026-05-08,7:54:00,,1474
2026-05-08,7:57:00,,1475
2026-05-08,8:00:00,,1474
2026-05-08,8:03:00,,1474
2026-05-08,8:06:00,,1475
2026-05-08,8:09:00,,1474
2026-05-08,8:12:00,,1474
2026-05-08,8:15:00,,1474
2026-05-08,8:18:00,,1474
2026-05-08,8:21:00,,1473
2026-05-08,8:24:00,,1474
2026-05-08,8:27:00,,1474
2026-05-08,8:30:00,,1474
2026-05-08,8:33:00,,1474
2026-05-08,8:36:00,1455.62,1473
2026-05-08,8:39:00,1455.62,1473
2026-05-08,8:42:00,,1473
2026-05-08,8:45:00,,1473
2026-05-08,8:48:00,,1473
2026-05-08,8:51:00,,1473
2026-05-08,8:54:00,,1473
2026-05-08,8:57:00,,1474
2026-05-08,9:00:00,1458.08,1473
2026-05-08,9:03:00,1459.58,1473
2026-05-08,9:06:00,1460.18,1473
2026-05-08,9:09:00,1460.38,1473
2026-05-08,9:12:00,1460.58,1474
2026-05-08,9:15:00,1461.38,1474
2026-05-08,9:18:00,1462.78,1474
2026-05-08,9:21:00,1462.08,1474
2026-05-08,9:24:00,1461.98,1474
2026-05-08,9:27:00,1461.82,1475
2026-05-08,9:30:00,1461.98,1476
2026-05-08,9:33:00,1461.98,1476
2026-05-08,9:36:00,1462.08,1475
2026-05-08,9:39:00,1461.82,1475
2026-05-08,9:42:00,1462.88,1476
2026-05-08,9:45:00,1463.68,1476
2026-05-08,9:48:00,1463.58,1475
2026-05-08,9:51:00,1463.58,1475
2026-05-08,9:54:00,1464.73,1476
2026-05-08,9:57:00,1464.78,1476
2026-05-08,10:00:00,1463.88,1477
2026-05-08,10:03:00,1463.58,1476
2026-05-08,10:06:00,1463.18,1477
2026-05-08,10:09:00,1463.68,1477
2026-05-08,10:12:00,1463.58,1477
2026-05-08,10:15:00,1463.18,1476
2026-05-08,10:18:00,1462.98,1476
2026-05-08,10:21:00,1462.88,1476
2026-05-08,10:24:00,1462.48,1477
2026-05-08,10:27:00,1463.48,1477
2026-05-08,10:30:00,1463.78,1476
2026-05-08,10:33:00,1464.18,1476
2026-05-08,10:36:00,1463.68,1476
2026-05-08,10:39:00,1463.58,1476
2026-05-08,10:42:00,1463.38,1476
2026-05-08,10:45:00,1463.38,1476
2026-05-08,10:48:00,1463.58,1476
2026-05-08,10:51:00,1463.78,1476
2026-05-08,10:54:00,1463.38,1476
2026-05-08,10:57:00,1463.58,1476
2026-05-08,11:00:00,1463.4,1476
2026-05-08,11:03:00,1462.97,1477
2026-05-08,11:06:00,1463.64,1477
2026-05-08,11:09:00,1463.57,1477
2026-05-08,11:12:00,1463.28,1476
2026-05-08,11:15:00,1464.38,1477
2026-05-08,11:18:00,1464.06,1478
2026-05-08,11:21:00,1464.88,1477
2026-05-08,11:24:00,1464.58,1477
2026-05-08,11:27:00,1464.78,1477
2026-05-08,11:30:00,1464.54,1476
2026-05-08,11:33:00,1465.85,1477
2026-05-08,11:36:00,1465.68,1476
2026-05-08,11:39:00,1465.58,1476
2026-05-08,11:42:00,1465.38,1477
2026-05-08,11:45:00,1464.87,1477
2026-05-08,11:48:00,1464.48,1476
2026-05-08,11:51:00,1464.08,1477
2026-05-08,11:54:00,1463.48,1477
2026-05-08,11:57:00,1464.88,1477
2026-05-08,12:00:00,1464.23,1477
2026-05-08,12:03:00,1464.29,1478
2026-05-08,12:06:00,1463.88,1477
2026-05-08,12:09:00,1463.42,1477
2026-05-08,12:12:00,1463.77,1477
2026-05-08,12:15:00,1463.38,1477
2026-05-08,12:18:00,1464.04,1476
2026-05-08,12:21:00,1463.68,1476
2026-05-08,12:24:00,1464.01,1475
2026-05-08,12:27:00,1464.08,1476
2026-05-08,12:30:00,1464.01,1476
2026-05-08,12:33:00,1464.21,1474
2026-05-08,12:36:00,1464.18,1475
2026-05-08,12:39:00,1464.38,1474
2026-05-08,12:42:00,1464.98,1475
2026-05-08,12:45:00,1465.28,1475
2026-05-08,12:48:00,1465,1475
2026-05-08,12:51:00,1465.18,1475
2026-05-08,12:54:00,1465.58,1476
2026-05-08,12:57:00,1465.08,1476
2026-05-08,13:00:00,1464.99,1475
2026-05-08,13:03:00,1465.28,1476
2026-05-08,13:06:00,1466.08,1475
2026-05-08,13:09:00,1466.18,1476
2026-05-08,13:12:00,1467.18,1475
2026-05-08,13:15:00,1467.08,1475
2026-05-08,13:18:00,1467.1,1475
2026-05-08,13:21:00,1467.08,1476
2026-05-08,13:24:00,1467.3,1475
2026-05-08,13:27:00,1466.55,1475
2026-05-08,13:30:00,1466.58,1475
2026-05-08,13:33:00,1467.28,1476
2026-05-08,13:36:00,1468.08,1477
2026-05-08,13:39:00,1467.39,1477
2026-05-08,13:42:00,1466.99,1476
2026-05-08,13:45:00,1468.48,1476
2026-05-08,13:48:00,1467.78,1476
2026-05-08,13:51:00,1467.28,1477
2026-05-08,13:54:00,1466.78,1477
2026-05-08,13:57:00,1467.58,1477
2026-05-08,14:00:00,1467.08,1476
2026-05-08,14:03:00,1466.78,1477
2026-05-08,14:06:00,1466.88,1477
2026-05-08,14:09:00,1467.28,1477
2026-05-08,14:12:00,1467.26,1477
2026-05-08,14:15:00,1467.18,1477
2026-05-08,14:18:00,1466.4,1477
2026-05-08,14:21:00,1466.08,1476
2026-05-08,14:24:00,1466.08,1477
2026-05-08,14:27:00,1466.18,1477
2026-05-08,14:30:00,1465.9,1476
2026-05-08,14:33:00,1466.48,1477
2026-05-08,14:36:00,1466.53,1476
2026-05-08,14:39:00,1466.65,1476
2026-05-08,14:42:00,1466.3,1476
2026-05-08,14:45:00,1466.98,1476
2026-05-08,14:48:00,1467.78,1476
2026-05-08,14:51:00,1467.58,1476
2026-05-08,14:54:00,1468.38,1476
2026-05-08,14:57:00,1468.48,1477
2026-05-08,15:00:00,1467.88,1478
2026-05-08,15:03:00,1468.38,1477
2026-05-08,15:06:00,1468.38,1478
2026-05-08,15:09:00,1468.18,1478
2026-05-08,15:12:00,1468.78,1477
2026-05-08,15:15:00,1468.58,1477
2026-05-08,15:18:00,1469.64,1476
2026-05-08,15:21:00,1470.38,1478
2026-05-08,15:24:00,1470.18,1477
2026-05-08,15:27:00,1470.88,1478
2026-05-08,15:30:00,1470.1,1478
2026-05-08,15:33:00,1470.38,1479
2026-05-08,15:36:00,1469.54,1479
2026-05-08,15:39:00,1469.08,1478
2026-05-08,15:42:00,1469.27,1479
2026-05-08,15:45:00,1469.08,1479
2026-05-08,15:48:00,1468.98,1478
2026-05-08,15:51:00,1468.2,1479
2026-05-08,15:54:00,1468.49,1479
2026-05-08,15:57:00,1469.08,1479
2026-05-08,16:00:00,1468.68,1478
2026-05-08,16:03:00,1468.38,1479
2026-05-08,16:06:00,1468.44,1479
2026-05-08,16:09:00,1468.28,1479
2026-05-08,16:12:00,1469.38,1478
2026-05-08,16:15:00,1468.38,1478
2026-05-08,16:18:00,1468.87,1477
2026-05-08,16:21:00,1468.98,1479
2026-05-08,16:24:00,1469.05,1478
2026-05-08,16:27:00,1468.73,1479
2026-05-08,16:30:00,1467.58,1479
2026-05-08,16:33:00,1468.18,1478
2026-05-08,16:36:00,1468.57,1477
2026-05-08,16:39:00,1467.06,1478
2026-05-08,16:42:00,1466.84,1478
2026-05-08,16:45:00,1468.38,1478
2026-05-08,16:48:00,1468.27,1478
2026-05-08,16:51:00,1468.08,1478
2026-05-08,16:54:00,1468.04,1477
2026-05-08,16:57:00,1468.02,1477
2026-05-08,17:00:00,1469.28,1478
2026-05-08,17:03:00,1469.74,1477
2026-05-08,17:06:00,1469.51,1478
2026-05-08,17:09:00,1468.93,1477
2026-05-08,17:12:00,1469.41,1478
2026-05-08,17:15:00,1469.09,1478
2026-05-08,17:18:00,1468.31,1478
2026-05-08,17:21:00,1467.42,1477
2026-05-08,17:24:00,1467.68,1478
2026-05-08,17:27:00,1467.37,1477
2026-05-08,17:30:00,1466.28,1478
2026-05-08,17:33:00,1467.04,1477
2026-05-08,17:36:00,1467.03,1477
2026-05-08,17:39:00,1466.23,1478
2026-05-08,17:42:00,1467.12,1477
2026-05-08,17:45:00,1467.18,1478
2026-05-08,17:48:00,1466.96,1477
2026-05-08,17:51:00,1466.75,1477
2026-05-08,17:54:00,1467.09,1478
2026-05-08,17:57:00,1466.68,1478
2026-05-08,18:00:00,1466.18,1478
2026-05-08,18:03:00,1466.08,1477
2026-05-08,18:06:00,1466.07,1477
2026-05-08,18:09:00,1465.47,1477
2026-05-08,18:12:00,1465.57,1477
2026-05-08,18:15:00,1465,1477
2026-05-08,18:18:00,1465.19,1477
2026-05-08,18:21:00,1464.86,1476
2026-05-08,18:24:00,1465.26,1477
2026-05-08,18:27:00,1464.78,1477
2026-05-08,18:30:00,1464.87,1477
2026-05-08,18:33:00,1465.56,1478
2026-05-08,18:36:00,1465.59,1478
2026-05-08,18:39:00,1465.64,1478
2026-05-08,18:42:00,1465.97,1478
2026-05-08,18:45:00,1465.66,1478
2026-05-08,18:48:00,1466,1478
2026-05-08,18:51:00,1468.68,1478
2026-05-08,18:54:00,1468.38,1478
2026-05-08,18:57:00,1467.59,1478
2026-05-08,19:00:00,1467.22,1477
2026-05-08,19:03:00,1466.19,1478
2026-05-08,19:06:00,1467.54,1478
2026-05-08,19:09:00,1467.61,1478
2026-05-08,19:12:00,1467.54,1478
2026-05-08,19:15:00,1467.34,1478
2026-05-08,19:18:00,1467.83,1478
2026-05-08,19:21:00,1466.98,1478
2026-05-08,19:24:00,1467.33,1478
2026-05-08,19:27:00,1467.08,1478
2026-05-08,19:30:00,1466.65,1478
2026-05-08,19:33:00,1466.92,1478
2026-05-08,19:36:00,1466.19,1478
2026-05-08,19:39:00,1466.66,1477
2026-05-08,19:42:00,1466.11,1478
2026-05-08,19:45:00,1466.81,1478
2026-05-08,19:48:00,1466.89,1478
2026-05-08,19:51:00,1466.77,1479
2026-05-08,19:54:00,1466.76,1478
2026-05-08,19:57:00,1466.68,1479
2026-05-08,20:00:00,1466.34,1479
2026-05-08,20:03:00,1466.23,1479
2026-05-08,20:06:00,1465.48,1478
2026-05-08,20:09:00,1466.37,1479
2026-05-08,20:12:00,1466.36,1478
2026-05-08,20:15:00,1466.24,1478
2026-05-08,20:18:00,1465.94,1478
2026-05-08,20:21:00,1466.08,1479
2026-05-08,20:24:00,1465.08,1478
2026-05-08,20:27:00,1465.73,1479
2026-05-08,20:30:00,1466.06,1479
2026-05-08,20:33:00,1466.53,1478
2026-05-08,20:36:00,1466.96,1479
2026-05-08,20:39:00,1466.51,1478
2026-05-08,20:42:00,1465.48,1480
2026-05-08,20:45:00,1467.04,1480
2026-05-08,20:48:00,1466.87,1479
2026-05-08,20:51:00,1466.37,1479
2026-05-08,20:54:00,1466.35,1480
2026-05-08,20:57:00,1466.36,1480
2026-05-08,21:00:00,1466.54,1479
2026-05-08,21:03:00,1466.61,1479
2026-05-08,21:06:00,1466.61,1479
2026-05-08,21:09:00,1466.32,1479
2026-05-08,21:12:00,1466.72,1479
2026-05-08,21:15:00,1466.52,1478
2026-05-08,21:18:00,1466.55,1479
2026-05-08,21:21:00,1466.78,1478
2026-05-08,21:24:00,1465.58,1479
2026-05-08,21:27:00,1466.51,1478
2026-05-08,21:30:00,1465.98,1479
2026-05-08,21:33:00,1463.74,1478
2026-05-08,21:36:00,1463.5,1478
2026-05-08,21:39:00,1463.43,1479
2026-05-08,21:42:00,1463.75,1478
2026-05-08,21:45:00,1462.83,1478
2026-05-08,21:48:00,1463.3,1478
2026-05-08,21:51:00,1462.75,1478
2026-05-08,21:54:00,1463.04,1477
2026-05-08,21:57:00,1463.4,1477
2026-05-08,22:00:00,1462.85,1477
2026-05-08,22:03:00,1464.08,1478
2026-05-08,22:06:00,1463.74,1477
2026-05-08,22:09:00,1464.32,1477
2026-05-08,22:12:00,1464.91,1479
2026-05-08,22:15:00,1463.68,1479
2026-05-08,22:18:00,1462.92,1479
2026-05-08,22:21:00,1463.38,1478
2026-05-08,22:24:00,1461.76,1479
2026-05-08,22:27:00,1461.62,1479
2026-05-08,22:30:00,1462.08,1479
2026-05-08,22:33:00,1462.12,1478
2026-05-08,22:36:00,1461.48,1478
2026-05-08,22:39:00,1462.32,1479
2026-05-08,22:42:00,1462.26,1478
2026-05-08,22:45:00,1462.28,1479
2026-05-08,22:48:00,1461.78,1479
2026-05-08,22:51:00,1462.55,1478
2026-05-08,22:54:00,1462.68,1478
2026-05-08,22:57:00,1462.48,1479
2026-05-08,23:00:00,1462.6,1478
2026-05-08,23:03:00,1462.78,1478
2026-05-08,23:06:00,1463.45,1479
2026-05-08,23:09:00,1464.38,1478
2026-05-08,23:12:00,1464.08,1478
2026-05-08,23:15:00,1463.59,1478
2026-05-08,23:18:00,1464.08,1477
2026-05-08,23:21:00,1463.47,1477
2026-05-08,23:24:00,1462.91,1478
2026-05-08,23:27:00,1464.13,1478
2026-05-08,23:30:00,1463.5,1478
2026-05-08,23:33:00,1463.65,1478
2026-05-08,23:36:00,1463.59,1478
2026-05-08,23:39:00,1463.2,1478
2026-05-08,23:42:00,1461.9,1477
2026-05-08,23:45:00,1462.86,1477
2026-05-08,23:48:00,1462.72,1478
2026-05-08,23:51:00,1462.5,1478
2026-05-08,23:54:00,1462.44,1478
2026-05-08,23:57:00,1461.88,1478
2026-05-09,0:00:00,1461.67,1478
2026-05-09,0:03:00,1461.29,1478
2026-05-09,0:06:00,1460.8,1478
2026-05-09,0:09:00,1459.94,1477
2026-05-09,0:12:00,1462.24,1477
2026-05-09,0:15:00,1462,1477
2026-05-09,0:18:00,1462.38,1477
2026-05-09,0:21:00,1462.09,1478
2026-05-09,0:24:00,1461.49,1478
2026-05-09,0:27:00,1461.24,1478
2026-05-09,0:30:00,1460.85,1478
2026-05-09,0:33:00,1460.95,1478
2026-05-09,0:36:00,1460.94,1478
2026-05-09,0:39:00,1461.08,1477
2026-05-09,0:42:00,1460.87,1477
2026-05-09,0:45:00,1461.07,1477
2026-05-09,0:48:00,1461.32,1477
2026-05-09,0:51:00,1461.04,1476
2026-05-09,0:54:00,1460.65,1476
2026-05-09,0:57:00,1460.97,1476
2026-05-09,1:00:00,1460.94,1477
2026-05-09,1:03:00,1460.58,1476
2026-05-09,1:06:00,1459.61,1476
2026-05-09,1:09:00,1460.86,1477
2026-05-09,1:12:00,1459.84,1477
2026-05-09,1:15:00,1461.12,1476
2026-05-09,1:18:00,1459.85,1477
2026-05-09,1:21:00,1461.31,1476
2026-05-09,1:24:00,1460.93,1476
2026-05-09,1:27:00,1459.45,1476
2026-05-09,1:30:00,1461.04,1477
2026-05-09,1:33:00,1459.46,1476
2026-05-09,1:36:00,1460.98,1477
2026-05-09,1:39:00,1460.62,1477
2026-05-09,1:42:00,1460.79,1477
2026-05-09,1:45:00,1460.77,1476
2026-05-09,1:48:00,1459.69,1476
2026-05-09,1:51:00,1460.52,1476
2026-05-09,1:54:00,1461.42,1476
2026-05-09,1:57:00,1461.43,1476
2026-05-09,2:00:00,1461.23,1476
2026-05-09,2:03:00,1460.89,1476
2026-05-09,2:06:00,1461.55,1475
2026-05-09,2:09:00,1461.44,1476
2026-05-09,2:12:00,1461.61,1477
2026-05-09,2:15:00,1461.21,1477
2026-05-09,2:18:00,1461.58,1475
2026-05-09,2:21:00,1461.54,1475
2026-05-09,2:24:00,1461.04,1475
2026-05-09,2:27:00,1460.94,1476
2026-05-09,2:30:00,1461.34,1474
2026-05-09,2:33:00,1461.58,1474
2026-05-09,2:36:00,1461.03,1474
2026-05-09,2:39:00,1461.6,1474
2026-05-09,2:42:00,1461.59,1474
2026-05-09,2:45:00,1461.58,1474
2026-05-09,2:48:00,1461.64,1474
2026-05-09,2:51:00,1461.68,1474
2026-05-09,2:54:00,1461.92,1474
2026-05-09,2:57:00,1461.71,1474
2026-05-09,3:00:00,1461.62,1473
2026-05-09,3:03:00,1461.29,1473
2026-05-09,3:06:00,1461.53,1473
2026-05-09,3:09:00,1461.56,1473
2026-05-09,3:12:00,1461.46,1473
2026-05-09,3:15:00,1461.43,1473
2026-05-09,3:18:00,1461.72,1472
2026-05-09,3:21:00,1461.51,1472
2026-05-09,3:24:00,1461.6,1471
2026-05-09,3:27:00,1461.7,1472
2026-05-09,3:30:00,1461.45,1472
2026-05-09,3:33:00,1461.52,1472
2026-05-09,3:36:00,1461.64,1472
2026-05-09,3:39:00,1461.45,1472
2026-05-09,3:42:00,1461.72,1473
2026-05-09,3:45:00,1461.47,1472
2026-05-09,3:48:00,1461.56,1472
2026-05-09,3:51:00,1462.06,1472
2026-05-09,3:54:00,1462.61,1472
2026-05-09,3:57:00,1461.64,1472
2026-05-09,4:00:00,1461.61,1472
2026-05-09,4:03:00,1462.03,1472
2026-05-09,4:06:00,1461.71,1472
2026-05-09,4:09:00,1461.6,1472
2026-05-09,4:12:00,1461.6,1472
2026-05-09,4:15:00,1461.72,1471
2026-05-09,4:18:00,1461.8,1471
2026-05-09,4:21:00,1461.94,1472
2026-05-09,4:24:00,1461.74,1472
2026-05-09,4:27:00,1461.76,1472
2026-05-09,4:30:00,1461.95,1472
2026-05-09,4:33:00,1461.73,1472
2026-05-09,4:36:00,1461.71,1472
2026-05-09,4:39:00,1461.68,1472
2026-05-09,4:42:00,1462.18,1473
2026-05-09,4:45:00,1461.94,1473
2026-05-09,4:48:00,1461.98,1473
2026-05-09,4:51:00,1461.83,1472
2026-05-09,4:54:00,1461.95,1472
2026-05-09,4:57:00,1461.82,1472
2026-05-09,5:00:00,1461.79,1472
2026-05-09,5:03:00,1461.47,1472
2026-05-09,5:06:00,1461.97,1473
2026-05-09,5:09:00,1461.97,1472
2026-05-09,5:12:00,1461.97,1472
2026-05-09,5:15:00,1461.61,1472
2026-05-09,5:18:00,1461.47,1472
2026-05-09,5:21:00,1461.41,1472
2026-05-09,5:24:00,1461.59,1472
2026-05-09,5:27:00,1461.59,1472
2026-05-09,5:30:00,1461.52,1472
2026-05-09,5:33:00,1461.45,1473
2026-05-09,5:36:00,1462.12,1473
2026-05-09,5:39:00,1461.49,1473
2026-05-09,5:42:00,1461.68,1473
2026-05-09,5:45:00,1461.58,1473
2026-05-09,5:48:00,1461.68,1473
2026-05-09,5:51:00,1461.58,1473
2026-05-09,5:54:00,1461.68,1473
2026-05-09,5:57:00,1461.48,1473
2026-05-09,6:00:00,,1474
2026-05-09,6:03:00,,1473
2026-05-09,6:06:00,1461.48,1473
2026-05-09,6:09:00,,1473
2026-05-09,6:12:00,,1473
2026-05-09,6:15:00,,1473
2026-05-09,6:18:00,,1474
2026-05-09,6:21:00,,1473
2026-05-09,6:24:00,,1473
2026-05-09,6:27:00,,1473
2026-05-09,6:30:00,,1473
2026-05-09,6:33:00,,1473
2026-05-09,6:36:00,,1473
2026-05-09,6:39:00,,1473
2026-05-09,6:42:00,,1472
2026-05-09,6:45:00,,1473
2026-05-09,6:48:00,,1472
2026-05-09,6:51:00,,1472
2026-05-09,6:54:00,,1472
2026-05-09,6:57:00,,1473
2026-05-09,7:00:00,,1472
2026-05-09,7:03:00,,1471
2026-05-09,7:06:00,,1472
2026-05-09,7:09:00,,1473
2026-05-09,7:12:00,,1472
2026-05-09,7:15:00,,1472
2026-05-09,7:18:00,,1473
2026-05-09,7:21:00,,1473
2026-05-09,7:24:00,,1472
2026-05-09,7:27:00,,1472
2026-05-09,7:30:00,,1472
2026-05-09,7:33:00,,1472
2026-05-09,7:36:00,,1472
2026-05-09,7:39:00,,1472
2026-05-09,7:42:00,,1472
2026-05-09,7:45:00,,1472
2026-05-09,7:48:00,,1472
2026-05-09,7:51:00,,1473
2026-05-09,7:54:00,,1472
2026-05-09,7:57:00,,1472
2026-05-09,8:00:00,,1473
2026-05-09,8:03:00,,1472
2026-05-09,8:06:00,,1473
2026-05-09,8:09:00,,1473
2026-05-09,8:12:00,,1472
2026-05-09,8:15:00,,1472
2026-05-09,8:18:00,,1472
2026-05-09,8:21:00,,1472
2026-05-09,8:24:00,,1473
2026-05-09,8:27:00,,1473
2026-05-09,8:30:00,,1473
2026-05-09,8:33:00,,1473
2026-05-09,8:36:00,,1473
2026-05-09,8:39:00,,1473
2026-05-09,8:42:00,,1473
2026-05-09,8:45:00,,1473
2026-05-09,8:48:00,,1473
2026-05-09,8:51:00,,1473
2026-05-09,8:54:00,,1472
2026-05-09,8:57:00,,1473
2026-05-09,9:00:00,,1473
2026-05-09,9:03:00,,1473
2026-05-09,9:06:00,,1474
2026-05-09,9:09:00,,1473
2026-05-09,9:12:00,,1474
2026-05-09,9:15:00,,1473
2026-05-09,9:18:00,,1474
2026-05-09,9:21:00,,1473
2026-05-09,9:24:00,,1473
2026-05-09,9:27:00,,1474
2026-05-09,9:30:00,,1474
2026-05-09,9:33:00,,1474
2026-05-09,9:36:00,,1474
2026-05-09,9:39:00,,1474
2026-05-09,9:42:00,,1474
2026-05-09,9:45:00,,1474
2026-05-09,9:48:00,,1474
2026-05-09,9:51:00,,1474
2026-05-09,9:54:00,,1475
2026-05-09,9:57:00,,1474
2026-05-09,10:00:00,,1474
2026-05-09,10:03:00,,1475
2026-05-09,10:06:00,,1475
2026-05-09,10:09:00,,1474
2026-05-09,10:12:00,,1473
2026-05-09,10:15:00,,1474
2026-05-09,10:18:00,,1474
2026-05-09,10:21:00,,1474
2026-05-09,10:24:00,,1474
2026-05-09,10:27:00,,1475
2026-05-09,10:30:00,,1475
2026-05-09,10:33:00,,1475
2026-05-09,10:36:00,,1474
2026-05-09,10:39:00,,1475
2026-05-09,10:42:00,,1473
2026-05-09,10:45:00,,1474
2026-05-09,10:48:00,,1474
2026-05-09,10:51:00,,1475
2026-05-09,10:54:00,,1475
2026-05-09,10:57:00,,1475
2026-05-09,11:00:00,,1475
2026-05-09,11:03:00,,1473
2026-05-09,11:06:00,,1474
2026-05-09,11:09:00,,1474
2026-05-09,11:12:00,,1474
2026-05-09,11:15:00,,1473
2026-05-09,11:18:00,,1474
2026-05-09,11:21:00,,1474
2026-05-09,11:24:00,,1474
2026-05-09,11:27:00,,1474
2026-05-09,11:30:00,,1474
2026-05-09,11:33:00,,1474
2026-05-09,11:36:00,,1473
2026-05-09,11:39:00,,1473
2026-05-09,11:42:00,,1474
2026-05-09,11:45:00,,1474
2026-05-09,11:48:00,,1474
2026-05-09,11:51:00,,1473
2026-05-09,11:54:00,,1473
2026-05-09,11:57:00,,1474
2026-05-09,12:00:00,,1474
2026-05-09,12:03:00,,1474
2026-05-09,12:06:00,,1473
2026-05-09,12:09:00,,1474
2026-05-09,12:12:00,,1473
2026-05-09,12:15:00,,1473
2026-05-09,12:18:00,,1473
2026-05-09,12:21:00,,1474
2026-05-09,12:24:00,,1474
2026-05-09,12:27:00,,1474
2026-05-09,12:30:00,,1474
2026-05-09,12:33:00,,1474
2026-05-09,12:36:00,,1474
2026-05-09,12:39:00,,1474
2026-05-09,12:42:00,,1473
2026-05-09,12:45:00,,1474
2026-05-09,12:48:00,,1474
2026-05-09,12:51:00,,1473
2026-05-09,12:54:00,,1474
2026-05-09,12:57:00,,1474
2026-05-09,13:00:00,,1473
2026-05-09,13:03:00,,1473
2026-05-09,13:06:00,,1472
2026-05-09,13:09:00,,1473
2026-05-09,13:12:00,,1473
2026-05-09,13:15:00,,1473
2026-05-09,13:18:00,,1472
2026-05-09,13:21:00,,1473
2026-05-09,13:24:00,,1473
2026-05-09,13:27:00,,1473
2026-05-09,13:30:00,,1473
2026-05-09,13:33:00,,1473
2026-05-09,13:36:00,,1472
2026-05-09,13:39:00,,1472
2026-05-09,13:42:00,,1472
2026-05-09,13:45:00,,1473
2026-05-09,13:48:00,,1473
2026-05-09,13:51:00,,1473
2026-05-09,13:54:00,,1473
2026-05-09,13:57:00,,1473
2026-05-09,14:00:00,,1473
2026-05-09,14:03:00,,1473
2026-05-09,14:06:00,,1473
2026-05-09,14:09:00,,1473
2026-05-09,14:12:00,,1473
2026-05-09,14:15:00,,1473
2026-05-09,14:18:00,,1472
2026-05-09,14:21:00,,1472
2026-05-09,14:24:00,,1473
2026-05-09,14:27:00,,1473
2026-05-09,14:30:00,,1472
2026-05-09,14:33:00,,1473
2026-05-09,14:36:00,,1473
2026-05-09,14:39:00,,1473
2026-05-09,14:42:00,,1473
2026-05-09,14:45:00,,1472
2026-05-09,14:48:00,,1473
2026-05-09,14:51:00,,1473
2026-05-09,14:54:00,,1472
2026-05-09,14:57:00,,1473
2026-05-09,15:00:00,,1473
2026-05-09,15:03:00,,1473
2026-05-09,15:06:00,,1472
2026-05-09,15:09:00,,1474
2026-05-09,15:12:00,,1474
2026-05-09,15:15:00,,1473
2026-05-09,15:18:00,,1473
2026-05-09,15:21:00,,1473
2026-05-09,15:24:00,,1473
2026-05-09,15:27:00,,1474
2026-05-09,15:30:00,,1473
2026-05-09,15:33:00,,1474
2026-05-09,15:36:00,,1473
2026-05-09,15:39:00,,1473
2026-05-09,15:42:00,,1473
2026-05-09,15:45:00,,1473
2026-05-09,15:48:00,,1474
2026-05-09,15:51:00,,1473
2026-05-09,15:54:00,,1473
2026-05-09,15:57:00,,1473
2026-05-09,16:00:00,,1474
2026-05-09,16:03:00,,1473
2026-05-09,16:06:00,,1474
2026-05-09,16:09:00,,1474
2026-05-09,16:12:00,,1473
2026-05-09,16:15:00,,1473
2026-05-09,16:18:00,,1472
2026-05-09,16:21:00,,1473
2026-05-09,16:24:00,,1473
2026-05-09,16:27:00,,1474
2026-05-09,16:30:00,,1474
2026-05-09,16:33:00,,1473
2026-05-09,16:36:00,,1473
2026-05-09,16:39:00,,1473
2026-05-09,16:42:00,,1473
2026-05-09,16:45:00,,1473
2026-05-09,16:48:00,,1472
2026-05-09,16:51:00,,1472
2026-05-09,16:54:00,,1473
2026-05-09,16:57:00,,1473
2026-05-09,17:00:00,,1473
2026-05-09,17:03:00,,1473
2026-05-09,17:06:00,,1473
2026-05-09,17:09:00,,1473
2026-05-09,17:12:00,,1472
2026-05-09,17:15:00,,1473
2026-05-09,17:18:00,,1472
2026-05-09,17:21:00,,1472
2026-05-09,17:24:00,,1472
2026-05-09,17:27:00,,1472
2026-05-09,17:30:00,,1472
2026-05-09,17:33:00,,1473
2026-05-09,17:36:00,,1472
2026-05-09,17:39:00,,1473
2026-05-09,17:42:00,,1472
2026-05-09,17:45:00,,1473
2026-05-09,17:48:00,,1473
2026-05-09,17:51:00,,1473
2026-05-09,17:54:00,,1474
2026-05-09,17:57:00,,1473
2026-05-09,18:00:00,,1472
2026-05-09,18:03:00,,1473
2026-05-09,18:06:00,,1473
2026-05-09,18:09:00,,1473
2026-05-09,18:12:00,,1473
2026-05-09,18:15:00,,1474
2026-05-09,18:18:00,,1474
2026-05-09,18:21:00,,1474
2026-05-09,18:24:00,,1473
2026-05-09,18:27:00,,1474
2026-05-09,18:30:00,,1474
2026-05-09,18:33:00,,1473
2026-05-09,18:36:00,,1474
2026-05-09,18:39:00,,1474
2026-05-09,18:42:00,,1473
2026-05-09,18:45:00,,1473
2026-05-09,18:48:00,,1473
2026-05-09,18:51:00,,1473
2026-05-09,18:54:00,,1473
2026-05-09,18:57:00,,1473
2026-05-09,19:00:00,,1473
2026-05-09,19:03:00,,1473
2026-05-09,19:06:00,,1473
2026-05-09,19:09:00,,1473
2026-05-09,19:12:00,,1473
2026-05-09,19:15:00,,1472
2026-05-09,19:18:00,,1472
2026-05-09,19:21:00,,1473
2026-05-09,19:24:00,,1473
2026-05-09,19:27:00,,1472
2026-05-09,19:30:00,,1472
2026-05-09,19:33:00,,1472
2026-05-09,19:36:00,,1472
2026-05-09,19:39:00,,1473
2026-05-09,19:42:00,,1473
2026-05-09,19:45:00,,1473
2026-05-09,19:48:00,,1473
2026-05-09,19:51:00,,1473
2026-05-09,19:54:00,,1473
2026-05-09,19:57:00,,1473
2026-05-09,20:00:00,,1473
2026-05-09,20:03:00,,1473
2026-05-09,20:06:00,,1473
2026-05-09,20:09:00,,1473
2026-05-09,20:12:00,,1472
2026-05-09,20:15:00,,1472
2026-05-09,20:18:00,,1472
2026-05-09,20:21:00,,1473
2026-05-09,20:24:00,,1473
2026-05-09,20:27:00,,1473
2026-05-09,20:30:00,,1472
2026-05-09,20:33:00,,1473
2026-05-09,20:36:00,,1473
2026-05-09,20:39:00,,1474
2026-05-09,20:42:00,,1473
2026-05-09,20:45:00,,1473
2026-05-09,20:48:00,,1473
2026-05-09,20:51:00,,1473
2026-05-09,20:54:00,,1473
2026-05-09,20:57:00,,1474
2026-05-09,21:00:00,,1473
2026-05-09,21:03:00,,1474
2026-05-09,21:06:00,,1474
2026-05-09,21:09:00,,1474
2026-05-09,21:12:00,,1474
2026-05-09,21:15:00,,1474
2026-05-09,21:18:00,,1474
2026-05-09,21:21:00,,1474
2026-05-09,21:24:00,,1474
2026-05-09,21:27:00,,1474
2026-05-09,21:30:00,,1474
2026-05-09,21:33:00,,1475
2026-05-09,21:36:00,,1474
2026-05-09,21:39:00,,1474
2026-05-09,21:42:00,,1475
2026-05-09,21:45:00,,1475
2026-05-09,21:48:00,,1474
2026-05-09,21:51:00,,1475
2026-05-09,21:54:00,,1474
2026-05-09,21:57:00,,1474
2026-05-09,22:00:00,,1474
2026-05-09,22:03:00,,1475
2026-05-09,22:06:00,,1475
2026-05-09,22:09:00,,1474
2026-05-09,22:12:00,,1474
2026-05-09,22:15:00,,1475
2026-05-09,22:18:00,,1475
2026-05-09,22:21:00,,1475
2026-05-09,22:24:00,,1475
2026-05-09,22:27:00,,1475
2026-05-09,22:30:00,,1474
2026-05-09,22:33:00,,1474
2026-05-09,22:36:00,,1475
2026-05-09,22:39:00,,1475
2026-05-09,22:42:00,,1474
2026-05-09,22:45:00,,1475
2026-05-09,22:48:00,,1475
2026-05-09,22:51:00,,1475
2026-05-09,22:54:00,,1475
2026-05-09,22:57:00,,1475
2026-05-09,23:00:00,,1475
2026-05-09,23:03:00,,1475
2026-05-09,23:06:00,,1475
2026-05-09,23:09:00,,1474
2026-05-09,23:12:00,,1474
2026-05-09,23:15:00,,1475
2026-05-09,23:18:00,,1475
2026-05-09,23:21:00,,1475
2026-05-09,23:24:00,,1474
2026-05-09,23:27:00,,1474
2026-05-09,23:30:00,,1474
2026-05-09,23:33:00,,1475
2026-05-09,23:36:00,,1475
2026-05-09,23:39:00,,1475
2026-05-09,23:42:00,,1475
2026-05-09,23:45:00,,1474
2026-05-09,23:48:00,,1474
2026-05-09,23:51:00,,1475
2026-05-09,23:54:00,,1475
2026-05-09,23:57:00,,1475
2026-05-10,0:00:00,,1474
2026-05-10,0:03:00,,1475
2026-05-10,0:06:00,,1475
2026-05-10,0:09:00,,1475
2026-05-10,0:12:00,,1475
2026-05-10,0:15:00,,1475
2026-05-10,0:18:00,,1476
2026-05-10,0:21:00,,1475
2026-05-10,0:24:00,,1475
2026-05-10,0:27:00,,1476
2026-05-10,0:30:00,,1475
2026-05-10,0:33:00,,1475
2026-05-10,0:36:00,,1475
2026-05-10,0:39:00,,1475
2026-05-10,0:42:00,,1475
2026-05-10,0:45:00,,1475
2026-05-10,0:48:00,,1475
2026-05-10,0:51:00,,1475
2026-05-10,0:54:00,,1475
2026-05-10,0:57:00,,1475
2026-05-10,1:00:00,,1475
2026-05-10,1:03:00,,1475
2026-05-10,1:06:00,,1474
2026-05-10,1:09:00,,1475
2026-05-10,1:12:00,,1474
2026-05-10,1:15:00,,1474
2026-05-10,1:18:00,,1475
2026-05-10,1:21:00,,1474
2026-05-10,1:24:00,,1474
2026-05-10,1:27:00,,1475
2026-05-10,1:30:00,,1475
2026-05-10,1:33:00,,1474
2026-05-10,1:36:00,,1474
2026-05-10,1:39:00,,1475
2026-05-10,1:42:00,,1475
2026-05-10,1:45:00,,1474
2026-05-10,1:48:00,,1475
2026-05-10,1:51:00,,1474
2026-05-10,1:54:00,,1475
2026-05-10,1:57:00,,1475
2026-05-10,2:00:00,,1474
2026-05-10,2:03:00,,1474
2026-05-10,2:06:00,,1474
2026-05-10,2:09:00,,1473
2026-05-10,2:12:00,,1473
2026-05-10,2:15:00,,1473
2026-05-10,2:18:00,,1474
2026-05-10,2:21:00,,1474
2026-05-10,2:24:00,,1474
2026-05-10,2:27:00,,1474
2026-05-10,2:30:00,,1473
2026-05-10,2:33:00,,1473
2026-05-10,2:36:00,,1474
2026-05-10,2:39:00,,1473
2026-05-10,2:42:00,,1473
2026-05-10,2:45:00,,1474
2026-05-10,2:48:00,,1473
2026-05-10,2:51:00,,1474
2026-05-10,2:54:00,,1473
2026-05-10,2:57:00,,1474
2026-05-10,3:00:00,,1474
2026-05-10,3:03:00,,1473
2026-05-10,3:06:00,,1473
2026-05-10,3:09:00,,1473
2026-05-10,3:12:00,,1473
2026-05-10,3:15:00,,1473
2026-05-10,3:18:00,,1473
2026-05-10,3:21:00,,1473
2026-05-10,3:24:00,,1473
2026-05-10,3:27:00,,1473
2026-05-10,3:30:00,,1473
2026-05-10,3:33:00,,1473
2026-05-10,3:36:00,,1473
2026-05-10,3:39:00,,1473
2026-05-10,3:42:00,,1474
2026-05-10,3:45:00,,1474
2026-05-10,3:48:00,,1473
2026-05-10,3:51:00,,1473
2026-05-10,3:54:00,,1474
2026-05-10,3:57:00,,1474
2026-05-10,4:00:00,,1473
2026-05-10,4:03:00,,1474
2026-05-10,4:06:00,,1473
2026-05-10,4:09:00,,1473
2026-05-10,4:12:00,,1473
2026-05-10,4:15:00,,1473
2026-05-10,4:18:00,,1473
2026-05-10,4:21:00,,1472
2026-05-10,4:24:00,,1472
2026-05-10,4:27:00,,1473
2026-05-10,4:30:00,,1473
2026-05-10,4:33:00,,1473
2026-05-10,4:36:00,,1473
2026-05-10,4:39:00,,1473
2026-05-10,4:42:00,,1473
2026-05-10,4:45:00,,1472
2026-05-10,4:48:00,,1472
2026-05-10,4:51:00,,1474
2026-05-10,4:54:00,,1473
2026-05-10,4:57:00,,1473
2026-05-10,5:00:00,,1472
2026-05-10,5:03:00,,1473
2026-05-10,5:06:00,,1473
2026-05-10,5:09:00,,1473
2026-05-10,5:12:00,,1473
2026-05-10,5:15:00,,1473
2026-05-10,5:18:00,,1472
2026-05-10,5:21:00,,1473
2026-05-10,5:24:00,,1473
2026-05-10,5:27:00,,1473
2026-05-10,5:30:00,,1473
2026-05-10,5:33:00,,1473
2026-05-10,5:36:00,,1473
2026-05-10,5:39:00,,1473
2026-05-10,5:42:00,,1473
2026-05-10,5:45:00,,1473
2026-05-10,5:48:00,,1472
2026-05-10,5:51:00,,1472
2026-05-10,5:54:00,,1473
2026-05-10,5:57:00,,1473
2026-05-10,6:00:00,,1473
2026-05-10,6:03:00,,1473
2026-05-10,6:06:00,,1472
2026-05-10,6:09:00,,1473
2026-05-10,6:12:00,,1473
2026-05-10,6:15:00,,1474
2026-05-10,6:18:00,,1474
2026-05-10,6:21:00,,1473
2026-05-10,6:24:00,,1473
2026-05-10,6:27:00,,1473
2026-05-10,6:30:00,,1472
2026-05-10,6:33:00,,1472
2026-05-10,6:36:00,,1472
2026-05-10,6:39:00,,1472
2026-05-10,6:42:00,,1472
2026-05-10,6:45:00,,1472
2026-05-10,6:48:00,,1473
2026-05-10,6:51:00,,1473
2026-05-10,6:54:00,,1474
2026-05-10,6:57:00,,1473
2026-05-10,7:00:00,,1474
2026-05-10,7:03:00,,1473
2026-05-10,7:06:00,,1473
2026-05-10,7:09:00,,1473
2026-05-10,7:12:00,,1473
2026-05-10,7:15:00,,1473
2026-05-10,7:18:00,,1472
2026-05-10,7:21:00,,1472
2026-05-10,7:24:00,,1473
2026-05-10,7:27:00,,1473
2026-05-10,7:30:00,,1474
2026-05-10,7:33:00,,1474
2026-05-10,7:36:00,,1474
2026-05-10,7:39:00,,1473
2026-05-10,7:42:00,,1473
2026-05-10,7:45:00,,1473
2026-05-10,7:48:00,,1473
2026-05-10,7:51:00,,1473
2026-05-10,7:54:00,,1474
2026-05-10,7:57:00,,1474
2026-05-10,8:00:00,,1473
2026-05-10,8:03:00,,1474
2026-05-10,8:06:00,,1474
2026-05-10,8:09:00,,1474
2026-05-10,8:12:00,,1474
2026-05-10,8:15:00,,1474
2026-05-10,8:18:00,,1473
2026-05-10,8:21:00,,1474
2026-05-10,8:24:00,,1474
2026-05-10,8:27:00,,1474
2026-05-10,8:30:00,,1474
2026-05-10,8:33:00,,1474
2026-05-10,8:36:00,,1474
2026-05-10,8:39:00,,1474
2026-05-10,8:42:00,,1474
2026-05-10,8:45:00,,1474
2026-05-10,8:48:00,,1474
2026-05-10,8:51:00,,1474
2026-05-10,8:54:00,,1473
2026-05-10,8:57:00,,1473
2026-05-10,9:00:00,,1474
2026-05-10,9:03:00,,1475
2026-05-10,9:06:00,,1475
2026-05-10,9:09:00,,1474
2026-05-10,9:12:00,,1475
2026-05-10,9:15:00,,1474
2026-05-10,9:18:00,,1475
2026-05-10,9:21:00,,1475
2026-05-10,9:24:00,,1474
2026-05-10,9:27:00,,1475
2026-05-10,9:30:00,,1474
2026-05-10,9:33:00,,1474
2026-05-10,9:36:00,,1475
2026-05-10,9:39:00,,1475
2026-05-10,9:42:00,,1475
2026-05-10,9:45:00,,1475
2026-05-10,9:48:00,,1475
2026-05-10,9:51:00,,1475
2026-05-10,9:54:00,,1475
2026-05-10,9:57:00,,1475
2026-05-10,10:00:00,,1475
2026-05-10,10:03:00,,1475
2026-05-10,10:06:00,,1476
2026-05-10,10:09:00,,1475
2026-05-10,10:12:00,,1475
2026-05-10,10:15:00,,1475
2026-05-10,10:18:00,,1476
2026-05-10,10:21:00,,1476
2026-05-10,10:24:00,,1476
2026-05-10,10:27:00,,1476
2026-05-10,10:30:00,,1476
2026-05-10,10:33:00,,1475
2026-05-10,10:36:00,,1475
2026-05-10,10:39:00,,1476
2026-05-10,10:42:00,,1475
2026-05-10,10:45:00,,1475
2026-05-10,10:48:00,,1475
2026-05-10,10:51:00,,1475
2026-05-10,10:54:00,,1475
2026-05-10,10:57:00,,1475
2026-05-10,11:00:00,,1475
2026-05-10,11:03:00,,1474
2026-05-10,11:06:00,,1474
2026-05-10,11:09:00,,1474
2026-05-10,11:12:00,,1475
2026-05-10,11:15:00,,1474
2026-05-10,11:18:00,,1474
2026-05-10,11:21:00,,1474
2026-05-10,11:24:00,,1475
2026-05-10,11:27:00,,1474
2026-05-10,11:30:00,,1473
2026-05-10,11:33:00,,1474
2026-05-10,11:36:00,,1474
2026-05-10,11:39:00,,1474
2026-05-10,11:42:00,,1474
2026-05-10,11:45:00,,1473
2026-05-10,11:48:00,,1474
2026-05-10,11:51:00,,1474
2026-05-10,11:54:00,,1473
2026-05-10,11:57:00,,1474
2026-05-10,12:00:00,,1474
2026-05-10,12:03:00,,1474
2026-05-10,12:06:00,,1474
2026-05-10,12:09:00,,1474
